ID,Last_Season,target,predicted_label,Diff,min_label,mean_label,max_label,Seasons,ContestedTile,Value,TotalNonSepSeasons,NonSepPercent,Slot_rate,best_Slot_rate,worst_Slot_rate,RR,TPRR,YPRR,TDPRR,ADOT,YAC,best_RR,best_TPRR,best_YPRR,best_TDPRR,best_ADOT,best_YAC,worst_RR,worst_TPRR,worst_YPRR,worst_TDPRR,worst_ADOT,worst_YAC,Strength_Power 5,Filter_NonSeparator,Filter_Solid,Filter_Gadget,ht_in,wt,arm_in,wing_in,c_reps,c_10y,c_40y,c_vj_in,c_bj_in,c_3c,c_ss20,est_40y,WAR,athleticism_score
Michael Thomas - 10681,2015,96.98,99.54,2.56,75.98,95.68,112.05,2,100.0,68.77,0.0,0.0,0.095658439920735,0.190480012843153,0.056349333761438435,0.8879481174563142,0.9041614123581336,0.9519005584579355,0.9682940010808864,0.37308593046297966,0.7742749054224464,0.8145769786482582,0.8882645689516776,0.9366672017980414,0.9526408733344036,0.456895167763686,0.8685984909295232,0.7872050088296677,0.8385776208059078,0.9108203563974956,0.9422058115267298,0.3033392197784556,0.5297800610049768,1,0,1,0,74.75,212.0,32.125,78.25,18.0,1.53,4.57,35.0,126.0,6.8,4.13,4.466,0.9606096300888614,73.97
Justin Jefferson - 61398,2019,100.0,98.56,-1.44,80.58,94.97,109.0,2,41.48,80.51,1.0,0.5,0.6935687263556116,0.9580992133568791,0.5015251244180446,0.9924337957124842,0.8094037110430553,0.9454152404972077,0.9484777517564403,0.5707079805440461,0.6710502612141956,0.9981537967571039,0.8074329747953123,0.9254294429282389,0.9528816824530422,0.7802215443891475,0.7639267940279338,0.8741371006582116,0.7435382886498635,0.9076095681489805,0.7965965644565741,0.3033392197784556,0.49783271793225237,1,0,1,0,73.25,202.0,33.0,78.0,12.6,1.54,4.43,37.5,126.0,7.19,4.326,4.5,0.9800351312254598,76.13
CeeDee Lamb - 61570,2019,97.28,97.62,0.34,64.12,93.04,106.75,3,41.47,97.12,0.0,0.0,0.4195640425148622,0.565018462032429,0.28319152351902394,0.9546027742749055,0.7724734282111332,0.978021978021978,0.967032967032967,0.6766348405692668,0.9495586380832283,0.9302456253010114,0.8753411462514047,0.9912506020227966,0.9842671375822765,0.6753893080751324,0.9727885695938353,0.851982661743458,0.5214320115588377,0.8604109808958099,0.8396211269866752,0.6277091025846845,0.8543104832236315,1,0,1,0,73.625,198.0,32.25,76.625,11.0,1.46,4.5,34.5,124.0,7.0600000000000005,4.388000000000001,4.45,0.9907811531308122,74.07
DK Metcalf - 47864,2018,97.57,97.44,-0.13,68.09,90.01,97.55,2,23.35,59.02,2.0,1.0,0.02107728337236534,0.03226842189757585,0.0,0.733381372725635,0.4424428030985408,0.650333273284093,0.9052422986849217,0.775716087191497,0.5998919113673212,0.9658051051533152,0.6371006582115909,0.9456574088938835,0.9987959544068069,0.7874458179483063,0.9528816824530422,0.05032910579547279,0.11847808637020389,0.08869802536522717,0.7668967731578102,0.6846203242896131,0.0026489003050248834,1,1,0,0,75.375,228.0,34.875,82.875,27.0,1.45,4.33,40.5,134.0,7.38,4.5,4.470000000000001,0.48695804918371566,94.23
AJ Brown - 48327,2018,97.84,94.32,-3.52,90.09,93.65,96.77,3,61.21,82.32,0.0,0.0,0.660241397946316,0.9490287365548242,0.13934820998555145,0.934606377229328,0.8715546748333634,0.9661322284273104,0.8659700954782922,0.43775896234912626,0.8784002882363539,0.9632364745545031,0.8751806068389789,0.9686948145769787,0.9348209985551453,0.5258468454005458,0.923422700272917,0.591989083319955,0.7389629153957297,0.8385776208059078,0.6149462192968373,0.3033392197784556,0.7129555305827581,1,0,1,0,72.5,226.0,32.875,78.0,19.0,1.56,4.49,36.5,120.0,7.036,4.215999999999999,4.49,0.9672225666460013,77.76
Garrett Wilson - 97405,2021,84.9,83.66,-1.24,39.84,68.97,90.64,3,39.11,84.58,1.0,0.33,0.5501711403350747,0.7188954888425109,0.24747150425429443,0.8367861646550171,0.8641686182669789,0.9547829219960368,0.9616285353990272,0.6333993874977482,0.5687263556116016,0.884170813934821,0.9279980735270509,0.961390271311607,0.9660459142719537,0.6941724193289452,0.7129555305827581,0.6554824209343394,0.5258468454005458,0.7660138063894686,0.8853748595280141,0.5158131321239364,0.4461390271311607,1,0,1,0,71.75,183.0,32.0,76.5,15.2,1.49,4.38,36.0,123.0,7.056,4.36,4.42,0.945523868567886,80.45
Tee Higgins - 61211,2019,89.25,83.03,-6.22,64.04,77.83,90.8,3,13.89,97.06,3.0,1.0,0.340839488380472,0.47254776047519664,0.23109648418686787,0.7785984507295983,0.9589263195820573,0.9888308412898577,0.9855881823094937,0.8749774815348585,0.7913889389299226,0.8307914593032589,0.9855514528816824,0.9867554984748755,0.9820195858083159,0.8650666238561567,0.8685984909295232,0.3585647776529138,0.8984588216407128,0.9564938192326216,0.8671536362176915,0.8305506501846204,0.6596564456574089,1,1,0,0,75.625,216.0,34.125,81.0,16.2,1.564,4.618,34.9,123.0,7.178,4.4399999999999995,4.47,0.9666026038437694,62.67
DeVonta Smith - 61100,2020,90.01,82.98,-7.03,68.61,81.56,96.98,3,46.95,96.78,0.0,0.0,0.39056025941271844,0.5987317386418366,0.09568148980574731,0.9124482075301747,0.8245361196180868,0.9628895694469465,0.9830661142136552,0.6287155467483336,0.9281210592686002,0.9548081554021512,0.9806550008026971,0.9953443570396532,0.9955851661582918,0.9298442767699471,0.9752769304864344,0.5772997270829989,0.041900786643120885,0.2352705089099374,0.781826938513405,0.2939476641515492,0.6596564456574089,1,0,1,0,72.25,170.0,31.125,78.25,15.4,1.5299999999999998,4.454,35.5,123.6,6.974000000000001,4.362,4.4,0.9643294069022526,71.76
Diontae Johnson - 33441,2018,84.25,80.48,-3.77,47.62,71.74,92.15,3,76.57,70.91,0.0,0.0,0.457395063952441,0.567587092631241,0.35222347086209665,0.8130066654656819,0.9428931724013692,0.9650513421005225,0.9711763646189876,0.7586020536840209,0.8490362096919474,0.8741371006582116,0.9450152512441804,0.9861936105313854,0.9753572001926473,0.8602504414833841,0.9128270990528174,0.3754214159576176,0.8676352544549687,0.8641836570878151,0.9011077219457376,0.5783432332637662,0.49783271793225237,0,0,1,0,70.5,183.0,30.75,74.5,15.0,1.53,4.53,33.5,123.0,7.09,4.45,4.432,0.9052262864228147,57.78
Drake London - 86519,2021,84.62,79.02,-5.6,66.6,78.27,90.61,3,30.43,90.56,1.0,0.33,0.7258151684381192,0.9490287365548242,0.3562369561727404,0.9016393442622951,0.7985948477751756,0.9124482075301747,0.8095838587641866,0.3593947036569987,0.6982525671050261,0.8694814576978648,0.9943008508588859,0.9814576978648258,0.8832878471664793,0.5570717611173543,0.7309359447744421,0.7605554663669931,0.30968052656927275,0.6366993096805266,0.6224915716808477,0.2591908813613742,0.5992936265853267,1,0,1,0,75.875,219.0,33.0,77.75,16.4,1.5379999999999998,4.542,36.2,124.2,7.081999999999999,4.16,4.49,0.9103926431080802,74.92
Chris Godwin - 11839,2016,83.24,78.5,-4.74,46.82,68.51,86.57,3,100.0,60.6,0.0,0.0,0.3318321023239056,0.5499277572644085,0.04567346283512602,0.9672131147540983,0.7321203386777158,0.8355251306070978,0.8007566204287516,0.5966492523869573,0.7319401909565844,0.9597046074811366,0.8888264568951678,0.9133889869963076,0.918285439075293,0.8421094878792743,0.8543104832236315,0.7798201958580832,0.24867554984748755,0.3908331995504896,0.4928559961470541,0.38818429924546477,0.4799325734467812,1,0,1,0,73.0,209.0,31.63,76.5,19.0,1.49,4.42,36.0,126.0,7.01,4.0,4.444,0.9318846869187849,93.41
Jaylen Waddle - 84088,2020,84.01,78.16,-5.85,68.97,80.79,92.14,3,61.8,98.9,1.0,0.33,0.7728337236533958,0.8221223310322684,0.6992294108203564,0.6404251486218699,0.8108448928121059,0.9915330571068276,0.9695550351288056,0.3266078184110971,0.9738785804359574,0.6895970460748113,0.837774923743779,0.9951838176272275,0.9569754374698989,0.5258468454005458,0.9835447102263606,0.47447423342430567,0.657007545352384,0.9569754374698989,0.9448547118317547,0.08484507946700916,0.8911542783753411,1,0,1,0,69.5,180.0,30.375,74.625,14.2,1.516,4.401999999999999,37.2,129.6,6.944,4.238,4.2,0.9046063236205828,83.55
Stefon Diggs - 9579,2014,84.11,77.63,-6.48,57.85,73.1,88.09,1,100.0,66.45,1.0,1.0,0.799315438659701,0.7555787445817949,0.7555787445817949,0.9497387858043596,0.9295622410376508,0.8935326968113854,0.7549990992613943,0.13817330210772832,0.935146820392722,0.8868197142398458,0.8977363942847969,0.8517418526248194,0.7192165676673623,0.15146893562369562,0.9070476802054904,0.8868197142398458,0.8977363942847969,0.8517418526248194,0.7192165676673623,0.15146893562369562,0.9070476802054904,1,0,0,1,72.0,195.0,31.25,75.75,11.2,1.53,4.46,35.0,115.0,7.03,4.32,4.418000000000001,0.9715623062616243,67.42
Puka Nacua - 100632,2022,88.15,74.95,-13.2,55.06,69.61,80.32,2,31.15,97.0,1.0,0.5,0.37614844172221223,0.5976079627548563,0.0,0.46424067735543145,0.9724373986669068,0.990091875337777,0.9574851378130067,0.6303368762385155,0.9070437758962349,0.6826938513405041,0.9923743779097769,0.9956654358645047,0.9947021993899502,0.8958901910419008,0.9578584042382405,0.13059881200834805,0.6221704928559961,0.9191684058436346,0.7937871247391235,0.07288489324129074,0.7309359447744421,1,0,1,0,73.625,201.0,31.5,74.875,15.0,1.548,4.529999999999999,33.3,117.4,7.056,4.378,4.47,0.7417627609010126,55.53
Michael Pittman - 29049,2019,79.03,74.77,-4.26,62.54,78.15,91.84,3,31.34,90.26,2.0,0.67,0.37578814627994955,0.5091507465082677,0.28319152351902394,0.8627274364979283,0.7641866330390921,0.9030805260313457,0.8236353810124302,0.604755899837867,0.735002702215817,0.9959062449831434,0.8787124739123455,0.9359447744421255,0.8474072884893241,0.9207737999678921,0.8042221865467972,0.07906566061968213,0.34299245464761596,0.7038850537807032,0.0,0.21239364263926794,0.5297800610049768,1,1,0,0,76.0,223.0,32.5,79.25,13.0,1.51,4.52,36.5,121.0,6.96,4.14,4.52,0.8748481091134532,80.5
Rashee Rice - 97605,2022,75.32,74.08,-1.24,46.73,66.24,81.3,4,34.79,90.46,3.0,0.75,0.5359394703656999,0.8624979932573447,0.1638304703804784,0.9299225364799135,0.9097459917132048,0.8953341740226987,0.8677715726896055,0.2554494685642227,0.8951540263015673,0.9671696901589341,0.9854711831754696,0.96203242896131,0.9294429282388826,0.47607962754856314,0.9780061004976722,0.6436025044148338,0.5319473430727244,0.7346283512602344,0.4233424305667041,0.15146893562369562,0.7004334564135495,0,1,0,0,72.625,204.0,32.75,77.375,12.6,1.49,4.51,41.0,128.0,7.142,4.2780000000000005,4.5,0.938910932010746,83.12
Gabriel Davis - 55410,2019,81.53,73.96,-7.57,41.94,63.42,75.95,3,30.69,67.68,1.0,0.33,0.22698612862547288,0.38617755659014286,0.1787606357360732,0.946676274545127,0.8483156188074221,0.8863267879661322,0.915330571068276,0.7816609619888308,0.4770311655557557,0.9532830309841066,0.9524803339219778,0.9550489645207898,0.936988280622893,0.8884251083641034,0.6596564456574089,0.7275646171135014,0.3497351099694975,0.5716808476480976,0.7553379354631562,0.48458821640712796,0.27861615026489,1,0,1,0,74.0,216.0,32.25,77.5,14.0,1.56,4.54,35.0,124.0,7.08,4.59,4.52,0.8407501549907006,67.36
JuJu SmithSchuster - 11817,2016,84.36,73.86,-10.5,59.88,70.67,82.61,3,100.0,65.02,0.0,0.0,0.35921455593586743,0.42872050088296676,0.3706855032910579,0.9816249324446046,0.882363538101243,0.9326247522968835,0.8892091515042335,0.6088992974238876,0.7573410196361016,0.9586611013003692,0.956895167763686,0.9777652913790336,0.8911542783753411,0.7021993899502328,0.7941884732701878,0.9275164552897737,0.6123775886980254,0.7229089741531546,0.6842189757585487,0.47607962754856314,0.6444052014769626,1,0,1,0,73.38,215.0,32.88,77.75,15.0,1.55,4.54,32.5,120.0,6.967999999999999,4.196,4.4959999999999996,0.979415168423228,64.83
Calvin Ridley - 48262,2017,81.03,72.58,-8.45,51.96,67.62,81.35,3,81.21,57.39,0.0,0.0,0.4586560980003603,0.5152512441804463,0.4574570557071761,0.9765807962529274,0.9353269681138534,0.9149702756260133,0.8005764727076202,0.34660421545667447,0.7679697351828499,0.9623535077861615,0.9277572644084122,0.940760956814898,0.7799807352705089,0.5258468454005458,0.7510033713276609,0.8768662706694493,0.8707657729972709,0.6956975437469899,0.7264408412265211,0.2591908813613742,0.6859849092952319,1,0,1,0,72.5,189.0,31.625,75.75,15.0,1.53,4.43,31.0,110.0,6.88,4.41,4.412,0.9622628642281463,68.28
Marquise Brown - 61568,2018,84.49,71.9,-12.59,66.71,77.46,92.2,2,59.75,95.7,0.0,0.0,0.40785444064132587,0.5102745223952481,0.35222347086209665,0.9248784002882363,0.9423527292379751,0.9920735002702216,0.9491983426409656,0.7324806341199784,0.9686542965231489,0.9046395890191042,0.9202921817306149,0.9881200834804945,0.9247872852785359,0.7648097607962755,0.9699791298763847,0.7783753411462514,0.9088938834483866,0.983223631401509,0.9023920372451437,0.6277091025846845,0.9166800449510355,1,0,1,0,69.375,166.0,30.5,71.75,13.4,1.522,4.394000000000001,37.0,127.6,6.9300000000000015,4.2540000000000004,4.34,0.9928476958049184,77.49
Khalil Shakir - 84140,2021,59.64,71.31,11.67,44.04,62.76,75.45,4,49.47,79.2,1.0,0.25,0.6719509998198523,0.7326216086049125,0.5783432332637662,0.8083228247162674,0.9641506034948658,0.9594667627454513,0.8794811745631418,0.27490542244640603,0.7742749054224464,0.9321720982501204,0.9804944613902713,0.9703002087012361,0.9247872852785359,0.4276769947021994,0.7853588055867715,0.3189918124899663,0.8572804623535077,0.8109648418686788,0.6720982501204046,0.12345480815540215,0.7129555305827581,0,0,1,0,71.875,196.0,29.0,70.375,16.6,1.49,4.43,34.5,124.0,7.28,4.21,4.42,0.977761934283943,75.78
Deebo Samuel - 48274,2018,75.7,70.95,-4.75,51.26,67.56,76.67,4,61.82,76.8,1.0,0.25,0.36407854440641324,0.4743136940118799,0.33560764167603147,0.7132048279589264,0.902720230589083,0.9221761844712665,0.8661502431994236,0.34966672671590704,0.9389299225364799,0.8902713116069996,0.8988601701717772,0.9378712473912345,0.9612297318991813,0.5570717611173543,0.9472628030181409,0.3407449028736555,0.7945898218012523,0.7114304061647134,0.38569593835286564,0.21239364263926794,0.8384973510996949,1,0,1,0,71.25,214.0,31.375,75.125,15.0,1.48,4.48,39.0,122.0,7.03,4.14,4.4719999999999995,0.8492229799545361,84.34
Brian Thomas - 146760,2023,100.0,70.24,-29.76,52.46,68.75,86.89,3,27.29,66.12,2.0,0.67,0.3022878760583679,0.36779579386739447,0.27018783111253813,0.9513601152945416,0.499729778418303,0.827958926319582,0.9643307512159971,0.6099801837506755,0.6350207169879301,0.9735109969497512,0.5349975919088136,0.9211751484989565,0.975517739605073,0.7358323968534275,0.6718574410017659,0.7260394926954568,0.3305506501846203,0.4836249799325735,0.5211912024401991,0.3476480976079628,0.49783271793225237,1,1,0,0,74.875,209.0,32.75,79.625,11.0,1.5,4.33,38.5,126.0,6.858,4.194,4.48,0.7198574085554866,96.37
Corey Davis - 11760,2016,71.31,69.67,-1.64,55.95,69.01,82.08,3,100.0,86.86,0.0,0.0,0.4721671770852099,0.5531385455129234,0.46893562369561725,0.9769410916951901,0.9812646370023419,0.9911727616645649,0.9863087731940191,0.5089173121960007,0.9292019455953883,0.9556911221704929,0.9742334243056671,0.988441162305346,0.9876384652432172,0.5783432332637662,0.9300048161823727,0.9055225557874458,0.9579386739444533,0.9803339219778455,0.9414833841708139,0.4379515170974474,0.8384973510996949,0,0,1,0,74.75,209.0,33.0,77.25,13.4,1.56,4.458,35.5,123.8,6.840000000000001,4.164,4.48,1.0077268030584832,77.11
Andy Isabella - 47448,2018,16.61,69.5,52.89,54.57,67.03,76.38,3,63.01,72.04,0.0,0.0,0.6231309673932625,0.6862257184138706,0.5903836891956975,0.9870293640785444,0.9129886506935687,0.9600072059088453,0.9264997297784183,0.6088992974238876,0.7946315979102865,0.9872371167121529,0.9864344196500241,0.992936265853267,0.9564938192326216,0.6183175469577782,0.8452400064215765,0.9446139027131161,0.6698506983464441,0.738722106277091,0.7825493658693209,0.5681489805747311,0.4799325734467812,0,0,1,0,68.75,188.0,29.75,71.5,15.0,1.45,4.31,36.5,121.0,6.95,4.15,4.386,0.9566831990080595,86.81
Malik Nabers - 146759,2023,93.88,67.89,-25.99,52.36,66.51,80.45,3,29.11,91.57,1.0,0.33,0.7049180327868853,0.9020709584202922,0.6108524642799807,0.9504593766888849,0.8926319582057287,0.9569446946496127,0.8832642767068997,0.5725094577553594,0.8537200504413619,0.960748113661904,0.9412425750521753,0.9849895649381923,0.9602664954246267,0.5783432332637662,0.9128270990528174,0.6578102424145128,0.662867233905924,0.7569433295874137,0.5024080911863863,0.536041098089581,0.6859849092952319,1,0,1,0,71.75,200.0,31.375,76.125,14.8,1.5,4.444,37.6,128.6,7.029999999999999,4.2700000000000005,4.46,0.9860281049803679,87.59
Christian Watson - 66581,2021,75.76,67.31,-8.45,48.14,65.45,72.99,3,32.19,65.9,2.0,0.67,0.3455233291298865,0.5829988762241131,0.0,0.6285353990272023,0.8596649252386958,0.9672131147540983,0.8762385155827779,0.8785804359574851,0.914790127904882,0.7260394926954568,0.978086370203885,0.9947824690961631,0.976159897254776,0.9406004174024724,0.9625140471985872,0.4373093594477444,0.14873976561245786,0.48860170171777173,0.0,0.7113501364585005,0.5143682774121047,0,1,0,0,76.125,208.0,32.5,77.625,14.4,1.46,4.36,38.5,136.0,6.953999999999999,4.138,4.47,0.6584810911345319,99.0
Marvin Harrison - 145056,2023,90.25,65.1,-25.15,56.66,71.19,94.87,2,13.73,95.69,2.0,1.0,0.37975139614483877,0.46965805105153313,0.324289613100016,0.8985768330030625,0.9585660241397946,0.9648711943793911,0.9839668528193118,0.6443883984867591,0.6116015132408575,0.9340985711992295,0.9698988601701718,0.9785679884411623,0.9798523037405683,0.7648097607962755,0.7639267940279338,0.45472788569593836,0.150585968855354,0.34564135495264087,0.8921977845561085,0.3476480976079628,0.2956333279820196,1,1,0,0,75.25,209.0,31.875,77.25,17.8,1.54,4.552,38.3,126.2,7.095999999999999,4.34,4.44,0.9847881793759041,76.67
Jayden Reed - 78171,2022,80.35,64.2,-16.15,46.66,59.55,70.55,4,24.9,82.28,2.0,0.5,0.6568185912448208,0.9580992133568791,0.41868678760635736,0.9250585480093677,0.8569627094217258,0.8674112772473428,0.8852459016393442,0.4925238695730499,0.7279769410916952,0.9207737999678921,0.8692406485792262,0.9286402311767539,0.9194894846684861,0.6753893080751324,0.8452400064215765,0.7103066302777332,0.6414352223470862,0.6300369240648579,0.6648739765612458,0.3476480976079628,0.391234548081554,1,0,1,0,70.875,187.0,30.5,73.125,13.6,1.57,4.45,33.5,121.0,7.098000000000001,4.29,4.42,0.8928270303781773,65.36
Mike Williams - 11762,2016,65.79,63.92,-1.87,54.25,64.59,73.89,2,100.0,67.07,0.0,0.0,0.08016573590344082,0.16928881040295393,0.04567346283512602,0.980183750675554,0.945595388218339,0.9717168077823816,0.8989371284453251,0.8119257791388939,0.7014952260853901,0.952961952159255,0.9828222828704447,0.976159897254776,0.9273559158773479,0.8746989886017017,0.8543104832236315,0.9423663509391556,0.7044469417241933,0.8965323486916038,0.7253973350457538,0.6277091025846845,0.391234548081554,1,0,1,0,75.63,218.0,33.38,79.88,15.0,1.562,4.55,32.5,121.0,6.934,4.184,4.4959999999999996,0.9806550940276917,66.55
Christian Kirk - 47546,2017,67.1,63.39,-3.71,45.7,61.38,74.93,3,78.41,64.91,0.0,0.0,0.9205548549810845,0.9419650024080912,0.8685182212233103,0.9864889209151504,0.9394703656998739,0.8809223563321924,0.8848856061970816,0.29255989911727615,0.829580255809764,0.9801733825654199,0.912506020227966,0.8641836570878151,0.908653074329748,0.37943490126826135,0.8911542783753411,0.9372290897415315,0.9109808958099214,0.7975598009311285,0.7440199068871408,0.2591908813613742,0.6318831273077541,1,0,1,0,70.375,201.0,30.375,72.875,20.0,1.5,4.47,35.5,115.0,7.09,4.45,4.45,0.9616429014259145,70.32
Jerry Jeudy - 61103,2019,73.12,63.34,-9.78,38.48,61.03,78.11,3,49.09,88.61,1.0,0.33,0.7431093496667267,0.7994060041740247,0.6673623374538449,0.9019996397045578,0.8747973338137273,0.9580255809764007,0.9600072059088453,0.6842010448567826,0.8384074941451991,0.9332958741371007,0.9545673462835126,0.9744742334243056,0.9688553539894044,0.7508428319152352,0.8804784074490287,0.5794670091507466,0.20781826938513406,0.5371648739765612,0.6262642478728527,0.46741049927757267,0.613260555466367,1,0,1,0,73.0,193.0,32.125,76.0,14.8,1.48,4.45,35.0,120.0,7.056,4.53,4.46,0.9810684025625129,75.67
Anthony Miller - 48160,2017,40.31,62.91,22.6,53.82,67.85,81.65,3,81.85,84.63,0.0,0.0,0.5233291298865069,0.5996147054101783,0.48651468935623693,0.9574851378130067,0.9805440461178166,0.9830661142136552,0.9787425689065034,0.4392001441181769,0.8722752657178887,0.9703002087012361,0.9863541499438112,0.980093112859207,0.9850698346444052,0.5681489805747311,0.9166800449510355,0.6851019425268904,0.9198908331995505,0.9569754374698989,0.8628993417884091,0.23599293626585327,0.6718574410017659,0,0,1,0,71.125,201.0,31.625,75.5,22.0,1.514,4.478,37.5,125.6,6.936,4.287999999999999,4.458,0.9973940896879521,75.85
Josh Downs - 122832,2022,72.57,62.87,-9.7,47.65,59.13,70.8,2,57.67,90.71,0.0,0.0,0.8425508917312196,0.898298282228287,0.7621608604912506,0.9275806161052063,0.9279409115474689,0.949918933525491,0.9192938209331651,0.38983966852819313,0.6710502612141956,0.9841065981698507,0.948547118317547,0.9513565580349976,0.9983946058757425,0.7184941403114464,0.8609728688393,0.14641194413228448,0.8025365227163268,0.8331192807834323,0.7858404238240488,0.22732380799486274,0.391234548081554,1,0,0,1,68.75,171.0,30.375,73.375,14.0,1.49,4.48,38.5,131.0,6.872,4.216,4.47,0.987061376317421,68.36
Amari Cooper - 9437,2014,86.82,62.79,-24.03,57.65,65.29,73.18,1,100.0,89.58,0.0,0.0,0.4327148261574491,0.47182533311928077,0.47182533311928077,0.9850477391460998,0.9969374887407674,0.9951360115294542,0.9843271482615745,0.33939830661142134,0.8657899477571609,0.9623535077861615,0.9963075935142077,0.9912506020227966,0.9732701878311125,0.3476480976079628,0.8323968534275165,0.9623535077861615,0.9963075935142077,0.9912506020227966,0.9732701878311125,0.3476480976079628,0.8323968534275165,1,0,1,0,72.875,211.0,31.5,76.25,13.4,1.61,4.42,33.0,120.0,6.71,3.98,4.458,1.0095866914651788,79.32
Xavier Worthy - 144718,2023,82.97,61.4,-21.57,47.66,57.89,67.34,3,55.73,80.24,0.0,0.0,0.5325166636642047,0.6110130036924065,0.5002408091186387,0.9810844892812106,0.9196541163754278,0.8890290037831021,0.8895694469464961,0.7571608719149703,0.8722752657178887,0.982581473751806,0.9201316423181891,0.9211751484989565,0.9569754374698989,0.923422700272917,0.9166800449510355,0.911863862578263,0.8328784716647937,0.742013164231819,0.6133408251725798,0.38818429924546477,0.6444052014769626,1,0,1,0,71.25,165.0,31.125,74.25,13.2,1.49,4.21,41.0,131.0,6.922,4.244,4.34,0.9475904112419922,88.94
Parris Campbell - 47940,2018,29.72,60.87,31.15,48.86,58.17,64.01,2,64.95,98.93,2.0,1.0,0.6647450909745992,0.8901107721945738,0.38914753572001926,0.6025941271842912,0.9333453431814087,0.7957124842370744,0.9129886506935687,0.23653395784543327,0.7247342821113313,0.8164231818911543,0.9873173864183657,0.980093112859207,0.9786482581473752,0.7113501364585005,0.9861133408251725,0.12401669609889228,0.03981377428158613,0.0016053941242575051,0.0,0.051693690801091666,0.0026489003050248834,1,0,0,1,71.875,205.0,32.25,75.625,11.0,1.45,4.31,40.0,135.0,6.922,4.03,4.4559999999999995,0.623969828476958,99.0
Alec Pierce - 78038,2021,65.22,60.25,-4.97,41.95,54.4,62.3,3,7.75,68.66,3.0,1.0,0.29904521707800397,0.45874137100658213,0.0886177556590143,0.8533597549990992,0.6042154566744731,0.8987569807241939,0.797694109169519,0.9056025941271842,0.38263375968294,0.900947182533312,0.7127949911703323,0.8965323486916038,0.8921977845561085,0.9092149622732381,0.46508267779739926,0.45472788569593836,0.42526890351581315,0.7569433295874137,0.46163108043024564,0.8201958580831594,0.3441965002408091,1,1,0,0,75.125,211.0,33.0,78.5,19.2,1.58,4.41,40.5,129.0,7.13,4.28,4.48,0.6884459599090721,82.25
Romeo Doubs - 84329,2021,68.87,60.16,-8.71,39.98,56.62,78.99,4,32.4,84.83,2.0,0.5,0.23761484417222123,0.4927757264408412,0.04567346283512602,0.9621689785624212,0.799315438659701,0.8960547649072239,0.8376869032606737,0.8139074040713385,0.7614844172221221,0.9866752287686628,0.8485310643763044,0.9521592550971263,0.9145930325895008,0.9092149622732381,0.8209182854390753,0.80374056830952,0.6301171937710708,0.6300369240648579,0.45143682774121047,0.6386257826296355,0.391234548081554,0,0,1,0,73.875,201.0,32.25,77.375,12.2,1.5459999999999998,4.5280000000000005,36.8,121.2,7.164,4.422,4.46,0.9461438313701178,69.07
Michael Gallup - 26075,2017,71.78,59.3,-12.48,51.58,63.72,79.84,2,62.61,95.63,0.0,0.0,0.3210232390560259,0.4016696098892278,0.30903836891956976,0.9591064673031886,0.9938749774815349,0.9933345343181409,0.9619888308412898,0.6524950459376689,0.8693929021797874,0.9695777813453202,0.9934178840905442,0.9949430085085889,0.9918124899662867,0.6846203242896131,0.8746989886017017,0.7892117514849896,0.989645207898539,0.9680526569272756,0.7615187028415475,0.5570717611173543,0.7853588055867715,0,0,1,0,72.75,205.0,31.5,73.625,10.0,1.53,4.51,36.0,122.0,6.95,4.37,4.473999999999999,1.0069001859888407,69.78
Jameson Williams - 101701,2021,61.26,58.53,-2.73,40.49,59.65,77.0,1,69.44,93.92,0.0,0.0,0.3448027382453612,0.5504896452078986,0.1090062610370846,0.7816609619888308,0.5537740947577013,0.8497568005764727,0.9407313997477932,0.864709061430373,0.8537200504413619,0.9898860170171777,0.7675389308075132,0.9651629475036121,0.947182533311928,0.9461390271311607,0.9699791298763847,0.19947021993899502,0.029699791298763847,0.23053459624337774,0.6349333761438433,0.6753893080751324,0.049125060202279656,1,0,1,0,73.5,179.0,32.125,75.875,12.0,1.522,4.41,36.5,125.2,6.918000000000001,4.206,4.25,0.7706943583384998,80.99
Malcolm Mitchell - 10746,2015,48.76,58.48,9.72,47.11,58.8,67.0,2,100.0,57.53,0.0,0.0,0.3482255449468564,0.4812168887461872,0.2453042221865468,0.7753557917492344,0.9594667627454513,0.8677715726896055,0.8184110970996217,0.5170239596469105,0.45775535939470363,0.839781666399101,0.9535238401027453,0.9286402311767539,0.8311125381281105,0.6941724193289452,0.548242093433938,0.5269706212875261,0.9304061647134372,0.6053941242575053,0.7544549686948145,0.3218815219136298,0.3775886980253652,1,0,1,0,71.625,198.0,32.625,78.75,15.0,1.43,4.45,36.0,129.0,6.94,4.34,4.424,0.9308514155817318,87.19
Sterling Shepard - 10674,2015,67.02,58.39,-8.63,45.22,56.95,68.48,2,100.0,84.04,0.0,0.0,0.6087191497027563,0.7082196179161985,0.44541659977524484,0.9446946496126823,0.946676274545127,0.9877499549630697,0.9270401729418123,0.7249144298324626,0.7820212574310935,0.9715042542944293,0.9711831754695778,0.9893241290736876,0.9050409375501686,0.8837694654037567,0.7941884732701878,0.7167282067747632,0.8708460427034838,0.949831433616953,0.8413870605233584,0.39821801252207417,0.6859849092952319,1,0,1,0,70.25,194.0,30.375,71.625,20.0,1.5,4.48,41.0,123.0,7.0,4.35,4.44,1.0027671006406282,73.08
Tyler Lockett - 9502,2014,69.22,58.18,-11.04,46.77,56.78,69.51,1,100.0,74.04,0.0,0.0,0.3664204647811205,0.407368759030342,0.407368759030342,0.9810844892812106,0.9915330571068276,0.9917132048279589,0.9529814447847235,0.5636822194199244,0.435957485137813,0.949831433616953,0.9853909134692567,0.985230374056831,0.9225397335045754,0.5476802054904479,0.4461390271311607,0.949831433616953,0.9853909134692567,0.985230374056831,0.9225397335045754,0.5476802054904479,0.4461390271311607,1,0,1,0,69.875,182.0,30.0,70.75,13.8,1.55,4.4,35.5,121.0,6.89,4.07,4.418000000000001,1.008966728662947,74.26
Tyler Boyd - 10689,2015,64.42,57.83,-6.59,47.22,56.49,66.33,2,100.0,73.14,0.0,0.0,0.6315979102864349,0.652512441804463,0.6301974634772837,0.9326247522968835,0.9942352729237975,0.9854080345883625,0.9016393442622951,0.41632138353449827,0.6676274545127004,0.8727725156525927,0.9924546476159897,0.989645207898539,0.904719858725317,0.5681489805747311,0.7737999678921175,0.8433938031786804,0.9908492534917323,0.934981537967571,0.79731899181249,0.27861615026489,0.46508267779739926,1,0,1,0,73.5,197.0,32.0,76.375,11.0,1.56,4.58,34.0,119.0,6.9,4.35,4.426,1.0031804091754495,62.29
Chris Olave - 84355,2021,78.51,57.81,-20.7,37.38,55.6,75.2,3,52.57,91.14,0.0,0.0,0.33489461358313816,0.45874137100658213,0.30646973832075775,0.7780580075662042,0.8987569807241939,0.9663123761484417,0.9836065573770492,0.8519185732300486,0.3422806701495226,0.9435703965323486,0.9438914753572002,0.9772034034355435,0.9918927596724996,0.9493498153796757,0.4461390271311607,0.3472467490768984,0.44204527211430406,0.8385776208059078,0.9567346283512602,0.6482581473751806,0.26585326697704287,1,0,1,0,72.375,187.0,31.125,73.125,13.4,1.5,4.39,32.0,124.0,7.098000000000001,4.2940000000000005,4.42,0.9294048357098574,78.32
Courtland Sutton - 48164,2017,71.01,57.69,-13.32,40.32,55.2,68.81,3,74.51,58.54,1.0,0.33,0.31273644388398486,0.46965805105153313,0.10483223631401509,0.9216357413078724,0.9171320482795893,0.8670509818050801,0.9337056386236714,0.9389299225364799,0.2723833543505675,0.9873976561245786,0.9430887782950714,0.9470219938995024,0.9145127628832879,0.9776850216728207,0.613260555466367,0.057874458179483064,0.1057954727885696,0.29611494621929685,0.0,0.7874458179483063,0.08564777652913791,0,0,1,0,75.375,218.0,32.375,79.25,18.0,1.5,4.54,35.5,124.0,6.57,4.11,4.462000000000001,0.9730088861334987,83.0
Nelson Agholor - 9453,2014,55.8,57.69,1.89,44.47,57.84,71.67,1,100.0,66.02,0.0,0.0,0.6517744550531436,0.6514689356236956,0.6514689356236956,0.9893712844532516,0.969194739686543,0.9731579895514322,0.9546027742749055,0.2513060709782021,0.6876238515582778,0.9711831754695778,0.9487076577299727,0.9531224915716808,0.9241451276288328,0.2591908813613742,0.6596564456574089,0.9711831754695778,0.9487076577299727,0.9531224915716808,0.9241451276288328,0.2591908813613742,0.6596564456574089,1,0,0,1,72.125,198.0,32.25,77.375,12.0,1.59,4.42,36.4,123.0,6.938,4.256,4.430000000000001,1.0093800371977681,73.02
DeVante Parker - 9447,2014,58.89,57.29,-1.6,56.09,66.48,84.89,1,100.0,94.89,0.0,0.0,0.2588722752657179,0.29940600417402474,0.29940600417402474,0.6802377949918934,0.9938749774815349,0.9965771932985048,0.9421725815168438,0.8067014952260854,0.9292019455953883,0.6191202440199068,0.9912506020227966,0.9941403114464601,0.908010916680045,0.7735591587734789,0.8996628672339059,0.6191202440199068,0.9912506020227966,0.9941403114464601,0.908010916680045,0.7735591587734789,0.8996628672339059,1,0,1,0,74.625,209.0,33.25,79.75,17.0,1.51,4.45,36.5,125.0,6.859999999999999,4.208,4.45,0.9663959495763588,85.06
James Washington - 47792,2017,50.61,56.67,6.06,42.32,56.43,73.12,4,81.92,71.18,1.0,0.25,0.21329490181949198,0.34339380317868035,0.17314175630117193,0.978562421185372,0.8787605836786164,0.9519005584579355,0.9360475589983787,0.9059628895694469,0.8182309493784904,0.9792101460908653,0.8973350457537326,0.9803339219778455,0.9426874297640071,0.951115748916359,0.9205329908492534,0.7950714400385295,0.6188794349012683,0.581072403275004,0.8488521432011559,0.7802215443891475,0.5646171135013646,1,0,1,0,71.0,213.0,32.375,78.25,14.0,1.53,4.54,34.5,120.0,7.11,4.32,4.486,0.982101673899566,66.94
Nathaniel Dell - 78874,2022,75.44,56.4,-19.04,34.0,49.98,66.44,3,58.99,80.27,0.0,0.0,0.6135831381733021,0.6953764649221383,0.19770428640231177,0.9221761844712665,0.9113673212033868,0.9962168978562421,0.949918933525491,0.7225725094577553,0.959827058187714,0.9963075935142077,0.9930968052656928,0.9999197302937871,0.9995986514689357,0.9152351902392037,0.9971905602825494,0.009231016214480655,0.4573767860009632,0.615187028415476,0.6371006582115909,0.47607962754856314,0.548242093433938,1,0,1,0,68.375,165.0,30.5,72.625,11.6,1.49,4.49,33.9,121.0,6.975999999999999,4.282,4.46,0.9833415995040298,60.51
Rashod Bateman - 84296,2020,59.47,56.34,-3.13,42.05,57.32,77.15,3,25.65,85.2,2.0,0.67,0.5460277427490542,0.6959383528656286,0.25333119280783434,0.8492163574130788,0.9619888308412898,0.9760403530895334,0.9277607638263375,0.7169879301026842,0.7602233831742028,0.880317868036603,0.9962273238079948,0.9803339219778455,0.9554503130518542,0.8958901910419008,0.8042221865467972,0.4805747310964842,0.8930004816182373,0.7975598009311285,0.7327018783111254,0.39821801252207417,0.613260555466367,1,1,0,0,72.375,190.0,33.0,76.5,14.6,1.53,4.402,35.7,123.0,7.082000000000001,4.3,4.52,0.9343645381277124,76.24
Danny Gray - 121926,2021,24.57,56.2,31.63,50.16,56.46,62.75,2,32.26,90.65,0.0,0.0,0.4773914609980184,0.5996147054101783,0.2977203403435543,0.8074220861106107,0.8270581877139254,0.9236173662403171,0.945054945054945,0.36840208971356514,0.9578454332552693,0.7984427676994702,0.7941884732701878,0.931770749719056,0.9479852303740568,0.44822603949269546,0.9506341306790818,0.6475357200192647,0.7761277893722909,0.8043024562530101,0.8232461069192487,0.2939476641515492,0.9205329908492534,0,0,1,0,71.875,186.0,31.875,76.875,13.6,1.57,4.33,34.0,126.0,7.132,4.3740000000000006,4.42,0.8477764000826618,80.41
Darius Slayton - 25578,2018,65.04,55.5,-9.54,29.24,47.28,57.5,3,56.7,48.48,1.0,0.33,0.5368402089713565,0.6846203242896131,0.3562369561727404,0.881823094937849,0.5119798234552333,0.7396865429652315,0.700414339758602,0.9191136732120339,0.8537200504413619,0.9023117675389308,0.7864023117675389,0.8491732220260074,0.7980414191684059,0.9358645047359127,0.8996628672339059,0.6748274201316423,0.08942045272114305,0.4408412265211109,0.41523519023920374,0.7648097607962755,0.613260555466367,1,0,1,0,73.0,190.0,32.75,79.0,11.0,1.45,4.39,40.5,135.0,7.0,4.15,4.401999999999999,0.4433539987600744,89.87
Hunter Renfrow - 47509,2018,67.64,55.04,-12.6,39.63,51.71,66.88,4,71.66,61.64,1.0,0.25,0.8659700954782922,0.8645047359126665,0.7834323326376625,0.9459556836606017,0.45613402990452173,0.6061970816069177,0.629976580796253,0.2758061610520627,0.44946856422266257,0.9109808958099214,0.6272274843474073,0.6619842671375823,0.7671375822764489,0.44822603949269546,0.548242093433938,0.8307914593032589,0.2300529780061005,0.4675710386899984,0.38553539894043987,0.13421094878792744,0.3441965002408091,1,0,1,0,70.25,184.0,29.125,70.75,7.0,1.54,4.59,35.0,116.0,6.8,4.19,4.436,0.765114693118413,55.64
Darnell Mooney - 48236,2019,62.07,55.04,-7.03,27.66,49.83,66.04,4,61.91,67.56,1.0,0.25,0.5440461178166096,0.7499598651468936,0.3039813774281586,0.8632678796613222,0.8731760043235453,0.8854260493604756,0.8229147901279049,0.8059809043415601,0.5683660601693389,0.8950072242735592,0.963958901910419,0.95561085246428,0.8984588216407128,0.879033552737197,0.9070476802054904,0.5417402472306951,0.7209825012040456,0.6249799325734468,0.6670412586289934,0.6482581473751806,0.19898860170171778,0,0,1,0,70.125,176.0,30.875,74.0,9.0,1.5,4.38,37.0,124.0,7.037999999999999,4.248,4.41,0.7948729076255425,80.03
Josh Doctson - 10656,2015,59.04,54.92,-4.12,34.75,56.11,73.85,2,100.0,70.54,0.0,0.0,0.08502972437398668,0.17627227484347407,0.048322363140150905,0.968113853359755,0.9418122860745811,0.9818050801657359,0.9753197622050082,0.829580255809764,0.5372005044136192,0.9671696901589341,0.9746347728367314,0.9923743779097769,0.985230374056831,0.8260555466366993,0.6596564456574089,0.8413870605233584,0.7994862738802376,0.8670733665114786,0.908653074329748,0.7735591587734789,0.391234548081554,1,0,1,0,74.0,202.0,31.875,76.625,14.0,1.48,4.5,41.0,131.0,6.84,4.08,4.438000000000001,0.9924343872700971,87.91
Mecole Hardman - 42683,2018,59.12,54.1,-5.02,38.23,51.31,58.03,2,71.47,70.46,0.0,0.0,0.819131687984147,0.7828704446941724,0.7648900305024884,0.648171500630517,0.8506575391821294,0.9454152404972077,0.9655917852639164,0.5534137993154387,0.9396505134210053,0.665997752448226,0.8202761277893723,0.9378712473912345,0.9538449189275967,0.536041098089581,0.9128270990528174,0.5209503933215605,0.7896131000160539,0.8887461871889549,0.9186065179001445,0.536041098089581,0.9070476802054904,1,0,1,0,70.25,187.0,30.25,71.625,17.0,1.48,4.33,36.5,119.0,6.962000000000001,4.288,4.3740000000000006,0.5617668939863608,85.14
TreQuan Smith - 48228,2017,45.39,54.05,8.66,51.62,53.27,54.36,3,70.85,58.29,1.0,0.33,0.3516483516483517,0.4896452078985391,0.30646973832075775,0.9823455233291298,0.7665285534137993,0.8911907764366781,0.842731039452351,0.7958926319582057,0.5934065934065934,0.9835447102263606,0.8736554824209344,0.9432493177074972,0.9540054583400225,0.8260555466366993,0.6859849092952319,0.8914753572001927,0.5724032750040134,0.718815219136298,0.6102905763364906,0.6386257826296355,0.3441965002408091,1,0,1,0,73.75,203.0,33.375,80.375,12.0,1.56,4.49,37.5,130.0,6.97,4.5,4.494,0.9539966935317215,72.12
Marvin Mims - 122937,2022,58.94,53.57,-5.37,46.69,53.53,61.56,3,37.95,94.74,1.0,0.33,0.6206088992974239,0.7266816503451597,0.566944934981538,0.8387677895874617,0.7267159070437759,0.97964330751216,0.9398306611421365,0.9131687984147,0.829580255809764,0.9312891314817788,0.9719858725317065,0.9921335687911382,0.9968694814576978,0.923422700272917,0.8996628672339059,0.5124418044629957,0.2909776850216728,0.922780542623214,0.7492374377909777,0.836570878150586,0.5992936265853267,1,0,1,0,70.875,183.0,31.625,74.75,14.8,1.55,4.38,39.5,129.0,6.9,4.274,4.37,0.9147323827237033,83.3
Rodney Adams - 11925,2016,6.03,53.35,47.32,33.51,50.8,63.49,3,100.0,72.66,1.0,0.33,0.5880021617726536,0.7543746989886017,0.4045593193128913,0.8706539362277067,0.872995856602414,0.8863267879661322,0.863087731940191,0.49162313096739324,0.9783822734642407,0.839781666399101,0.9493498153796757,0.9211751484989565,0.9369080109166801,0.7358323968534275,0.9816182372772516,0.6598972547760475,0.6315620484829025,0.5423824048803981,0.5630919890833199,0.13421094878792744,0.9528816824530422,0,0,1,0,73.25,189.0,32.0,75.0,8.0,1.48,4.44,29.5,125.0,6.98,4.28,4.438000000000001,0.706011572638975,81.86
Denzel Mims - 47800,2019,28.12,53.11,24.99,44.37,61.03,80.36,3,9.76,67.6,2.0,0.67,0.23401188974959466,0.5577139187670573,0.0,0.9409115474689245,0.8110250405332372,0.722392361736624,0.893352549090254,0.7544586560980003,0.3266078184110971,0.9859528014127469,0.8682774121046717,0.878391395087494,0.9341788409054422,0.8074329747953123,0.8145769786482582,0.307593514207738,0.16696098892278055,0.044951035479210144,0.0,0.5476802054904479,0.0720019264729491,1,1,0,0,74.875,207.0,33.875,78.5,16.0,1.51,4.38,38.5,131.0,6.66,4.43,4.52,0.9368443893366398,90.79
Kenny Golladay - 11851,2016,80.82,52.49,-28.33,46.62,53.2,61.73,2,100.0,70.72,0.0,0.0,0.2959827058187714,0.4270348370524964,0.21464119441322846,0.9823455233291298,0.9830661142136552,0.9630697171680779,0.9117276166456494,0.775175644028103,0.4770311655557557,0.9671696901589341,0.9870765772997271,0.953604109808958,0.8832878471664793,0.7874458179483063,0.6444052014769626,0.9312891314817788,0.9385936747471504,0.9133889869963076,0.8496548402632846,0.6846203242896131,0.3104832236314015,0,0,1,0,76.0,218.0,32.0,76.38,18.0,1.56,4.5,35.5,120.0,7.0,4.15,4.465999999999999,0.9955342012812565,76.49
Elijah Moore - 84302,2020,55.51,52.49,-3.02,42.28,53.89,66.91,3,51.85,82.81,0.0,0.0,0.8854260493604756,0.9781666399100979,0.7469096163108043,0.8838047198702936,0.9639704557737344,0.9578454332552693,0.850477391460998,0.37975139614483877,0.6688884885606197,0.8727725156525927,0.9747953122491572,0.9893241290736876,0.9178038208380157,0.456895167763686,0.7004334564135495,0.6826938513405041,0.6629475036121368,0.6769144324931771,0.5455931931289132,0.2514047198587253,0.5646171135013646,1,0,1,0,69.5,178.0,30.125,71.75,14.0,1.5260000000000002,4.41,36.7,124.2,6.974000000000001,4.266,4.48,0.9632961355651994,76.56
Jamison Crowder - 9538,2014,60.54,51.35,-9.19,36.88,47.19,54.89,1,100.0,51.65,0.0,0.0,0.3999279409115475,0.4409214962273238,0.4409214962273238,0.9911727616645649,0.9827058187713925,0.9075842190596289,0.7245541343902,0.4640605296343001,0.8059809043415601,0.9775244822603949,0.9700593995825976,0.8670733665114786,0.6906405522555787,0.456895167763686,0.7737999678921175,0.9775244822603949,0.9700593995825976,0.8670733665114786,0.6906405522555787,0.456895167763686,0.7737999678921175,1,0,1,0,68.375,185.0,30.375,72.625,10.0,1.7,4.56,37.0,115.0,7.17,4.32,4.4399999999999995,0.9519301508576152,51.0
Skyy Moore - 97116,2021,14.34,50.94,36.6,34.21,50.45,61.01,3,39.14,94.48,0.0,0.0,0.6195280129706359,0.808877829507144,0.4214159576175951,0.8643487659881103,0.9531615925058547,0.9688344442442803,0.8679517204107368,0.48369663123761486,0.8562421185372006,0.9159576175951196,0.9734307272435383,0.9777652913790336,0.9204527211430407,0.6753893080751324,0.9128270990528174,0.5124418044629957,0.7872050088296677,0.9056830951998716,0.5732862417723551,0.3218815219136298,0.6718574410017659,0,0,1,0,69.625,195.0,31.0,73.625,13.6,1.46,4.41,34.5,125.0,7.13,4.32,4.49,0.9723889233312668,79.28
Kadarius Toney - 61245,2020,48.69,50.62,1.93,41.34,51.32,62.08,3,70.9,96.88,3.0,1.0,0.6818591244820753,0.8106437630438272,0.21247391234548083,0.5499909926139435,0.8387677895874617,0.957124842370744,0.8773194019095658,0.05998919113673212,0.9821653756079985,0.9075292984427678,0.9553700433456414,0.9873173864183657,0.9239845882164072,0.17378391395087495,0.9970300208701236,0.20444694172419328,0.7214641194413228,0.7840744902873655,0.0,0.017498795954406808,0.8042221865467972,1,0,0,1,71.625,193.0,31.25,74.75,11.2,1.4999999999999998,4.406,37.2,127.6,6.944,4.224,4.38,0.7632548047117174,85.77
Calvin Austin - 61418,2021,41.36,50.59,9.23,38.53,49.75,62.65,3,17.28,83.3,1.0,0.33,0.5681859124482075,0.7463477283673142,0.27941884732701877,0.8908304809944154,0.9567645469284813,0.9711763646189876,0.937308593046298,0.8131868131868132,0.6025941271842912,0.9548081554021512,0.9629956654358645,0.9680526569272756,0.9480655000802697,0.9429282388826457,0.8384973510996949,0.3754214159576176,0.8354471022636057,0.9024723069513566,0.8588055867715524,0.5158131321239364,0.16527532509231016,0,0,1,0,67.75,170.0,30.0,73.0,14.8,1.5,4.32,39.0,135.0,6.65,4.07,4.38,0.8855941310188056,88.7
Will Fuller V - 10655,2015,69.02,49.73,-19.29,35.85,48.05,54.99,2,100.0,55.11,0.0,0.0,0.15726896054764908,0.2063734146733023,0.17627227484347407,0.9940551252026661,0.7602233831742028,0.9416321383534498,0.9704557737344622,0.7295982705818771,0.7614844172221221,0.9921335687911382,0.750280943971745,0.9521592550971263,0.9595440680687108,0.8201958580831594,0.7941884732701878,0.9623535077861615,0.6859849092952319,0.8263766254615508,0.9430085085888585,0.536041098089581,0.6444052014769626,1,0,1,0,72.125,186.0,30.75,73.625,10.0,1.47,4.32,33.5,126.0,6.93,4.27,4.41,0.9852014879107254,88.12
Terry McLaurin - 48229,2018,88.4,49.32,-39.08,38.16,47.92,54.04,2,21.52,55.63,2.0,1.0,0.39524410016213296,0.5344357039653235,0.27018783111253813,0.8270581877139254,0.22014051522248243,0.5725094577553594,0.935146820392722,0.8940731399747793,0.4280309854080346,0.8335206293144967,0.3811205650987317,0.8385776208059078,0.9662867233905924,0.9152351902392037,0.6718574410017659,0.628672339059239,0.08356076416760315,0.10322684218975758,0.5833199550489645,0.8130518542302135,0.19898860170171778,1,1,0,0,72.125,208.0,31.5,75.0,18.0,1.45,4.35,37.5,125.0,7.01,4.15,4.5,0.38921058069849146,92.69
Jalin Hyatt - 124282,2022,34.32,49.29,14.97,29.47,47.51,62.1,2,70.09,86.53,0.0,0.0,0.8513781300666546,0.913790335527372,0.7731578102424145,0.7785984507295983,0.670149522608539,0.8528193118357053,0.9506395244100162,0.6539362277067196,0.7014952260853901,0.9238240488039814,0.7441804462995666,0.9717450634130679,0.9784877187349494,0.7508428319152352,0.8911542783753411,0.5479210146090865,0.4532830309841066,0.4629956654358645,0.648579226200032,0.38818429924546477,0.3441965002408091,1,0,1,0,72.125,176.0,32.5,77.625,14.4,1.5,4.4,40.0,135.0,6.81,4.164000000000001,4.34,0.5958648481091134,84.14
Tre Tucker - 101106,2022,52.39,49.2,-3.19,25.88,44.42,56.64,3,45.12,77.1,3.0,1.0,0.8113853359754999,0.9210948787927437,0.6688874618718895,0.5390019816249324,0.9162313096739326,0.9558638083228247,0.7301387137452712,0.29057827418483156,0.9232570707980544,0.805667041258629,0.999357842350297,0.9857119922941082,0.9540857280462354,0.7802215443891475,0.9578584042382405,0.057874458179483064,0.8218815219136298,0.8517418526248194,0.0,0.0694332958741371,0.7510033713276609,1,0,0,1,68.625,182.0,28.875,70.375,13.0,1.48,4.4,37.5,124.0,7.01,4.228,4.32,0.631616036371151,78.28
Chase Claypool - 42312,2019,62.68,49.16,-13.52,37.95,56.55,77.22,3,30.12,67.4,1.0,0.33,0.48369663123761486,0.6204045593193129,0.27315781024241453,0.8782201405152225,0.6240317059989191,0.7863448027382454,0.8104845973698432,0.6660061250225184,0.6960907944514502,0.9711831754695778,0.8555947985230374,0.9002247551773961,0.9537646492213838,0.7944292823888265,0.8042221865467972,0.15805105153315138,0.3542302135174185,0.5264890030502488,0.0,0.5158131321239364,0.5866110130036924,1,0,1,0,76.25,238.0,32.5,80.0,19.0,1.52,4.42,40.5,126.0,6.99,4.220000000000001,4.48,0.7870200454639389,92.92
WanDale Robinson - 101735,2021,54.59,49.13,-5.46,40.98,47.29,51.01,2,61.16,97.84,1.0,0.5,0.7486939290217979,0.7120725638144164,0.7116712152833521,0.8947937308593046,0.9872095117996758,0.9643307512159971,0.7267159070437759,0.19870293640785444,0.6670870113493065,0.9126665596403917,0.9909295231979451,0.983223631401509,0.8227644886819714,0.39821801252207417,0.6859849092952319,0.6790817145609247,0.9037566222507626,0.7730775405362016,0.4138706052335848,0.09696580510515332,0.5866110130036924,1,0,0,1,68.0,178.0,27.625,67.625,12.4,1.59,4.44,34.5,118.0,6.952000000000001,4.264000000000001,4.45,0.9748687745401943,64.19
Rome Odunze - 73774,2023,68.42,49.0,-19.42,36.36,53.88,72.58,3,51.12,75.24,1.0,0.33,0.500810664745091,0.6588537485952801,0.4166800449510355,0.9241578094037111,0.8713745271122321,0.8888488560619708,0.8584038911907764,0.6220500810664745,0.5307151864528914,0.9971905602825494,0.8936426392679403,0.953604109808958,0.889308075132445,0.8421094878792743,0.7129555305827581,0.14255899823406645,0.7200192647294911,0.6249799325734468,0.0,0.35703965323486914,0.2103066302777332,1,0,1,0,74.875,212.0,32.25,76.75,18.2,1.52,4.45,39.0,124.0,6.88,4.03,4.46,0.9705290349245712,90.63
Josh Palmer - 62979,2020,52.97,48.23,-4.74,39.54,46.47,54.12,3,6.18,49.83,3.0,1.0,0.39452350927760765,0.514127468293466,0.26304382725959224,0.8319221761844713,0.44532516663664207,0.5471086290758422,0.447486939290218,0.9360475589983787,0.1439380291839308,0.8741371006582116,0.711109327339862,0.8181891154278376,0.7405683095199872,0.9682131963397014,0.3775886980253652,0.6646331674426071,0.19168405843634612,0.07288489324129074,0.0,0.8305506501846204,0.06806871086851822,1,1,0,0,73.25,210.0,32.875,76.875,17.6,1.542,4.496,35.1,120.6,7.048,4.380000000000001,4.47,0.41090927877660677,71.97
Henry Ruggs - 61102,2019,53.47,48.21,-5.26,45.75,48.63,51.25,2,42.33,94.7,1.0,0.5,0.47468924518104844,0.5829988762241131,0.4493498153796757,0.8047198702936408,0.48315618807422084,0.9056025941271842,0.9726175463880382,0.6207890470185552,0.9454152404972077,0.900947182533312,0.4889227805426232,0.8965323486916038,0.9971102905763365,0.8305506501846204,0.9677315781024242,0.3585647776529138,0.4030341948948467,0.7730775405362016,0.8870605233584845,0.36899983946058756,0.8145769786482582,1,0,1,0,71.0,188.0,30.5,74.5,17.2,1.43,4.27,42.0,131.0,6.848000000000001,4.204,4.36,0.8107852862161604,97.91
Tutu Atwell - 77965,2020,55.6,47.8,-7.8,32.66,46.8,61.9,2,47.34,91.16,0.0,0.0,0.8423707440100883,0.9466206453684379,0.7558998234066463,0.8856061970816069,0.871914970275626,0.9529814447847235,0.9315438659700955,0.6647450909745992,0.9198342640965592,0.8727725156525927,0.9859528014127469,0.9947824690961631,0.9820998555145288,0.8459624337774924,0.9699791298763847,0.7241130197463477,0.227163268582437,0.38529458982180126,0.4565740889388345,0.46741049927757267,0.7408091186386258,1,0,1,0,68.875,155.0,29.25,69.75,12.4,1.5080000000000002,4.404000000000001,36.0,124.4,6.9239999999999995,4.29,4.32,0.7554019425501136,76.52
Dede Westbrook - 11865,2016,44.95,46.65,1.7,41.78,49.96,68.18,2,100.0,79.09,0.0,0.0,0.27220320662943615,0.38208380157328625,0.2287686627066945,0.9751396144838768,0.7434696451089894,0.9722572509457755,0.9508196721311475,0.6303368762385155,0.9464961268239956,0.9593032589500723,0.9094557713918767,0.9921335687911382,0.9892438593674747,0.7021993899502328,0.9528816824530422,0.9075292984427678,0.3925991330871729,0.6715363621769145,0.571440038529459,0.4960667843955691,0.8609728688393,1,0,1,0,71.88,178.0,30.63,72.38,13.8,1.542,4.442,34.1,121.2,6.843999999999999,4.1160000000000005,4.402,0.9829282909692085,72.06
Van Jefferson - 47447,2019,49.24,46.61,-2.63,32.32,43.68,51.8,4,58.09,50.11,2.0,0.5,0.6539362277067196,0.9335366832557392,0.4792904157970782,0.9263195820572869,0.6002522068095839,0.6791569086651054,0.6887047378850657,0.5362997658079626,0.4770311655557557,0.9540054583400225,0.693690801091668,0.7758067105474394,0.8429121849414031,0.879033552737197,0.6318831273077541,0.7474715042542944,0.3973350457537325,0.45280141274682933,0.3994220581152673,0.17996468132926632,0.35976882324610693,1,0,1,0,73.5,200.0,32.75,77.125,17.2,1.548,4.542,34.0,121.4,6.95,4.294,4.57,0.6340958875800785,63.18
Zach Pascal - 12303,2016,50.87,46.46,-4.41,28.69,42.5,54.1,3,100.0,44.26,0.0,0.0,0.5498108448928121,0.6423181891154278,0.420211912024402,0.9836065573770492,0.8773194019095658,0.8755179246982525,0.8688524590163934,0.7306791569086651,0.4179427130246802,0.9859528014127469,0.9274361855835608,0.9325734467811848,0.9171616631883127,0.7257986835768181,0.613260555466367,0.880317868036603,0.6270669449349815,0.581072403275004,0.7311767538930808,0.6846203242896131,0.2332637662546155,0,0,1,0,73.63,219.0,32.0,77.0,14.0,1.58,4.55,36.0,126.0,7.11,4.29,4.502,0.9240318247571813,73.33
Antonio GandyGolden - 39993,2019,2.85,45.68,42.83,39.4,47.24,62.44,2,11.62,89.1,2.0,1.0,0.2244640605296343,0.3039813774281586,0.21761117354310483,0.9899117276166457,0.955503512880562,0.9564042514862187,0.9196541163754278,0.8230949378490362,0.6676274545127004,0.9830630919890834,0.9348209985551453,0.9550489645207898,0.8921175148498957,0.8130518542302135,0.7129555305827581,0.9580992133568791,0.9321720982501204,0.8875421415957617,0.8611334082517258,0.7648097607962755,0.548242093433938,0,1,0,0,76.0,223.0,31.75,77.0,22.0,1.54,4.6,36.0,127.0,7.33,4.55,4.56,1.0064868774540194,68.93
Gary Jennings - 48331,2018,5.61,44.23,38.62,39.66,47.42,59.19,2,23.38,82.44,0.0,0.0,0.6687083408394884,0.9528014127468294,0.25333119280783434,0.766888848856062,0.851558277787786,0.9030805260313457,0.8486759142496847,0.5889029003783102,0.8883084128985769,0.9830630919890834,0.9248675549847487,0.931770749719056,0.9767217851982661,0.8130518542302135,0.9637180927917803,0.23238079948627388,0.24353828864986354,0.7758067105474394,0.3740568309519987,0.2591908813613742,0.35976882324610693,1,0,1,0,73.0,214.0,32.5,78.125,20.0,1.55,4.42,37.0,127.0,7.32,4.15,4.488,0.8368237239098988,82.82
Quentin Johnston - 123085,2022,65.87,44.12,-21.75,39.98,44.62,50.4,3,10.72,89.7,3.0,1.0,0.25707079805440464,0.41282709905281745,0.18165034515973671,0.8288596649252387,0.8654296523148982,0.9522608539001982,0.8430913348946136,0.902720230589083,0.9326247522968835,0.880317868036603,0.9058436346122973,0.96203242896131,0.9179643602504415,0.9475036121367796,0.9300048161823727,0.6453684379515171,0.524482260394927,0.8604109808958099,0.5716005779418847,0.6482581473751806,0.8042221865467972,1,1,0,0,74.75,208.0,33.625,81.625,17.8,1.562,4.5840000000000005,40.5,134.0,7.104000000000001,4.2459999999999996,4.43,0.8601756561272991,73.27
Keyarris Garrett - 11008,2015,9.36,43.81,34.45,39.68,46.62,56.6,2,100.0,54.31,0.0,0.0,0.07476130426950099,0.16037887301332476,0.04334564135495264,0.9931543865970095,0.9192938209331651,0.9149702756260133,0.7490542244640606,0.8800216177265358,0.38263375968294,0.9963075935142077,0.9338577620805908,0.9487076577299727,0.7310964841868679,0.8718895488842511,0.4799325734467812,0.9228608123294268,0.770268100818751,0.7038850537807032,0.6884732701878311,0.8421094878792743,0.3104832236314015,0,0,1,0,75.375,220.0,34.5,82.625,14.0,1.53,4.53,36.5,128.0,7.3,4.33,4.514,0.9839615623062616,75.54
Demario Douglas - 104155,2022,58.24,43.5,-14.74,38.12,46.12,63.27,3,62.13,93.05,0.0,0.0,0.8629075842190597,0.8788730133247712,0.7735591587734789,0.6932084309133489,0.9463159791028644,0.9612682399567646,0.8776796973518285,0.3786705098180508,0.8506575391821294,0.9238240488039814,0.9648418686787607,0.940760956814898,0.8921977845561085,0.5875742494782469,0.8996628672339059,0.1900786643120886,0.8540696741049928,0.9151549205329909,0.7553379354631562,0.2514047198587253,0.7408091186386258,0,0,1,0,68.25,179.0,30.25,72.5,12.6,1.54,4.44,39.5,134.0,6.944,4.29,4.46,0.908326100433974,70.35
Taywan Taylor - 11827,2016,46.37,43.49,-2.88,39.68,46.52,57.06,3,100.0,86.14,0.0,0.0,0.4827958926319582,0.5827580671054744,0.42872050088296676,0.959827058187714,0.9459556836606017,0.9893712844532516,0.9841470005404431,0.5833183210232391,0.9286615024319942,0.9685342751645529,0.9737518060683897,0.9923743779097769,0.9901268261358164,0.7735591587734789,0.9448547118317547,0.8145769786482582,0.5056991491411141,0.8965323486916038,0.8832878471664793,0.338497351099695,0.8042221865467972,0,0,1,0,71.0,203.0,32.63,76.75,13.0,1.56,4.5,33.5,132.0,6.57,4.21,4.478,1.0000805951642902,73.62
Laviska Shenault - 61220,2019,51.64,42.76,-8.88,36.87,42.73,48.55,2,57.37,98.17,1.0,0.5,0.5094577553593947,0.6542783753411463,0.35222347086209665,0.6569987389659521,0.9888308412898577,0.9974779319041615,0.8362457214916231,0.6324986488920915,0.8946135831381733,0.7950714400385295,0.9973510996949752,0.9994381120565099,0.8488521432011559,0.9723872210627709,0.8685984909295232,0.03435543425911061,0.9597848771873495,0.9569754374698989,0.0,0.11382244340985712,0.8452400064215765,1,0,0,1,72.625,227.0,31.875,76.25,17.0,1.61,4.58,34.9,120.4,6.9719999999999995,4.242,4.49,0.9304381070469105,73.21
Jordan Payton - 10788,2015,7.58,42.75,35.17,35.39,46.82,65.45,2,100.0,64.13,0.0,0.0,0.12015852999459557,0.16928881040295393,0.1252207416920854,0.9945955683660602,0.7942713024680238,0.8758782201405152,0.7050981805080165,0.5707079805440461,0.7157268960547649,0.9855514528816824,0.8523840102745224,0.8723711671215283,0.7325413388986997,0.6386257826296355,0.7737999678921175,0.9846684861133408,0.6196018622571842,0.7730775405362016,0.6091668004495103,0.46741049927757267,0.5866110130036924,1,0,1,0,73.125,207.0,32.5,77.75,17.6,1.5,4.47,34.5,121.0,7.08,4.33,4.452,0.9961541640834883,75.26
Jauan Jennings - 48027,2019,54.35,42.35,-12.0,30.03,38.38,44.81,3,55.15,73.12,1.0,0.33,0.700414339758602,0.7892920211912025,0.4970300208701236,0.7973338137272563,0.74491082687804,0.827958926319582,0.8484957665285534,0.38281390740407134,0.8384074941451991,0.8694814576978648,0.9352223470862097,0.9638786322042061,0.913790335527372,0.5681489805747311,0.8911542783753411,0.49269545673462833,0.3451597367153636,0.324289613100016,0.0,0.17378391395087495,0.6718574410017659,1,0,1,0,75.125,215.0,31.625,76.25,13.6,1.58,4.72,29.0,119.0,7.196000000000001,4.328,4.62,0.7006385616862988,56.4
Adonai Mitchell - 146712,2023,50.92,42.07,-8.85,33.45,46.57,59.18,2,45.38,66.12,1.0,0.5,0.27184291118717346,0.4574570557071761,0.12016375020067427,0.8564222662583318,0.5067555395424248,0.6732120338677716,0.9108268780399928,0.8621869933345343,0.22680598090434156,0.9882806228929202,0.592631240969658,0.6677636859849093,0.9682131963397014,0.8650666238561567,0.3775886980253652,0.3351260234387542,0.42326216086049123,0.590704768020549,0.7553379354631562,0.8130518542302135,0.1391876705731257,1,0,1,0,74.25,205.0,32.375,77.625,17.8,1.52,4.34,39.5,136.0,6.922,4.166,4.52,0.7334965902045877,92.47
Tyler Johnson - 48054,2019,29.78,42.05,12.27,26.22,40.93,60.36,4,41.23,77.71,1.0,0.25,0.6254728877679697,0.7856798844116231,0.2681810884572162,0.8375067555395425,0.9765807962529274,0.9616285353990272,0.9699153305710683,0.5707079805440461,0.5494505494505495,0.8950072242735592,0.9886017017177717,0.9849895649381923,0.9711831754695778,0.8074329747953123,0.7639267940279338,0.45472788569593836,0.5517739605073045,0.34997591908813613,0.5218333600899021,0.28592069353026167,0.1391876705731257,1,0,1,0,73.375,206.0,30.875,75.0,14.6,1.5459999999999998,4.5520000000000005,35.8,123.2,7.198,4.406000000000001,4.52,0.9690824550526969,64.45
Donovan PeoplesJones - 61439,2019,47.14,42.04,-5.1,35.09,43.94,61.85,3,29.74,54.98,1.0,0.33,0.5489101062871554,0.6391876705731258,0.2681810884572162,0.819131687984147,0.7667087011349306,0.6820392722032066,0.8456134029904522,0.6622230228787606,0.7157268960547649,0.7950714400385295,0.7732380799486274,0.8008508588858565,0.9247872852785359,0.7257986835768181,0.8145769786482582,0.6811687269224594,0.6693690801091668,0.3972547760475197,0.0,0.5476802054904479,0.5992936265853267,1,0,1,0,73.625,212.0,33.5,79.25,17.0,1.54,4.48,44.5,139.0,6.965999999999999,4.208,4.4,0.5799524695184956,86.9
Vince Mayle - 9556,2014,9.05,42.04,32.99,37.86,41.77,46.55,1,100.0,69.99,0.0,0.0,0.02251846514141596,0.02994060041740247,0.02994060041740247,0.9981985227886867,0.9605476490722392,0.9580255809764007,0.8128265177445505,0.3276887047378851,0.9149702756260133,0.9963075935142077,0.9395569112217049,0.931770749719056,0.7763685984909295,0.338497351099695,0.8804784074490287,0.9963075935142077,0.9395569112217049,0.931770749719056,0.7763685984909295,0.338497351099695,0.8804784074490287,1,0,1,0,74.0,224.0,31.75,78.375,17.8,1.67,4.67,35.5,117.0,6.93,4.13,4.465999999999999,0.9899545360611697,71.62
Jaleel Scott - 48097,2017,4.46,41.61,37.15,26.63,40.9,50.11,2,54.27,54.93,1.0,0.5,0.23725454872995858,0.34965484026328464,0.18437951517097448,0.9690145919654116,0.7263556116015133,0.6811385335975499,0.8540803458836246,0.6627634660421545,0.16033147180688165,0.998073527050891,0.7822282870444695,0.7229089741531546,0.9183657087815058,0.7581473751806068,0.18742976400706374,0.601701717771713,0.6464119441322844,0.5423824048803981,0.7564617113501365,0.48458821640712796,0.17418526248193933,0,0,1,0,76.75,218.0,33.5,81.25,16.0,1.56,4.56,34.5,124.0,7.2,4.4,4.524,0.9161789625955776,69.13
Devontez Walker - 145773,2023,29.76,41.11,11.35,36.67,45.5,63.03,2,31.91,65.38,1.0,0.5,0.23707440100882723,0.45280141274682933,0.07697864825814738,0.7537380652134751,0.8414700054044316,0.9673932624752297,0.9573049900918753,0.9589263195820573,0.5998919113673212,0.881602183336009,0.891234548081554,0.9823406646331675,0.9552095039332156,0.9833039011077219,0.8685984909295232,0.11069192486755498,0.5754535238401027,0.8604109808958099,0.8859367474715043,0.8602504414833841,0.2103066302777332,1,0,1,0,73.5,193.0,33.25,79.125,14.4,1.54,4.36,40.5,134.0,7.112,4.398000000000001,4.46,0.7436226493077082,84.07
Leonte Carroo - 10720,2015,38.57,41.0,2.43,35.0,40.3,44.41,2,100.0,92.3,0.0,0.0,0.17870653936227707,0.22628030181409536,0.20324289613100016,0.8645289137092416,0.9355071158349847,0.9908124662223022,0.9819852278868673,0.8418303008466943,0.8657899477571609,0.9075292984427678,0.9360250441483384,0.9931770749719055,0.9946219296837373,0.836570878150586,0.8543104832236315,0.6044308877829507,0.8831273077540536,0.9521592550971263,0.9239845882164072,0.7874458179483063,0.8042221865467972,1,0,1,0,71.875,211.0,31.0,74.25,14.0,1.56,4.5,35.5,120.0,6.758,4.185999999999999,4.465999999999999,0.9717689605290349,70.14
Phillip Dorsett - 9462,2014,40.64,40.74,0.1,36.1,41.96,52.99,1,100.0,85.39,0.0,0.0,0.4685642226625833,0.5084283191523519,0.5084283191523519,0.9625292740046838,0.45793550711583497,0.9124482075301747,0.9544226265537741,0.9607277967933706,0.9718969555035128,0.909857119922941,0.4501525124418045,0.8723711671215283,0.9236635093915556,0.951115748916359,0.9593032589500723,0.909857119922941,0.4501525124418045,0.8723711671215283,0.9236635093915556,0.951115748916359,0.9593032589500723,1,0,1,0,69.75,185.0,30.25,74.75,13.0,1.54,4.33,37.0,122.0,6.7,4.11,4.368,0.8715416408348833,85.53
Marquez ValdesScantling - 47809,2017,64.01,40.62,-23.39,14.06,34.2,49.0,1,25.19,5.02,1.0,1.0,0.415060349486579,0.5265692727564617,0.27315781024241453,0.9306431273644389,0.5127004143397585,0.5890830480994416,0.6858223743469645,0.8326427670689965,0.7840028823635381,0.9149141114143522,0.8094397174506341,0.8670733665114786,0.7626424787285279,0.9323326376625461,0.8911542783753411,0.7830309841065982,0.17787766896773158,0.24032750040134854,0.39275967249959864,0.4276769947021994,0.5143682774121047,0,0,1,0,76.0,206.0,32.25,79.375,15.0,1.49,4.37,30.5,124.0,7.1,4.377999999999999,4.504,0.03934490597230833,86.72
Troy Franklin - 146567,2023,53.12,40.54,-12.58,30.07,39.29,45.39,3,41.04,73.07,0.0,0.0,0.4253287695910647,0.5325895007224274,0.36611013003692405,0.9075842190596289,0.8407494145199064,0.9207350027022159,0.9528012970635922,0.6872635561160151,0.5737704918032787,0.9511960186225719,0.8980574731096485,0.9744742334243056,0.9651629475036121,0.7358323968534275,0.7853588055867715,0.5024080911863863,0.686627066944935,0.5264890030502488,0.7090223149783271,0.5875742494782469,0.3775886980253652,1,0,1,0,73.875,176.0,31.875,77.25,12.0,1.61,4.41,39.0,124.0,6.9,4.31,4.37,0.9511035337879727,73.43
DWayne Eskridge - 29573,2020,12.1,40.44,28.34,29.49,45.07,60.78,3,45.22,67.37,0.0,0.0,0.5325166636642047,0.792823888264569,0.03226842189757585,0.6373626373626373,0.9313637182489641,0.9875698072419384,0.8929922536479914,0.5170239596469105,0.9648711943793911,0.7984427676994702,1.0,0.9976721785198266,0.9940600417402472,0.9661261839781666,0.9906887140793065,0.07906566061968213,0.7821480173382566,0.7919409214962273,0.5966447262803019,0.00473591266655964,0.7004334564135495,0,0,1,0,68.75,190.0,30.5,73.25,13.2,1.516,4.372000000000001,36.9,124.2,7.022,4.192,4.39,0.6274829510229386,78.77
Fred Ross - 12091,2016,8.39,39.9,31.51,32.06,40.79,56.38,3,100.0,56.8,1.0,0.33,0.7128445325166637,0.9308877829507144,0.6256220902231497,0.9261394343361556,0.9437939110070258,0.9302828319221762,0.9207350027022159,0.3240857503152585,0.8245361196180868,0.9312891314817788,0.9506341306790818,0.9191684058436346,0.9501525124418044,0.5681489805747311,0.8868999839460587,0.6227323807994862,0.6525927115106759,0.8723711671215283,0.6831754695777813,0.10547439396371809,0.5297800610049768,1,0,1,0,72.75,213.0,31.25,74.88,10.0,1.54,4.51,35.0,113.0,6.99,4.28,4.482000000000001,0.9134924571192395,67.39
James Proche - 48037,2019,9.82,39.46,29.64,35.13,44.9,57.78,4,49.37,89.22,2.0,0.5,0.667447306791569,0.7304543265371649,0.514769625943169,0.9686542965231489,0.9610880922356332,0.945054945054945,0.9448747973338137,0.47721131327688704,0.7614844172221221,0.985230374056831,0.9798523037405683,0.9276769947021994,0.9551292342270027,0.7874458179483063,0.9128270990528174,0.7521271472146412,0.48651468935623693,0.9076095681489805,0.8193128913148178,0.338497351099695,0.4461390271311607,0,0,1,0,70.625,201.0,29.75,72.625,20.0,1.5200000000000002,4.532,34.5,120.2,7.27,4.4,4.52,0.9965674726183096,60.24
Tyquan Thornton - 78092,2021,21.95,39.07,17.12,34.39,47.23,63.56,3,44.5,61.09,1.0,0.33,0.2095117996757341,0.3840102745223952,0.15475999357842352,0.8857863448027382,0.5521527652675193,0.7636461898756981,0.8049000180147721,0.743289497387858,0.3530895334174023,0.9781666399100979,0.8598490929523198,0.9042382404880398,0.9227002729170011,0.836570878150586,0.5992936265853267,0.5124418044629957,0.25750521753090383,0.18710868518221224,0.42912184941403114,0.41892759672499597,0.17418526248193933,1,0,1,0,74.375,181.0,33.25,79.25,13.0,1.51,4.28,36.5,130.0,6.914,4.191999999999999,4.38,0.6750134325273817,86.54
Allen Lazard - 48135,2017,66.38,38.93,-27.45,37.11,43.48,51.87,4,75.85,45.47,1.0,0.25,0.39848675914249687,0.5761759511960186,0.05394124257505217,0.9859484777517564,0.8447126643847955,0.8182309493784904,0.7791388938929923,0.5898036389839668,0.45775535939470363,0.9886819714239846,0.9436506662385615,0.9191684058436346,0.8621769144324932,0.7358323968534275,0.613260555466367,0.9284796917643281,0.4933376143843314,0.40247230695135655,0.465885374859528,0.47607962754856314,0.3441965002408091,1,0,1,0,76.625,227.0,32.25,78.75,17.0,1.56,4.55,38.0,122.0,6.792,4.1659999999999995,4.49,0.9403575118826204,74.33
Jordan Addison - 123000,2022,85.07,38.63,-46.44,34.01,40.37,50.89,3,49.48,89.29,0.0,0.0,0.6834804539722572,0.7610370846042703,0.5102745223952481,0.9735182849936949,0.9029003783102144,0.9452350927760764,0.9389299225364799,0.4274905422446406,0.7852639164114574,0.9955851661582918,0.8779900465564296,0.9543265371648739,0.9553700433456414,0.5984909295231979,0.8209182854390753,0.8256541981056349,0.8308717290094718,0.7758067105474394,0.6647937068550329,0.267699470219939,0.613260555466367,1,0,1,0,71.125,173.0,30.875,74.5,13.8,1.56,4.49,34.0,122.0,7.05,4.362,4.46,0.991401115933044,58.94
KJ Osborn - 23503,2019,46.22,38.58,-7.64,16.65,35.9,45.58,3,21.15,60.82,2.0,0.67,0.5712484237074401,0.697543746989886,0.2063734146733023,0.8958746171860926,0.7038371464600973,0.6193478652495046,0.7506755539542425,0.7984147000540444,0.5964691046658259,0.9524803339219778,0.883528656285118,0.8517418526248194,0.8009311285920694,0.9092149622732381,0.7941884732701878,0.4503933215604431,0.19617916198426713,0.21135013645850056,0.5259271151067587,0.46741049927757267,0.22234708620966448,1,1,0,0,71.5,203.0,31.25,75.0,18.0,1.47,4.48,37.5,123.0,7.0,4.35,4.54,0.6150836949783013,79.81
Rondale Moore - 62890,2020,44.54,38.34,-6.2,34.41,43.9,55.36,3,70.58,89.69,2.0,0.67,0.809764006485318,0.8407449028736554,0.7259592229892439,0.7800396324986489,0.9828859664925239,0.9493784903620969,0.8756980724193839,0.06395244100162133,0.8796613222842731,0.9841065981698507,0.9894043987799005,0.95561085246428,0.911863862578263,0.21239364263926794,0.8804784074490287,0.4342591106116552,0.9341788409054422,0.8535880558677156,0.0,0.020308235671857442,0.8145769786482582,1,0,0,1,67.0,181.0,28.25,69.375,12.0,1.5219999999999998,4.41,36.5,125.2,6.917999999999999,4.214,4.39,0.9610229386236826,78.24
Brandon Aiyuk - 84109,2019,87.05,38.09,-48.96,34.55,46.02,61.4,2,64.01,84.55,0.0,0.0,0.3166996937488741,0.433055065018462,0.24747150425429443,0.8958746171860926,0.8227346424067735,0.947757160871915,0.8508376869032607,0.44838767789587464,0.9632498648892092,0.9292823888264569,0.8356879113822443,0.961390271311607,0.8504575373254134,0.5158131321239364,0.9718253331192808,0.6554824209343394,0.6694493498153796,0.8294268742976401,0.7090223149783271,0.36899983946058756,0.8804784074490287,1,0,1,0,71.625,205.0,33.5,80.0,11.0,1.52,4.5,40.0,128.0,7.056,4.23,4.48,0.8917937590411242,78.48
Jordan Whittington - 97623,2023,44.56,37.95,-6.61,33.8,39.66,49.76,4,75.56,68.98,3.0,0.75,0.7903080526031345,0.8124096965805105,0.6830951998715684,0.7928301206989732,0.5240497207710323,0.7964330751215997,0.3829940551252027,0.17672491442983246,0.8493965051342101,0.9503130518542302,0.835928720500883,0.8806389468614545,0.8266977042864023,0.536041098089581,0.9031947343072725,0.3645850056188794,0.38850537807031627,0.5716808476480976,0.0,0.051693690801091666,0.6718574410017659,1,0,0,1,72.625,205.0,30.375,73.625,18.0,1.5320000000000003,4.5,35.4,120.0,6.888,4.336,4.48,0.5888386030171523,73.24
Jalen Tolbert - 61637,2021,37.59,37.08,-0.51,23.93,37.18,62.01,3,19.73,78.06,2.0,0.67,0.25779138893892994,0.5851661582918607,0.04567346283512602,0.8985768330030625,0.862547288776797,0.8895694469464961,0.8481354710862907,0.8519185732300486,0.827958926319582,0.9795312249157168,0.9054422860812329,0.9674907689837855,0.8463637823085568,0.9298442767699471,0.9506341306790818,0.15805105153315138,0.6063573607320597,0.5097929041579707,0.0,0.5056188794349012,0.46508267779739926,0,1,0,0,73.125,194.0,32.25,76.375,15.4,1.54,4.49,36.0,123.0,7.08,4.326,4.46,0.9415974374870841,66.91
Miles Boykin - 48209,2018,21.87,36.93,15.06,22.49,39.25,58.08,2,17.58,65.72,2.0,1.0,0.3788506575391821,0.4471825333119281,0.39869963075935144,0.6923076923076923,0.7593226445685463,0.7530174743289497,0.8454332552693209,0.8955143217438299,0.4013691226805981,0.963958901910419,0.779258307914593,0.8205169369080109,0.8179483063091989,0.9611494621929684,0.5992936265853267,0.2512441804462996,0.6427998073527051,0.45280141274682933,0.7629635575533793,0.7358323968534275,0.3104832236314015,1,1,0,0,75.75,220.0,33.5,81.375,12.0,1.5,4.42,43.5,140.0,6.77,4.07,4.470000000000001,0.6969187848729076,99.0
Jalen Reagor - 61697,2019,33.06,36.7,3.64,35.02,42.25,52.93,3,30.89,75.15,1.0,0.33,0.28247162673392184,0.44212554182051694,0.17314175630117193,0.9509998198522789,0.8976760943974059,0.8645289137092416,0.8982165375607999,0.7836425869212754,0.7139254188434516,0.946540375662225,0.9692567025204688,0.9133889869963076,0.956253010113983,0.8074329747953123,0.8609728688393,0.7167282067747632,0.6646331674426071,0.5570717611173543,0.6668807192165677,0.6386257826296355,0.35976882324610693,1,0,1,0,70.625,206.0,31.375,74.375,17.0,1.52,4.47,42.0,138.0,7.31,4.46,4.37,0.8620355445339947,77.72
KJ Hamler - 61590,2019,32.37,36.64,4.27,26.18,37.73,52.14,2,61.21,77.1,0.0,0.0,0.8965952080706179,0.9358645047359127,0.8156204848290255,0.9610880922356332,0.7578814627994955,0.8924518104845973,0.8402089713565123,0.7241938389479373,0.9061430372905783,0.9149141114143522,0.8362497993257345,0.9002247551773961,0.8738962915395729,0.7735591587734789,0.9205329908492534,0.8974955851661582,0.5512120725638144,0.7730775405362016,0.6953764649221383,0.5875742494782469,0.7941884732701878,1,0,1,0,68.625,178.0,30.75,72.5,15.0,1.506,4.38,35.0,122.4,6.959999999999999,4.228,4.36,0.8779479231246126,79.45
Zay Jones - 11792,2016,40.25,36.28,-3.97,32.42,43.19,56.71,3,100.0,60.4,2.0,0.67,0.7398666906863628,0.8901107721945738,0.5719216567667362,0.9976580796252927,0.9376688884885607,0.8947937308593046,0.6442082507656278,0.16537560799855883,0.5687263556116016,0.9984748755819554,0.9895649381923263,0.95561085246428,0.706533954085728,0.22732380799486274,0.6444052014769626,0.9812971584524001,0.5740889388344839,0.5371648739765612,0.5551452881682453,0.14617113501364584,0.4461390271311607,0,0,0,1,74.13,201.0,32.5,77.5,15.0,1.51,4.45,36.5,133.0,6.79,4.01,4.432,1.0054536061169663,90.47
Antonio Gibson - 78050,2019,5.5,36.1,30.6,30.86,39.74,51.07,1,65.01,93.94,0.0,0.0,0.6793370563862368,0.792823888264569,0.5430245625301011,0.6467303188614664,0.4640605296343001,0.8720951179967573,0.9524410016213295,0.47721131327688704,0.8926319582057287,0.8493337614384331,0.631963397013967,0.8491732220260074,0.9824209343393803,0.5258468454005458,0.9800128431529941,0.18502167282067747,0.42920211912024403,0.7975598009311285,0.9018301493016535,0.4077701075614063,0.26585326697704287,0,0,1,0,72.375,228.0,31.125,75.5,16.0,1.51,4.39,35.0,118.0,6.965999999999999,4.1899999999999995,4.48,0.7244038024385203,87.39
Marquez Callaway - 42295,2019,39.7,35.72,-3.98,28.43,35.68,42.6,3,5.66,74.14,3.0,1.0,0.30805260313457034,0.4918927596724996,0.19473430727243538,0.8650693568726355,0.53053503873176,0.7962529274004684,0.7915690866510539,0.8955143217438299,0.5499909926139435,0.85455129234227,0.7222668165034516,0.8043024562530101,0.8658693209182854,0.9636378230855676,0.6444052014769626,0.6826938513405041,0.36899983946058756,0.6769144324931771,0.4958259752769305,0.6183175469577782,0.46508267779739926,1,1,0,0,73.25,205.0,32.375,78.875,17.8,1.55,4.55,38.0,126.0,6.998,4.304,4.46,0.7237838396362885,69.04
DJ Chark - 47702,2017,59.35,35.69,-23.66,32.26,38.9,54.97,2,62.28,64.74,1.0,0.5,0.5370203566924878,0.5857280462353508,0.5504896452078986,0.8119257791388939,0.7632858944334354,0.9416321383534498,0.6665465681859124,0.9618086831201585,0.5764727076202486,0.7995665435864505,0.7465082677797399,0.9531224915716808,0.7127147214641194,0.969096163108043,0.6718574410017659,0.6536362176914432,0.6737839139508749,0.8232461069192487,0.595922298924386,0.925349173222026,0.4461390271311607,1,0,1,0,74.875,199.0,32.375,79.0,16.0,1.54,4.34,40.0,129.0,6.958,4.25,4.464,0.6898925397809464,85.29
Tamorrion Terry - 61258,2020,7.51,35.58,28.07,29.85,38.46,55.5,3,14.41,82.95,2.0,0.67,0.2518465141415961,0.3739765612457858,0.19770428640231177,0.9470365699873896,0.5916051161952801,0.8396685281931183,0.8286795172041074,0.8502972437398667,0.8149882903981265,0.9740728848932413,0.7656124578584043,0.9286402311767539,0.8488521432011559,0.9461390271311607,0.9666880719216567,0.5370043345641355,0.26561245785840426,0.6366993096805266,0.46813292663348854,0.6846203242896131,0.391234548081554,1,1,0,0,74.75,207.0,33.375,78.125,15.8,1.546,4.508000000000001,37.2,127.0,6.964,4.226,4.64,0.8151250258317835,72.49
John Ross - 11764,2016,42.69,35.54,-7.15,23.92,36.35,44.58,2,100.0,79.34,0.0,0.0,0.21041253828139075,0.30646973832075775,0.18437951517097448,0.7764366780760223,0.9787425689065034,0.9832462619347865,0.9926139434336155,0.7917492343721851,0.9783822734642407,0.909857119922941,0.9733504575373254,0.9784074490287366,0.987799004655643,0.8746989886017017,0.9939797720340343,0.40150907047680207,0.9070476802054904,0.96203242896131,0.9733504575373254,0.5783432332637662,0.5297800610049768,1,0,1,0,70.75,188.0,31.5,72.88,11.0,1.46,4.22,37.0,133.0,6.872,4.194000000000001,4.382,0.942217400289316,97.34
Travis Fulgham - 48023,2018,37.97,35.41,-2.56,23.75,32.29,38.3,2,58.72,40.29,1.0,0.5,0.48892091515042335,0.6509873173864184,0.24257505217530903,0.9083048099441542,0.5233291298865069,0.540443163393983,0.7616645649432535,0.7654476670870114,0.32624752296883447,0.9882806228929202,0.685262481939316,0.8416278696419971,0.8952480333921978,0.8459624337774924,0.5297800610049768,0.4404398779900466,0.04149943811205651,0.16824530422218656,0.0,0.6669609889227806,0.1457697864825815,0,0,1,0,74.5,215.0,33.75,80.375,15.0,1.58,4.58,36.5,126.0,7.108,4.406000000000001,4.52,0.4809650754288076,71.03
Braxton Berrios - 47961,2017,44.3,35.33,-8.97,21.74,31.63,37.69,3,86.68,31.71,0.0,0.0,0.7587822014051522,0.9335366832557392,0.40921496227323806,0.702576112412178,0.5528733561520447,0.4721671770852099,0.8230949378490362,0.4384795532336516,0.3813727256350207,0.9397977203403436,0.6347728367314176,0.6536362176914432,0.8794349012682614,0.8650666238561567,0.5143682774121047,0.307593514207738,0.19417241932894524,0.3609728688393,0.0,0.04727885695938353,0.2103066302777332,1,0,1,0,68.625,184.0,28.0,68.25,11.0,1.578,4.5200000000000005,35.5,121.8,6.794,4.174,4.409999999999999,0.37371151064269476,71.0
AT Perry - 77975,2022,43.01,35.1,-7.91,29.06,37.15,48.15,3,38.09,64.64,2.0,0.67,0.26553774094757704,0.3799967892117515,0.26304382725959224,0.8454332552693209,0.9160511619528013,0.8879481174563142,0.9457755359394704,0.8220140515222483,0.13330931363718249,0.98715684700594,0.9480655000802697,0.9276769947021994,0.9693369722266817,0.8459624337774924,0.4799325734467812,0.06485792262000321,0.6649542462674587,0.5221544389147535,0.47848771873494944,0.7425750521753091,0.0026489003050248834,1,1,0,0,75.5,198.0,33.25,81.625,13.4,1.59,4.47,35.0,133.0,7.0600000000000005,4.319999999999999,4.56,0.9029530894812978,74.2
Lawrence Cager - 34914,2019,42.16,34.81,-7.35,27.58,34.27,42.94,3,3.07,55.09,3.0,1.0,0.18663303909205547,0.34178840905442287,0.03692406485792262,0.5730499009187534,0.6388038191316879,0.7360835885426049,0.9104665825977302,0.8189515402630156,0.2102323905602594,0.7404077701075614,0.9106598169850698,0.9755980093112859,0.9344196500240809,0.9125862899341789,0.3104832236314015,0.3381762722748435,0.3401027452239525,0.1976240166960989,0.6436025044148338,0.4960667843955691,0.16527532509231016,1,1,0,0,76.75,220.0,33.375,79.375,15.6,1.552,4.588,33.3,118.4,7.018000000000001,4.354,4.67,0.40222979954536064,58.42
DeAndre Smelter - 9565,2014,11.78,34.78,23.0,29.73,33.87,36.63,1,100.0,88.94,0.0,0.0,0.1360115294541524,0.16728206774763205,0.16728206774763205,0.5735903440821474,0.9947757160871915,0.9971176364618988,0.9918933525490903,0.9228967753557917,0.8384074941451991,0.5388505378070316,0.992936265853267,0.9953443570396532,0.9851501043506181,0.9044790496066785,0.8042221865467972,0.5388505378070316,0.992936265853267,0.9953443570396532,0.9851501043506181,0.9044790496066785,0.8042221865467972,1,0,1,0,74.125,226.0,32.625,78.5,15.0,1.598,4.542,34.2,119.4,6.796000000000001,4.186,4.488,0.9093593717710271,71.48
Charlie Jones - 55038,2022,38.74,34.73,-4.01,26.71,40.68,56.81,3,34.15,85.9,1.0,0.33,0.573410196361016,0.7778937229089742,0.33303901107721945,0.902720230589083,0.8216537560799856,0.8627274364979283,0.8755179246982525,0.8344442442803098,0.4770311655557557,0.9910900626103708,0.9527211430406165,0.9325734467811848,0.8961310001605394,0.9461390271311607,0.5297800610049768,0.5417402472306951,0.16623856156686467,0.40809118638625785,0.6371006582115909,0.46741049927757267,0.3775886980253652,1,0,1,0,71.375,175.0,31.625,74.0,13.0,1.51,4.43,36.5,124.0,7.034000000000001,4.311999999999999,4.43,0.9246517875594131,76.27
Breshad Perriman - 9459,2014,53.79,34.62,-19.17,31.67,40.44,54.77,1,100.0,42.25,0.0,0.0,0.1470005404431634,0.1787606357360732,0.1787606357360732,0.9803638983966853,0.8039992794091154,0.9396505134210053,0.9133489461358314,0.9396505134210053,0.6025941271842912,0.9494300850858886,0.7647294910900626,0.9076095681489805,0.8696419971102906,0.925349173222026,0.5866110130036924,0.9494300850858886,0.7647294910900626,0.9076095681489805,0.8696419971102906,0.925349173222026,0.5866110130036924,1,0,1,0,74.0,212.0,32.0,79.375,19.0,1.532,4.42,40.2,132.4,6.925999999999999,4.168,4.422,0.9012998553420128,99.0
Keke Coutee - 47698,2017,43.75,34.47,-9.28,30.49,39.37,54.5,2,79.26,85.95,0.0,0.0,0.7059989191136732,0.8741371006582116,0.040616471343714884,0.8820032426589803,0.8720951179967573,0.914790127904882,0.8713745271122321,0.2361736624031706,0.9275806161052063,0.9781666399100979,0.9202921817306149,0.9643602504414834,0.9023920372451437,0.38818429924546477,0.9300048161823727,0.48258147375180604,0.20886177556590144,0.20709584202921819,0.0,0.162144806550008,0.8145769786482582,1,0,1,0,69.75,181.0,29.875,70.625,14.0,1.53,4.43,34.5,113.0,6.93,4.15,4.352,0.9529634221946683,69.87
Chris Conley - 9509,2014,36.05,34.37,-1.68,27.88,38.46,48.73,1,100.0,35.97,0.0,0.0,0.47595027922896777,0.5133247712313372,0.5133247712313372,0.8250765627814808,0.6474509097459917,0.9353269681138534,0.9690145919654116,0.9165916051161953,0.45775535939470363,0.7386418365708781,0.6091668004495103,0.9024723069513566,0.9480655000802697,0.8991009792904158,0.46508267779739926,0.7386418365708781,0.6091668004495103,0.9024723069513566,0.9480655000802697,0.8991009792904158,0.46508267779739926,1,0,1,0,73.875,213.0,33.75,81.0,18.0,1.52,4.35,45.0,139.0,7.06,4.3,4.502000000000001,0.8149183715643729,95.94
Richie James - 28991,2017,37.88,33.88,-4.0,27.9,36.27,47.03,3,81.69,86.03,1.0,0.33,0.8502972437398667,0.827580671054744,0.8035800288970942,0.9493784903620969,0.987389659520807,0.967032967032967,0.9128085029724374,0.1835705278328229,0.8784002882363539,0.99357842350297,0.9913308717290095,0.9770428640231177,0.8881040295392519,0.3218815219136298,0.9323326376625461,0.5124418044629957,0.9580992133568791,0.7497993257344678,0.8431529940600417,0.08179483063091988,0.4799325734467812,0,0,0,1,70.125,183.0,31.25,76.375,6.0,1.59,4.48,35.5,122.0,6.87,4.16,4.382,0.9984273610250052,66.88
Trent Taylor - 11932,2016,20.54,33.84,13.3,26.02,38.92,58.11,3,100.0,73.61,1.0,0.33,0.9565843992073501,0.9687750842831915,0.893883448386579,0.9944154206449288,0.935146820392722,0.9547829219960368,0.904341560079265,0.24175824175824176,0.8149882903981265,0.9967892117514849,0.9552897736394285,0.9717450634130679,0.8734146733022957,0.36899983946058756,0.8746989886017017,0.946540375662225,0.7920211912024402,0.7758067105474394,0.8323165837213036,0.1407930646973832,0.6444052014769626,0,0,0,1,68.0,181.0,28.75,68.88,13.0,1.53,4.63,33.0,117.0,6.74,4.01,4.436,1.004007026245092,54.06
Dyami Brown - 77986,2020,37.92,33.83,-4.09,29.78,38.11,52.21,2,14.15,82.37,2.0,1.0,0.04395604395604396,0.09166800449510355,0.03531867073366512,0.9209151504233472,0.6359214555935867,0.8692127544586561,0.9101062871554675,0.8910106287155467,0.6211493424608179,0.9653234869160379,0.7545352384010274,0.9649221383849735,0.9296837373575213,0.9429282388826457,0.6859849092952319,0.591989083319955,0.39267940279338576,0.2573446781184781,0.44116230534596246,0.5783432332637662,0.548242093433938,1,1,0,0,72.625,189.0,32.75,77.25,15.8,1.532,4.484,35.3,122.2,7.046000000000001,4.322,4.47,0.7731742095474272,73.52
KJ Hill - 28025,2019,3.55,33.69,30.14,23.38,38.14,52.11,4,72.09,74.36,2.0,0.5,0.9245181048459737,0.9308877829507144,0.8559961470541018,0.830120698973158,0.8652495045937669,0.9009187533777697,0.8670509818050801,0.1724013691226806,0.7582417582417582,0.8914753572001927,0.9493498153796757,0.9359447744421255,0.9340985711992295,0.27861615026489,0.8746989886017017,0.37253170653395407,0.6370203885053781,0.6873494943008509,0.6008990207095842,0.11815700754535238,0.4461390271311607,1,0,0,1,71.875,196.0,29.125,72.5,17.0,1.52,4.6,32.5,114.0,7.044,4.3020000000000005,4.42,0.8734015292415789,58.59
Kalija Lipscomb - 29112,2019,8.37,33.63,25.26,24.67,38.58,56.15,4,40.0,70.85,2.0,0.5,0.44640605296343,0.54438914753572,0.41282709905281745,0.8706539362277067,0.946676274545127,0.8468744370383715,0.8711943793911007,0.6180868312015853,0.6195280129706359,0.9075292984427678,0.97487558195537,0.9478246909616311,0.9731096484186867,0.8495745705570718,0.7853588055867715,0.6517097447423342,0.7611976240166961,0.4307272435382887,0.5211912024401991,0.338497351099695,0.391234548081554,1,0,1,0,71.875,207.0,32.875,79.0,16.0,1.53,4.57,32.0,127.0,7.07,4.356,4.43,0.8692684438933664,67.12
Roger Lewis - 11246,2015,39.04,33.57,-5.47,22.48,31.74,41.12,2,100.0,53.69,0.0,0.0,0.3597549990992614,0.4214159576175951,0.37855193449991975,0.9989191136732121,0.7787785984507296,0.9056025941271842,0.8893892992253648,0.8403891190776437,0.7924698252567105,0.9979932573446781,0.7711510675870926,0.9286402311767539,0.9310483223631402,0.8260555466366993,0.8452400064215765,0.9976721785198266,0.6960988922780542,0.7497993257344678,0.6720179804141917,0.7944292823888265,0.6318831273077541,0,0,1,0,72.375,201.0,32.0,74.375,8.0,1.56,4.57,33.5,116.0,7.026000000000001,4.202,4.444000000000001,0.9583364331473445,59.44
Byron Pringle - 42345,2017,38.22,33.57,-4.65,22.45,33.01,46.91,2,60.36,45.2,1.0,0.5,0.244640605296343,0.3935623695617274,0.14127468293466047,0.8720951179967573,0.849936948297604,0.9210952981444784,0.8369663123761485,0.9063231850117096,0.7468924518104846,0.8350457537325413,0.8207577460266495,0.9392358323968534,0.8944453363300691,0.9358645047359127,0.8543104832236315,0.7195376464922139,0.7893722908974153,0.7660138063894686,0.6753090383689195,0.800529780061005,0.49783271793225237,1,0,1,0,73.125,203.0,32.0,77.375,15.0,1.5,4.46,33.5,120.0,6.87,4.4,4.516,0.52828890266584,74.62
Devaughn Vele - 100637,2023,45.59,33.47,-12.12,26.71,36.14,48.81,2,25.15,39.23,1.0,0.5,0.5280129706359215,0.6111735431048322,0.36611013003692405,0.8517384255089173,0.5485498108448928,0.4451450189155107,0.5146820392722032,0.8403891190776437,0.16483516483516483,0.9735109969497512,0.662225076256221,0.7038850537807032,0.6306790817145609,0.9597046074811366,0.2956333279820196,0.1900786643120886,0.040937550168566386,0.03475678279017499,0.0,0.536041098089581,0.10571520308235671,1,0,1,0,76.0,203.0,33.5,79.125,15.6,1.53,4.47,36.0,126.0,7.006,4.352,4.57,0.3420934077288696,75.71
Cedrick Wilson - 48170,2017,37.41,33.08,-4.33,23.07,39.07,66.85,2,75.23,93.56,0.0,0.0,0.277607638263376,0.4045593193128913,0.2063734146733023,0.959827058187714,0.9742388758782201,0.9909926139434336,0.9374887407674293,0.8508376869032607,0.8857863448027382,0.9658051051533152,0.9707818269385134,0.9873976561245786,0.9725477604751966,0.879033552737197,0.8746989886017017,0.80374056830952,0.9408412265211109,0.9792904157970782,0.7668967731578102,0.7425750521753091,0.8209182854390753,0,0,1,0,74.25,197.0,31.5,77.375,9.0,1.5,4.55,37.0,121.0,6.89,4.23,4.412,1.0035937177102707,70.7
Ronnie Bell - 84288,2022,22.38,32.68,10.3,25.32,34.78,43.46,3,48.83,67.16,0.0,0.0,0.6514141596108809,0.7595922298924386,0.5900626103708461,0.7515762925598991,0.8585840389119077,0.9068636281751036,0.542604936047559,0.4143397586020537,0.935146820392722,0.8741371006582116,0.9103387381602184,0.9133889869963076,0.9462192968373736,0.5476802054904479,0.9653234869160379,0.26673623374538447,0.193048643441965,0.8294268742976401,0.3848932412907369,0.17378391395087495,0.5646171135013646,1,0,1,0,71.625,191.0,31.0,75.0,14.0,1.52,4.54,38.5,120.0,6.98,4.15,4.47,0.6820396776193428,63.77
Dazz Newsome - 61510,2020,2.26,32.44,30.18,25.85,34.03,48.16,4,65.49,83.36,1.0,0.25,0.9329850477391461,0.9791298763846524,0.7904157970781827,0.851017834624392,0.8189515402630156,0.8838047198702936,0.8124662223022878,0.2648171500630517,0.8636281751035849,0.9065660619682132,0.925349173222026,0.9366672017980414,0.9243056670412586,0.4379515170974474,0.8996628672339059,0.38216407127949914,0.49855514528816824,0.7229089741531546,0.0,0.18550329105795474,0.6718574410017659,1,0,1,0,70.125,190.0,29.875,72.75,17.4,1.5419999999999998,4.548,32.8,119.8,7.176,4.306,4.47,0.8717482951022939,53.93
Jerrod Means - 98847,2023,28.42,32.41,3.99,26.07,34.08,45.96,3,21.36,65.38,3.0,1.0,0.2413979463159791,0.27941884732701877,0.27941884732701877,0.9326247522968835,0.8463339938749774,0.870293640785444,0.8457935507115835,0.9396505134210053,0.6211493424608179,0.8583239685342752,0.8036602986033071,0.8232461069192487,0.8064697383207577,0.925349173222026,0.5992936265853267,0.8583239685342752,0.8036602986033071,0.8232461069192487,0.8064697383207577,0.925349173222026,0.5992936265853267,1,1,0,0,73.0,212.0,33.25,79.375,19.0,1.55,4.43,39.5,122.0,7.0760000000000005,4.3740000000000006,4.54,0.6326493077082042,77.19
Collin Johnson - 47808,2019,25.92,32.21,6.29,21.27,34.52,58.59,4,35.85,63.76,3.0,0.75,0.2673392181588903,0.34596243377749236,0.24257505217530903,0.9508196721311475,0.7112232030264817,0.7490542244640606,0.6216897856242118,0.7640064853179608,0.3370563862367141,0.9867554984748755,0.6921656766736234,0.7975598009311285,0.7281265050569915,0.8746989886017017,0.5143682774121047,0.6895970460748113,0.6529940600417402,0.4739926151870284,0.42101460908653077,0.6386257826296355,0.16527532509231016,1,1,0,0,77.625,222.0,31.75,78.5,17.0,1.536,4.542,34.4,124.0,7.1,4.424,4.58,0.9172122339326307,70.47
Jalin Marshall - 11259,2015,40.42,32.2,-8.22,23.92,32.46,40.04,2,100.0,31.61,1.0,0.5,0.6681678976760944,0.7913790335527372,0.5091507465082677,0.8683120158529994,0.6103404791929382,0.7005944874797334,0.8731760043235453,0.36065573770491804,0.9129886506935687,0.7830309841065982,0.5754535238401027,0.6837373575212715,0.8628993417884091,0.5783432332637662,0.9422058115267298,0.7700272917001124,0.5703965323486916,0.6300369240648579,0.7937871247391235,0.18550329105795474,0.7408091186386258,1,0,1,0,70.5,200.0,31.5,75.75,16.0,1.56,4.6,37.5,125.0,6.8,4.13,4.444,0.4410808018185576,67.56
Cedric Tillman - 84434,2022,32.39,32.18,-0.21,27.88,37.14,53.36,2,22.98,73.7,2.0,1.0,0.3221041253828139,0.5084283191523519,0.25614063252528496,0.6569987389659521,0.7115834984687444,0.7398666906863628,0.9185732300486399,0.9156908665105387,0.3096739326247523,0.9671696901589341,0.9197302937871248,0.8965323486916038,0.9540857280462354,0.9654037566222508,0.5646171135013646,0.0943971745063413,0.25020067426553216,0.17787766896773158,0.6349333761438433,0.7735591587734789,0.11976240166960989,1,1,0,0,75.375,213.0,32.75,79.25,17.8,1.53,4.54,37.0,128.0,7.1579999999999995,4.382,4.5,0.5896652200867948,75.03
Quez Watkins - 61664,2019,32.95,32.07,-0.88,24.12,40.59,61.56,3,30.26,84.99,1.0,0.33,0.29310034228067017,0.5569112217049286,0.06774763204366673,0.9183930823275086,0.8967753557917493,0.9149702756260133,0.8387677895874617,0.6395244100162133,0.8893892992253648,0.9262321399903677,0.9026328463637823,0.9609086530743297,0.8882645689516776,0.7648097607962755,0.9300048161823727,0.6123775886980254,0.6816503451597368,0.6574891635896613,0.5970460748113662,0.28592069353026167,0.6859849092952319,0,0,1,0,72.125,185.0,32.875,78.875,13.6,1.51,4.35,36.5,125.0,7.28,4.36,4.58,0.902333126679066,79.85
Anthony Gould - 97078,2023,7.99,31.76,23.77,7.59,23.69,36.94,2,51.07,60.43,0.0,0.0,0.5748513781300667,0.827580671054744,0.22339059239043185,0.5489101062871554,0.7425689065033327,0.6894253287695911,0.6553774094757702,0.8393082327508558,0.20590884525310754,0.80374056830952,0.8076737839139508,0.9076095681489805,0.776689677315781,0.9152351902392037,0.6318831273077541,0.026810081875100335,0.17498795954406807,0.0016053941242575051,0.0,0.6482581473751806,0.0026489003050248834,1,0,1,0,68.375,174.0,29.625,69.875,11.6,1.49,4.39,39.5,129.0,6.9079999999999995,4.16,4.33,0.5997912791899153,81.97
AmonRa St Brown - 84470,2020,96.16,31.43,-64.73,21.53,29.58,38.08,3,38.04,74.05,1.0,0.33,0.7027562601333093,0.8002087012361535,0.5903836891956975,0.9535218879481174,0.7809403711043055,0.8731760043235453,0.7785984507295983,0.425508917312196,0.45775535939470363,0.9953443570396532,0.9511960186225719,0.9263124096965805,0.9275164552897737,0.5570717611173543,0.6318831273077541,0.7275646171135014,0.5268903515813133,0.718815219136298,0.6142237919409215,0.27861615026489,0.35976882324610693,1,0,1,0,71.5,197.0,30.375,74.625,13.8,1.548,4.554,34.1,122.0,6.9879999999999995,4.272,4.54,0.8977867327960323,64.67
Deontay Burnett - 47477,2017,7.19,31.39,24.2,22.07,31.54,41.09,2,79.37,75.35,0.0,0.0,0.8209331651954602,0.7845561085246427,0.768983785519345,0.8463339938749774,0.9068636281751036,0.9333453431814087,0.8774995496306972,0.2513060709782021,0.8059809043415601,0.9786482581473752,0.9121046716969016,0.9601862257184138,0.8851340504093755,0.4077701075614063,0.9166800449510355,0.21407930646973833,0.6043506180767378,0.787606357360732,0.0,0.162144806550008,0.5992936265853267,1,0,1,0,71.625,186.0,31.5,74.5,11.8,1.552,4.55,34.6,118.4,6.9300000000000015,4.214,4.436,0.9490369911138665,54.26
Jahan Dotson - 84375,2021,51.39,31.31,-20.08,25.92,34.09,48.36,4,54.1,82.17,0.0,0.0,0.40929562241037654,0.5523358484507946,0.21929683737357522,0.9216357413078724,0.7472527472527473,0.8411097099621689,0.8708340839488381,0.6872635561160151,0.7330210772833724,0.9780061004976722,0.9445336330069032,0.9239043185101943,0.9194092149622732,0.8074329747953123,0.8543104832236315,0.4277572644084123,0.11847808637020389,0.4307272435382887,0.0,0.4960667843955691,0.32910579547278856,1,0,1,0,70.625,178.0,30.75,74.0,15.6,1.55,4.43,36.0,121.0,7.28,4.343999999999999,4.41,0.8322773300268651,67.45
Derius Davis - 78196,2022,36.16,31.28,-4.88,14.06,30.14,39.17,3,58.26,65.89,1.0,0.33,0.8708340839488381,0.944052014769626,0.7512441804462996,0.5395424247883265,0.767429292019456,0.8549810844892812,0.6780760223383174,0.4110970996216898,0.9052422986849217,0.7419328945256061,0.8485310643763044,0.9286402311767539,0.9943811205650988,0.6577299727082999,0.9593032589500723,0.13581634291218495,0.38906726601380637,0.4137100658211591,0.0,0.13421094878792744,0.49783271793225237,1,0,1,0,68.375,165.0,29.25,69.0,12.6,1.46,4.36,36.2,123.6,6.984,4.38,4.32,0.383424261210994,78.12
Keon Coleman - 144949,2023,68.72,30.64,-38.08,21.86,33.35,54.23,2,20.42,81.76,1.0,0.5,0.41145739506395246,0.5632525284957457,0.16728206774763205,0.8333633579535219,0.7834624392001441,0.6955503512880562,0.9328049000180147,0.47162673392181587,0.4202846333993875,0.9220581152672981,0.7420934339380317,0.8008508588858565,0.941403114464601,0.5984909295231979,0.7510033713276609,0.14255899823406645,0.7200192647294911,0.4307272435382887,0.8130518542302135,0.2206614223791941,0.1391876705731257,1,0,1,0,75.25,213.0,32.125,78.125,17.2,1.54,4.61,38.0,127.0,7.218000000000001,4.3,4.5,0.8052056209960736,77.42
Josh Reynolds - 11872,2016,40.52,30.63,-9.89,24.3,33.36,47.74,3,100.0,54.08,0.0,0.0,0.046297964330751215,0.10483223631401509,0.02994060041740247,0.9863087731940191,0.5436858223743469,0.8645289137092416,0.9266798774995496,0.7582417582417582,0.7840028823635381,0.9703002087012361,0.6489805747310965,0.8723711671215283,0.9456574088938835,0.7944292823888265,0.8868999839460587,0.9623535077861615,0.386739444533633,0.7459463798362498,0.6464922138384973,0.6077219457376786,0.548242093433938,1,0,1,0,74.88,194.0,31.5,76.5,13.2,1.57,4.52,37.0,124.0,6.83,4.13,4.444000000000001,0.9649493697044844,67.77
Isaiah McKenzie - 11927,2016,33.04,30.3,-2.74,14.61,27.36,39.41,1,100.0,59.96,0.0,0.0,0.7695910646730318,0.8412265211109328,0.666639910097929,0.42839128085029726,0.926860025220681,0.8477751756440282,0.8958746171860926,0.2239236173662403,0.9473968654296523,0.6554824209343394,0.9749558516615829,0.9505538609728689,0.9572162465885374,0.27861615026489,0.95561085246428,0.11671215283352063,0.4635575533793546,0.5264890030502488,0.0,0.20043345641354954,0.8746989886017017,1,0,1,0,67.5,173.0,28.88,68.25,11.0,1.49,4.42,36.0,123.0,6.64,4.15,4.412000000000001,0.5096900185988841,82.7
Tajae Sharpe - 10774,2015,37.77,30.07,-7.7,21.69,31.64,45.73,2,100.0,62.26,0.0,0.0,0.5045937668888488,0.5729651629475037,0.5028897094236635,0.9967573410196361,0.9673932624752297,0.9347865249504593,0.6640245000900739,0.6333993874977482,0.3720050441361917,0.994862738802376,0.9777652913790336,0.9042382404880398,0.7082196179161985,0.7113501364585005,0.548242093433938,0.9926151870284154,0.8755819553700434,0.8986996307593514,0.5739283994220581,0.4960667843955691,0.22234708620966448,0,0,1,0,74.0,194.0,32.25,77.5,11.0,1.53,4.55,33.5,114.0,7.042,4.3100000000000005,4.418000000000001,1.0085534201281257,58.68
John Hightower - 84142,2019,32.15,29.74,-2.41,17.48,29.88,44.33,2,35.05,82.14,2.0,1.0,0.23905602594127184,0.27941884732701877,0.2749237437790978,0.8067014952260854,0.9079445145018915,0.9798234552332913,0.9567645469284813,0.9461358313817331,0.8450729598270582,0.9159576175951196,0.9833841708139348,0.9889227805426232,0.987799004655643,0.9461390271311607,0.8145769786482582,0.465885374859528,0.7642478728527854,0.9002247551773961,0.8605715203082357,0.9152351902392037,0.7941884732701878,0,1,0,0,73.5,189.0,31.5,75.125,14.8,1.49,4.43,38.5,122.0,7.07,4.21,4.45,0.8616222359991734,78.6
Jamarcus Nelson - 13391,2014,7.32,29.5,22.18,9.92,24.02,36.47,1,100.0,45.06,0.0,0.0,0.47000540443163397,0.5091507465082677,0.5091507465082677,0.8319221761844713,0.8265177445505314,0.9275806161052063,0.7831021437578815,0.870293640785444,0.9650513421005225,0.7444212554182051,0.7866431208861776,0.8902713116069996,0.7437790977685022,0.8459624337774924,0.9472628030181409,0.7444212554182051,0.7866431208861776,0.8902713116069996,0.7437790977685022,0.8459624337774924,0.9472628030181409,0,0,1,0,70.25,156.0,31.125,73.0,11.6,1.49,4.28,36.0,127.0,7.02,4.15,4.42,0.4706323620582765,89.07
Darren Waller - 9637,2014,26.02,29.42,3.4,24.84,32.12,43.79,1,100.0,74.7,0.0,0.0,0.04215456674473068,0.06212875260876545,0.06212875260876545,0.5858403891190777,0.9221761844712665,0.9533417402269861,0.9828859664925239,0.9688344442442803,0.25598991172761665,0.5479210146090865,0.8881842992454647,0.9263124096965805,0.9712634451757907,0.9611494621929684,0.27861615026489,0.5479210146090865,0.8881842992454647,0.9263124096965805,0.9712634451757907,0.9611494621929684,0.27861615026489,1,0,1,0,78.125,238.0,33.25,80.5,12.0,1.57,4.46,37.0,125.0,7.07,4.25,4.500000000000001,0.8785678859268444,87.08
Jaelon Darden - 61522,2020,5.4,29.25,23.85,22.94,31.99,49.26,3,71.67,79.94,2.0,0.67,0.9003783102143758,0.944052014769626,0.7834323326376625,0.85209872095118,0.9592866150243199,0.9329850477391461,0.9800036029544227,0.19708160691767249,0.8250765627814808,0.8448386578905122,0.9966286723390593,0.9947021993899502,0.9977524482260395,0.6482581473751806,0.8746989886017017,0.6875903034194895,0.6526729812168888,0.3972547760475197,0.6822122331032269,0.10972868839300048,0.6596564456574089,0,1,0,0,67.625,174.0,30.625,72.5,11.2,1.536,4.426,35.2,123.0,6.9879999999999995,4.264,4.48,0.8446765860715024,72.37
Ricardo Louis - 10748,2015,31.53,29.23,-2.3,25.91,34.54,49.35,2,100.0,47.04,0.0,0.0,0.5074761304269501,0.6208861775565901,0.32613581634291217,0.5676454692848135,0.990091875337777,0.9706359214555936,0.8648892091515042,0.7034768510178346,0.7431093496667267,0.6250602022796596,0.995504896452079,0.9812971584524001,0.9145930325895008,0.85455129234227,0.8685984909295232,0.42550971263445175,0.8749397977203404,0.8491732220260074,0.7351902392037245,0.4077701075614063,0.4461390271311607,1,0,1,0,73.75,215.0,32.375,77.5,18.0,1.53,4.43,38.0,132.0,6.926,4.168,4.473999999999999,0.6531080801818557,90.31
Ladd McConkey - 124030,2023,94.78,29.05,-65.73,18.91,33.66,50.65,3,58.3,87.29,0.0,0.0,0.5373806521347505,0.6348531064376305,0.4918927596724996,0.733381372725635,0.8173302107728337,0.9600072059088453,0.9052422986849217,0.49090254008286793,0.8189515402630156,0.8830470380478408,0.8218815219136298,0.9709423663509391,0.9480655000802697,0.6183175469577782,0.8209182854390753,0.5072242735591588,0.7585487237116713,0.8294268742976401,0.7029218173061487,0.2591908813613742,0.7510033713276609,1,0,1,0,71.625,186.0,30.25,72.0,13.0,1.52,4.39,36.0,124.0,6.95,4.228,4.47,0.8196714197148172,82.88
Zay Flowers - 97268,2022,83.77,28.91,-54.86,21.75,36.39,55.13,4,60.59,75.75,0.0,0.0,0.5449468564222663,0.6456895167763685,0.46155081072403276,0.936768149882904,0.8492163574130788,0.8720951179967573,0.9074040713384975,0.7283372365339579,0.8535399027202306,0.9867554984748755,0.8465243217209825,0.8580028897094236,0.9068871407930646,0.8260555466366993,0.8543104832236315,0.5899020709584203,0.6018622571841387,0.7074169208540697,0.7497993257344678,0.39821801252207417,0.7639267940279338,1,0,1,0,69.25,182.0,29.25,72.25,13.2,1.53,4.42,35.5,127.0,6.960000000000001,4.194,4.4,0.8893139078321968,73.49
Duke Williams - 11366,2015,33.73,28.78,-4.95,18.08,25.03,29.46,2,100.0,51.31,0.0,0.0,0.7335615204467664,0.7134371488200353,0.6912827099052817,0.5534137993154387,0.9630697171680779,0.9319041614123581,0.8731760043235453,0.7683300306251126,0.2421185372005044,0.6305185423021352,0.9787285278535881,0.9820998555145288,0.900947182533312,0.7874458179483063,0.3441965002408091,0.3942045272114304,0.6928881040295393,0.5097929041579707,0.5776208059078504,0.6753893080751324,0.19898860170171778,1,0,1,0,74.25,229.0,32.5,78.5,14.0,1.59,4.72,30.0,121.0,7.43,4.47,4.482000000000001,0.795699524695185,61.51
Ainias Smith - 99207,2023,30.62,28.63,-1.99,22.91,30.24,43.29,5,47.33,74.95,1.0,0.2,0.7342821113312916,0.7752448226039492,0.6313212393642639,0.7784183030084669,0.7894073139974779,0.8501170960187353,0.8002161772653575,0.3357953521887948,0.7958926319582057,0.880317868036603,0.8334403596082839,0.9378712473912345,0.8727725156525927,0.39821801252207417,0.9593032589500723,0.39661261839781664,0.7106277091025847,0.5716808476480976,0.45408572804623537,0.27861615026489,0.2956333279820196,1,0,1,0,69.375,190.0,29.0,70.25,21.0,1.5420000000000003,4.574,35.0,121.8,7.144,4.248,4.36,0.8128518288902666,60.0
Chris Moore - 10741,2015,16.66,28.6,11.94,17.33,27.26,37.9,2,100.0,45.61,0.0,0.0,0.20843091334894615,0.26304382725959224,0.2287686627066945,0.9115474689245181,0.6557377049180327,0.9036209691947397,0.9319041614123581,0.9519005584579355,0.9074040713384975,0.8649863541499438,0.6486594959062449,0.8850537807031627,0.9247872852785359,0.9523197945095521,0.9506341306790818,0.7950714400385295,0.5742494782469096,0.8385776208059078,0.8524642799807353,0.9207737999678921,0.6859849092952319,1,0,1,0,73.0,206.0,33.375,76.125,10.0,1.5,4.53,37.0,130.0,6.76,4.2,4.464,0.6905125025831783,82.47
Bryan Edwards - 28486,2019,25.56,28.47,2.91,19.16,28.72,38.36,4,47.62,70.08,1.0,0.25,0.33777697712123944,0.5803499759190881,0.10483223631401509,0.9655917852639164,0.8474148802017655,0.8409295622410377,0.7719329850477391,0.45361196180868313,0.7560799855881823,0.9494300850858886,0.9791298763846524,0.9165997752448226,0.8296676834162787,0.6077219457376786,0.8685984909295232,0.8268582436988281,0.49133087172900947,0.5520950393321561,0.5960828383368116,0.22732380799486274,0.5992936265853267,1,0,1,0,74.75,212.0,32.25,78.625,12.6,1.564,4.602,32.5,121.0,7.118,4.3340000000000005,4.52,0.8626555073362265,65.32
Jermaine Burton - 124017,2023,24.53,28.43,3.9,27.02,33.85,48.99,4,38.01,83.32,2.0,0.5,0.48567825617005944,0.6092470701557232,0.44822603949269546,0.8412898576833003,0.47378850657539184,0.8821833903801117,0.9063231850117096,0.9068636281751036,0.40443163393983067,0.85455129234227,0.6008990207095842,0.9378712473912345,0.9302456253010114,0.9682131963397014,0.5646171135013646,0.6326858243698829,0.24121046716969016,0.6000160539412426,0.65187028415476,0.7648097607962755,0.27861615026489,1,0,1,0,72.25,196.0,31.0,74.875,15.6,1.53,4.45,38.5,133.0,6.9799999999999995,4.232,4.49,0.8099586691465179,80.55
NKeal Harry - 48297,2018,29.76,28.41,-1.35,24.51,32.97,47.42,3,42.94,78.53,1.0,0.33,0.37614844172221223,0.5789853909134692,0.12016375020067427,0.9908124662223022,0.8218339038011169,0.8785804359574851,0.8077823815528734,0.47162673392181587,0.7602233831742028,0.9893241290736876,0.9137100658211591,0.9338577620805908,0.8799967892117515,0.5681489805747311,0.8323968534275165,0.938834483865789,0.5108364103387382,0.4739926151870284,0.596564456574089,0.39821801252207417,0.6444052014769626,1,0,1,0,74.375,228.0,33.0,78.25,27.0,1.55,4.53,38.5,122.0,7.109999999999999,4.216,4.470000000000001,0.9901611903285803,78.04
Auden Tate - 48192,2017,27.94,28.37,0.43,21.58,32.83,46.23,2,55.94,59.59,1.0,0.5,0.3221041253828139,0.38914753572001926,0.3305506501846203,0.8650693568726355,0.5955683660601694,0.6842010448567826,0.9607277967933706,0.8178706539362277,0.33921815889029006,0.8113661903997431,0.6926472949109006,0.6956975437469899,0.9608283833681168,0.8495745705570718,0.46508267779739926,0.7353507786161503,0.40158934018301495,0.586209664472628,0.8860170171777171,0.6941724193289452,0.25381281104511155,1,0,1,0,76.875,228.0,33.75,79.25,15.2,1.51,4.68,31.0,112.0,6.906000000000001,4.24,4.522,0.7673878900599298,58.89
Rashard Higgins - 10806,2015,27.22,28.33,1.11,25.17,29.86,40.42,2,100.0,86.97,0.0,0.0,0.32858944334354173,0.38617755659014286,0.34965484026328464,0.9419924337957125,0.987930102684201,0.9953161592505855,0.9834264096559179,0.6060169338857864,0.8693929021797874,0.9220581152672981,0.9829025525766576,0.9959062449831434,0.9872371167121529,0.5984909295231979,0.9506341306790818,0.8145769786482582,0.9780061004976722,0.9792904157970782,0.9186065179001445,0.5681489805747311,0.5143682774121047,0,0,1,0,73.375,196.0,32.25,76.5,13.0,1.56,4.64,32.0,116.0,7.008,4.33,4.474,1.0060735689191982,53.79
Trey Palmer - 99248,2022,38.04,28.29,-9.75,18.6,28.08,36.66,1,27.1,45.04,0.0,0.0,0.7495946676274545,0.9793706855032911,0.6568470059399583,0.5989911727616646,0.8951540263015673,0.6114213655197261,0.8407494145199064,0.37110430553053503,0.44946856422266257,0.8335206293144967,0.9811366190399743,0.9709423663509391,0.9351420773799968,0.7021993899502328,0.7004334564135495,0.1628672339059239,0.05466366993096805,0.023278214801733827,0.0,0.08484507946700916,0.11976240166960989,1,0,1,0,72.25,192.0,31.875,76.125,13.8,1.51,4.33,37.0,123.6,7.014,4.36,4.46,0.35490597230832815,80.94
Deon Cain - 13597,2017,17.02,28.25,11.23,21.53,34.27,53.96,3,74.42,66.14,0.0,0.0,0.23905602594127184,0.3739765612457858,0.10274522395248033,0.8173302107728337,0.9299225364799135,0.9637903080526031,0.9459556836606017,0.8324626193478653,0.6982525671050261,0.8856156686466528,0.9300048161823727,0.9785679884411623,0.9680526569272756,0.938272595922299,0.8685984909295232,0.5521753090383689,0.840423824048804,0.8008508588858565,0.7884090544228608,0.6669609889227806,0.3441965002408091,1,0,1,0,73.875,202.0,33.0,79.625,11.0,1.53,4.43,33.5,115.0,6.71,4.37,4.436,0.8841475511469312,73.91
Parker Washington - 129799,2022,27.86,27.93,0.07,23.95,31.86,45.92,3,49.16,84.86,0.0,0.0,0.8317420284633399,0.944052014769626,0.7089420452721144,0.9315438659700955,0.6757341019636102,0.797694109169519,0.6811385335975499,0.37975139614483877,0.6858223743469645,0.9446139027131161,0.7701075614063253,0.8357681810884572,0.8296676834162787,0.48458821640712796,0.7510033713276609,0.7668967731578102,0.4776850216728207,0.586209664472628,0.5002408091186387,0.27861615026489,0.4461390271311607,1,0,1,0,69.75,204.0,29.0,72.0,16.0,1.528,4.470000000000001,35.2,120.4,7.042,4.336,4.49,0.9356044637321761,68.13
Corey Coleman - 10649,2015,36.75,27.85,-8.9,24.76,33.38,48.88,2,100.0,82.9,0.0,0.0,0.550351288056206,0.6090865307432974,0.5420613260555467,0.9228967753557917,0.9782021257431094,0.9935146820392722,0.9944154206449288,0.743289497387858,0.8693929021797874,0.8665114785679885,0.9793706855032911,0.9912506020227966,0.9964681329266335,0.7802215443891475,0.8746989886017017,0.8214801733825654,0.9326537164873977,0.9840263284636378,0.9685342751645529,0.6277091025846845,0.7853588055867715,1,0,1,0,70.625,194.0,30.25,72.875,17.0,1.5340000000000003,4.438,40.5,129.0,6.867999999999999,4.234,4.432,0.9951208927464352,76.17
DaeSean Hamilton - 45416,2017,29.81,27.76,-2.05,22.74,29.79,39.65,3,74.64,49.55,0.0,0.0,0.7863448027382454,0.9793706855032911,0.6495424626745866,0.9875698072419384,0.6598811025040533,0.6499729778418303,0.6072779679337056,0.36065573770491804,0.7330210772833724,0.9940600417402472,0.8747792583079146,0.7840744902873655,0.8604912506020228,0.44822603949269546,0.7510033713276609,0.9430085085888585,0.317225878953283,0.4250280943971745,0.37558195537004335,0.2514047198587253,0.6444052014769626,1,0,1,0,72.625,203.0,31.0,75.125,18.6,1.536,4.534000000000001,34.5,118.0,6.84,4.15,4.5200000000000005,0.6580677825997107,67.33
Michael Rector - 12189,2016,2.43,27.5,25.07,17.37,30.66,43.81,2,100.0,11.23,0.0,0.0,0.2727436497928301,0.42872050088296676,0.19770428640231177,0.8248964150603495,0.6499729778418303,0.6451089893712845,0.7892271662763466,0.9434336155647631,0.20014411817690506,0.7757264408412265,0.647375180606839,0.8357681810884572,0.9283191523519024,0.9406004174024724,0.2956333279820196,0.7140793064697383,0.5563493337614385,0.45280141274682933,0.5278535880558677,0.923422700272917,0.1391876705731257,1,0,1,0,72.5,193.0,32.5,78.13,12.8,1.48,4.42,36.5,129.0,6.77,4.19,4.441999999999999,0.24227939656953917,89.46
Geronimo Allison - 11141,2015,30.79,27.3,-3.49,15.71,24.85,30.02,2,100.0,24.02,0.0,0.0,0.20536840208971358,0.34596243377749236,0.11687269224594637,0.9929742388758782,0.7056386236714105,0.6323185011709602,0.5372005044136192,0.5739506395244101,0.4300126103404792,0.9891635896612618,0.8478086370203886,0.6873494943008509,0.6414352223470862,0.5984909295231979,0.548242093433938,0.9666078022154438,0.3689195697543747,0.48860170171777173,0.46476159897254776,0.5158131321239364,0.32910579547278856,1,0,1,0,75.25,196.0,32.875,79.75,13.2,1.6,4.67,33.0,127.0,7.4,4.28,4.446,0.5911117999586691,59.27
Dante Pettis - 48113,2017,31.39,27.3,-4.09,22.1,31.52,52.78,4,83.19,60.98,0.0,0.0,0.34660421545667447,0.40921496227323806,0.33303901107721945,0.8765988110250406,0.7286975319762204,0.7841830300846694,0.8987569807241939,0.6861826697892272,0.40317059989191134,0.8902713116069996,0.9745545031305185,0.9151549205329909,0.9841065981698507,0.7944292823888265,0.5992936265853267,0.6067587092631241,0.2391234548081554,0.4629956654358645,0.38569593835286564,0.48458821640712796,0.18742976400706374,1,0,1,0,72.5,186.0,32.25,77.25,14.8,1.538,4.478,34.6,117.4,6.946,4.3740000000000006,4.412,0.8483963628848936,69.75
David Bell - 97989,2021,21.84,27.25,5.41,22.94,28.57,36.49,3,18.3,86.47,2.0,0.67,0.30426950099081246,0.42454647615989727,0.28576015411783595,0.9803638983966853,0.9288416501531256,0.9178526391641145,0.8259773013871374,0.4757701315078364,0.49558638083228246,0.9878792743618559,0.9184459784877187,0.9325734467811848,0.9397174506341307,0.5258468454005458,0.6859849092952319,0.7648900305024884,0.8612136779579387,0.8150585968855354,0.6822122331032269,0.4276769947021994,0.3441965002408091,1,1,0,0,72.875,212.0,31.875,76.625,16.2,1.59,4.65,33.0,118.0,7.14,4.57,4.52,0.9938809671419715,56.14
Seth Williams - 84137,2020,19.82,27.24,7.42,19.46,27.68,37.21,3,9.02,59.17,3.0,1.0,0.5617005944874798,0.6921656766736234,0.3634612297318992,0.934606377229328,0.8715546748333634,0.8542604936047559,0.8218339038011169,0.775716087191497,0.5372005044136192,0.9046395890191042,0.9634772836731418,0.8965323486916038,0.8952480333921978,0.8201958580831594,0.6444052014769626,0.813372933055065,0.2950714400385295,0.6769144324931771,0.621608604912506,0.6577299727082999,0.4461390271311607,1,1,0,0,75.0,211.0,33.5,81.125,17.4,1.5539999999999998,4.51,36.9,123.8,7.029999999999999,4.326,4.52,0.842196734862575,69.28
Devin Smith - 9470,2014,25.74,26.1,0.36,24.4,30.08,39.31,1,100.0,86.38,0.0,0.0,0.4637002341920375,0.5028897094236635,0.5028897094236635,0.8085029724373987,0.5163033687623851,0.9913529093856963,0.9940551252026661,0.9931543865970095,0.8567825617005945,0.7260394926954568,0.49598651468935623,0.9845882164071279,0.9898860170171777,0.9881200834804945,0.8209182854390753,0.7260394926954568,0.49598651468935623,0.9845882164071279,0.9898860170171777,0.9881200834804945,0.8209182854390753,1,0,1,0,72.375,196.0,31.0,75.125,10.0,1.56,4.42,39.0,122.0,6.837999999999999,4.15,4.432,0.9488303368464559,75.47
Treylon Burks - 99218,2021,29.43,25.24,-4.19,20.72,31.09,48.94,3,27.21,87.21,1.0,0.33,0.7771572689605476,0.7763685984909295,0.697543746989886,0.8533597549990992,0.8800216177265358,0.968113853359755,0.912628355251306,0.5966492523869573,0.8537200504413619,0.8145769786482582,0.9202921817306149,0.9835447102263606,0.9693369722266817,0.8958901910419008,0.9422058115267298,0.7315781024241451,0.7111895970460748,0.7114304061647134,0.0,0.3303901107721946,0.3775886980253652,1,0,1,0,74.0,225.0,33.5,79.125,16.8,1.54,4.55,33.0,122.0,7.28,4.336,4.38,0.9680491837156437,70.26
Kyle Philips - 84463,2021,30.24,25.03,-5.21,15.21,23.49,33.12,3,54.54,68.04,2.0,0.67,0.8859664925238696,0.9580992133568791,0.767057312570236,0.8193118357052783,0.8266978922716628,0.5934065934065934,0.8108448928121059,0.1515042334714466,0.39596469104665827,0.9556911221704929,0.8849735109969498,0.8150585968855354,0.936988280622893,0.338497351099695,0.7129555305827581,0.2241932894525606,0.6141435222347086,0.10322684218975758,0.0,0.08821640712794991,0.06935302616792423,1,0,0,1,71.25,189.0,29.625,71.0,14.0,1.55,4.58,33.5,124.0,7.1,4.238,4.46,0.7620148791072536,63.67
Laquon Treadwell - 10657,2015,23.66,24.59,0.93,20.34,26.05,32.46,2,100.0,52.97,0.0,0.0,0.2140154927040173,0.26304382725959224,0.2368759030341949,0.9699153305710683,0.8762385155827779,0.8978562421185372,0.8985768330030625,0.41632138353449827,0.735002702215817,0.9810563493337614,0.8592872050088297,0.8931610210306631,0.8919569754374699,0.47607962754856314,0.7639267940279338,0.813372933055065,0.7924225397335046,0.8043024562530101,0.7750842831915236,0.35703965323486914,0.6318831273077541,1,0,1,0,74.0,221.0,33.375,80.5,12.0,1.59,4.65,33.0,117.0,7.118,4.29,4.482,0.9893345732589378,60.81
Dez Fitzpatrick - 42349,2020,25.67,24.31,-1.36,18.74,30.23,52.13,4,55.12,72.33,0.0,0.0,0.5537740947577013,0.7032428961310001,0.1638304703804784,0.9137092415780941,0.6793370563862368,0.8265177445505314,0.8133669609079445,0.7910286434876599,0.6993334534318141,0.8902713116069996,0.6906405522555787,0.9024723069513566,0.9117835928720501,0.85455129234227,0.9267940279338578,0.7569433295874137,0.5941563653877027,0.581072403275004,0.5606838978969337,0.6183175469577782,0.32910579547278856,1,0,1,0,73.75,208.0,32.75,80.25,13.0,1.53,4.47,34.8,120.8,7.048,4.196,4.44,0.8062388923331267,72.52
Jacob Cowing - 100894,2023,20.76,23.95,3.19,23.19,28.47,44.03,5,47.47,77.5,2.0,0.4,0.7737344622590524,0.9687750842831915,0.6999518381762723,0.9484777517564403,0.9387497748153486,0.9490181949198343,0.8645289137092416,0.6330390920554855,0.7598630877319402,0.9846684861133408,0.9662867233905924,0.9889227805426232,0.9403596082838337,0.9152351902392037,0.8609728688393,0.6851019425268904,0.8448386578905122,0.7459463798362498,0.6627869641997111,0.11815700754535238,0.5143682774121047,1,0,1,0,68.375,168.0,29.25,69.125,12.2,1.54,4.38,36.0,119.0,7.02,4.32,4.42,0.9763153544120686,72.31
Stacy Coley - 11974,2016,0.32,23.5,23.18,20.62,25.38,34.94,3,100.0,51.42,1.0,0.33,0.6588002161772654,0.8012522074169208,0.5499277572644085,0.8450729598270582,0.8848856061970816,0.7924698252567105,0.8020176544766708,0.34894613583138173,0.8059809043415601,0.9207737999678921,0.8778295071440039,0.940760956814898,0.8921977845561085,0.6077219457376786,0.8868999839460587,0.5984909295231979,0.7211430406164714,0.27717129555305825,0.0,0.11815700754535238,0.5992936265853267,1,0,1,0,71.88,195.0,32.25,75.88,10.0,1.55,4.45,34.0,122.0,6.803999999999999,4.196,4.412000000000001,0.6795598264104153,73.68
Sammie Coates - 9520,2014,35.76,23.47,-12.29,20.86,27.77,42.34,1,100.0,43.94,0.0,0.0,0.25707079805440464,0.2977203403435543,0.2977203403435543,0.8218339038011169,0.9419924337957125,0.967573410196361,0.7903080526031345,0.9846874437038371,0.34372185191857324,0.736795633327982,0.9142719537646492,0.9442928238882645,0.7489163589661262,0.9782469096163108,0.35976882324610693,0.736795633327982,0.9142719537646492,0.9442928238882645,0.7489163589661262,0.9782469096163108,0.35976882324610693,1,0,1,0,73.375,212.0,33.375,78.75,23.0,1.55,4.43,41.0,131.0,6.98,4.06,4.436,0.8570758421161397,91.86
Justin Hardy - 9540,2014,26.76,23.37,-3.39,14.99,25.21,33.52,1,100.0,61.78,0.0,0.0,0.7115834984687444,0.6858243698828063,0.6858243698828063,0.9996397045577373,0.914790127904882,0.9239776616825797,0.8061610520626914,0.30138713745271123,0.6025941271842912,0.9994381120565099,0.8812811045111575,0.8850537807031627,0.7671375822764489,0.31232942687429766,0.5866110130036924,0.9994381120565099,0.8812811045111575,0.8850537807031627,0.7671375822764489,0.31232942687429766,0.5866110130036924,0,0,1,0,70.25,192.0,32.125,77.5,11.0,1.57,4.56,36.5,114.0,6.63,4.21,4.438,1.01,56.61
Equanimeous St Brown - 47967,2017,25.71,23.18,-2.53,12.28,23.09,37.03,2,61.02,57.8,1.0,0.5,0.4190235993514682,0.4918927596724996,0.41868678760635736,0.9263195820572869,0.8389479373085931,0.884525310754819,0.8838047198702936,0.7654476670870114,0.6362817510358494,0.889308075132445,0.8210788248515011,0.931770749719056,0.9121849414031145,0.8130518542302135,0.7129555305827581,0.805667041258629,0.7648097607962755,0.6574891635896613,0.6954567346283512,0.6277091025846845,0.49783271793225237,1,0,1,0,76.75,214.0,33.0,78.875,20.0,1.49,4.48,36.8,125.2,6.8260000000000005,4.198,4.4719999999999995,0.7777206034304609,81.6
Damonte Coxie - 61419,2020,3.16,23.18,20.02,14.37,21.83,26.74,4,36.67,80.65,1.0,0.25,0.09836065573770492,0.14488681971423983,0.09881200834804944,0.8344442442803098,0.9347865249504593,0.9445145018915511,0.8638083228247163,0.7160871914970276,0.37326607818411095,0.97487558195537,0.947182533311928,0.9578584042382405,0.8613742173703645,0.7648097607962755,0.7309359447744421,0.3312730775405362,0.6078824851501043,0.8416278696419971,0.652512441804463,0.5476802054904479,0.0720019264729491,0,0,1,0,74.125,198.0,33.25,81.0,16.2,1.566,4.566,33.2,118.6,7.066,4.314,4.53,0.9446972514982435,55.3
Michael Wilson - 84423,2022,54.56,23.1,-31.46,12.42,24.22,39.4,5,18.21,69.34,4.0,0.8,0.49864889209151503,0.665355594798523,0.39869963075935144,0.6416861826697893,0.6989731579895514,0.7414880201765448,0.6751936588002162,0.2758061610520627,0.5372005044136192,0.9532830309841066,0.8695617274040777,0.8641836570878151,0.8729330550650185,0.39821801252207417,0.8145769786482582,0.38216407127949914,0.5172579868357682,0.4307272435382887,0.0,0.24289613100016053,0.3775886980253652,1,1,0,0,73.875,213.0,31.0,75.125,23.0,1.5,4.58,37.5,125.0,7.023999999999999,4.27,4.49,0.5012171936350486,84.21
Olabisi Johnson - 47882,2018,28.03,22.87,-5.16,16.12,26.96,40.03,3,50.72,61.99,1.0,0.33,0.5584579355071159,0.7610370846042703,0.3480494461390271,0.8331832102323906,0.4755899837867051,0.662403170599892,0.6123221041253828,0.902179787425689,0.6869032606737525,0.9358645047359127,0.5172579868357682,0.8294268742976401,0.9902873655482421,0.9523197945095521,0.9323326376625461,0.009231016214480655,0.40833199550489646,0.1605394124257505,0.4460587574249478,0.7802215443891475,0.25381281104511155,0,0,1,0,72.5,204.0,30.75,74.875,14.0,1.52,4.51,38.0,124.0,6.88,4.16,4.497999999999999,0.7308100847282496,74.46
Mack Hollins - 11873,2016,26.1,22.81,-3.29,9.64,19.19,27.5,3,100.0,50.03,0.0,0.0,0.15907043775896235,0.25614063252528496,0.15475999357842352,0.7184291118717349,0.7531976220500811,0.9430733201225004,0.9713565123401189,0.9459556836606017,0.7346424067735543,0.7605554663669931,0.7235511318028576,0.9735109969497512,0.9690158934018301,0.9674907689837855,0.8452400064215765,0.5004816182372772,0.6635896612618398,0.8205169369080109,0.9302456253010114,0.8495745705570718,0.27861615026489,1,0,1,0,76.0,221.0,33.25,80.38,14.0,1.59,4.53,35.2,122.6,7.159999999999999,4.316000000000001,4.482000000000001,0.6636474478197975,68.87
Kolby Listenbee - 10826,2015,4.82,22.75,17.93,11.71,21.96,34.14,2,100.0,30.52,0.0,0.0,0.0989010989010989,0.1638304703804784,0.0886177556590143,0.925238695730499,0.6980724193838947,0.8432714826157449,0.7434696451089894,0.9845072959827058,0.2421185372005044,0.881602183336009,0.7855193449991973,0.8263766254615508,0.7750842831915236,0.9801733825654199,0.3441965002408091,0.813372933055065,0.47134371488200355,0.7534917322202601,0.641515492053299,0.9753572001926473,0.19898860170171778,1,0,1,0,72.0,197.0,31.375,76.75,15.0,1.5,4.39,35.5,129.0,6.909999999999999,4.152,4.444,0.7347365158090514,84.63
TJ Vasher - 42135,2020,8.47,22.65,14.18,17.69,25.18,40.98,4,15.1,46.31,4.0,1.0,0.24337957124842372,0.44212554182051694,0.056349333761438435,0.9124482075301747,0.6562781480814268,0.606377229328049,0.8158890290037831,0.7677895874617187,0.38173302107728335,0.9720661422379194,0.8327982019585808,0.6536362176914432,0.8234869160378873,0.8837694654037567,0.7129555305827581,0.5838818429924546,0.4570557071761117,0.41997110290576334,0.6224915716808477,0.6482581473751806,0.1457697864825815,1,1,0,0,77.625,203.0,35.125,84.375,15.2,1.536,4.523999999999999,33.1,118.6,6.986,4.378,4.56,0.5390349245711924,65.73
Dezmon Patmon - 48329,2019,19.67,22.43,2.76,15.98,29.13,45.4,3,51.79,63.26,0.0,0.0,0.03584939650513421,0.08067105474393964,0.0,0.8130066654656819,0.7065393622770672,0.6243920014411818,0.7061790668348046,0.29850477391461,0.36029544226265536,0.8996628672339059,0.859046395890191,0.8491732220260074,0.8872210627709103,0.36899983946058756,0.5866110130036924,0.15323486916037887,0.011077219457376787,0.075292984427677,0.0,0.1920051372611976,0.08564777652913791,1,0,1,0,75.75,225.0,32.75,78.0,15.0,1.51,4.48,36.0,132.0,7.28,4.38,4.58,0.7051849555693325,81.65
Bennett Skowronek - 27948,2020,16.12,22.32,6.2,18.88,23.63,30.47,3,21.34,47.49,1.0,0.33,0.29328049000180145,0.5476802054904479,0.18437951517097448,0.862547288776797,0.3781300666546568,0.4664024500090074,0.5653035489101063,0.5062150963790308,0.24049720771032246,0.9715042542944293,0.6649542462674587,0.6487397656124578,0.7826296355755338,0.7021993899502328,0.7408091186386258,0.3280622892920212,0.25389308075132444,0.06550008026970622,0.0,0.20677476320436666,0.053780703162626425,1,0,1,0,74.875,220.0,33.25,78.125,16.2,1.556,4.518,37.1,128.4,6.9799999999999995,4.242,4.48,0.31336846455879314,77.53
Cam Phillips - 47593,2017,2.52,21.91,19.39,16.77,22.67,29.8,4,81.61,56.94,2.0,0.5,0.5824175824175825,0.7852785358805586,0.4493498153796757,0.9684741488020177,0.7524770311655558,0.8331832102323906,0.6452891370924158,0.34642406773554313,0.6562781480814268,0.9548081554021512,0.9784074490287366,0.9569754374698989,0.8684379515170975,0.6183175469577782,0.8746989886017017,0.839781666399101,0.3665917482742013,0.4836249799325735,0.42454647615989727,0.15684700593995826,0.391234548081554,1,0,1,0,72.125,201.0,30.5,73.5,10.6,1.568,4.586,33.9,115.8,6.918000000000001,4.216,4.44,0.6855528001653234,51.0
Ricky Pearsall - 100660,2023,40.76,21.32,-19.44,15.72,20.03,23.48,3,50.28,79.35,1.0,0.33,0.7065393622770672,0.7412907368759031,0.6128592069353026,0.7827418483156188,0.554674833363358,0.7924698252567105,0.6625833183210232,0.5703476851017835,0.5761124121779859,0.9614705410178199,0.6598972547760475,0.8902713116069996,0.908653074329748,0.9044790496066785,0.7004334564135495,0.14255899823406645,0.08299887622411302,0.29611494621929685,0.0,0.28592069353026167,0.391234548081554,1,0,1,0,73.0,189.0,30.875,73.375,17.0,1.57,4.41,42.0,129.0,6.64,4.05,4.47,0.7167575945443273,79.9
Malik Washington - 97108,2023,21.08,21.25,0.17,17.27,25.07,39.16,3,35.54,92.57,2.0,0.67,0.8283192217618447,0.9265532188152191,0.7375180606838979,0.7984147000540444,0.885065753918213,0.6842010448567826,0.5816969915330571,0.31399747793190413,0.5671050261214196,0.9666078022154438,0.96203242896131,0.9668486113340825,0.851982661743458,0.7425750521753091,0.7639267940279338,0.19441322844758388,0.25020067426553216,0.06341306790817146,0.0,0.13421094878792744,0.19898860170171778,1,1,0,0,68.5,191.0,30.375,72.875,19.0,1.53,4.47,42.5,126.0,7.132000000000001,4.3740000000000006,4.49,0.8432300061996281,74.0
Isaiah Ford - 11991,2016,30.49,21.18,-9.31,12.75,21.96,33.24,3,100.0,44.92,0.0,0.0,0.1534858584038912,0.25333119280783434,0.05105153315138867,0.992253647991353,0.8884885606197082,0.8731760043235453,0.8335435056746532,0.7917492343721851,0.3273284092956224,0.9869963075935142,0.9320115588376947,0.931770749719056,0.9133889869963076,0.7802215443891475,0.5297800610049768,0.9623535077861615,0.569433295874137,0.5624498314336169,0.6791619842671376,0.7184941403114464,0.1457697864825815,1,0,1,0,73.0,194.0,32.63,76.75,14.0,1.55,4.61,35.5,127.0,6.94,4.34,4.446000000000001,0.9932610043397396,62.4
Jonathan Mingo - 97774,2022,38.26,21.07,-17.19,16.79,26.53,51.81,3,46.87,63.8,0.0,0.0,0.43253467843631777,0.5914271953764649,0.34339380317868035,0.8879481174563142,0.4020897135651234,0.543145379210953,0.6009727976941092,0.7586020536840209,0.6155647631057467,0.9377107079788088,0.6805265692727565,0.8263766254615508,0.7143201155883769,0.7802215443891475,0.8452400064215765,0.6517097447423342,0.17177717129555306,0.16471343714882003,0.4097768502167282,0.6077219457376786,0.19898860170171778,1,0,1,0,73.75,220.0,32.125,75.75,22.0,1.54,4.46,39.5,129.0,7.026000000000001,4.206,4.53,0.49439760281049805,85.93
Kelvin Harmon - 47931,2018,33.02,20.66,-12.36,17.05,24.15,38.62,3,40.0,83.39,2.0,0.67,0.159430733201225,0.25333119280783434,0.10483223631401509,0.9672131147540983,0.8313817330210773,0.8996577193298505,0.7528373266078184,0.8272383354350568,0.4013691226805981,0.9792101460908653,0.9099373896291539,0.9456574088938835,0.8348852143201156,0.8201958580831594,0.5866110130036924,0.729731899181249,0.4156365387702681,0.6913629796114946,0.5480815540215123,0.7648097607962755,0.25381281104511155,1,1,0,0,74.5,221.0,32.5,75.5,18.0,1.54,4.6,32.5,117.0,7.15,4.32,4.484,0.9752820830750155,62.94
Shi Smith - 61643,2020,24.13,20.65,-3.48,11.62,24.31,41.73,4,37.09,74.14,1.0,0.25,0.842731039452351,0.9755980093112859,0.7094236635093916,0.8854260493604756,0.7386056566384436,0.7847234732480635,0.6386236714105566,0.39128085029724374,0.7560799855881823,0.9023117675389308,0.9812971584524001,0.9174827420131643,0.776689677315781,0.5056188794349012,0.7737999678921175,0.7038047840744903,0.32284475838818427,0.5716808476480976,0.46925670252046875,0.162144806550008,0.6718574410017659,1,0,1,0,69.5,186.0,31.875,75.625,14.4,1.5319999999999998,4.444,37.1,123.4,7.138,4.372,4.48,0.7562285596197561,72.61
Jamari Staples - 48206,2016,9.42,20.37,10.95,15.7,22.29,32.57,3,100.0,41.54,0.0,0.0,0.17276166456494324,0.2368759030341949,0.190480012843153,0.809764006485318,0.6033147180688164,0.7656278148081427,0.499729778418303,0.9196541163754278,0.49000180147721134,0.9159576175951196,0.7788569593835286,0.9151549205329909,0.6648739765612458,0.9636378230855676,0.6596564456574089,0.49863541499438113,0.29274361855835607,0.4675710386899984,0.4399582597527693,0.800529780061005,0.19898860170171778,1,0,1,0,74.88,195.0,33.5,78.88,14.8,1.54,4.51,36.0,130.0,6.882,4.202,4.482,0.6686071502376524,69.84
Anthony Schwartz - 84135,2020,21.69,20.37,-1.32,12.41,22.85,36.31,3,68.68,70.66,2.0,0.67,0.6004323545307152,0.6495424626745866,0.5949590624498314,0.6959106467303189,0.9409115474689245,0.9111871734822554,0.5872815708881283,0.1905962889569447,0.9594667627454513,0.7585487237116713,0.9749558516615829,0.9378712473912345,0.6248193931610211,0.23599293626585327,0.9835447102263606,0.5313854551292342,0.5385294589821801,0.742013164231819,0.4714239845882164,0.17996468132926632,0.7408091186386258,1,0,0,1,72.0,186.0,31.5,75.5,13.6,1.498,4.368,35.8,122.2,6.996,4.254,4.32,0.5665199421368051,76.93
Cam Worthy - 9868,2014,7.73,20.32,12.59,17.07,21.82,30.99,1,100.0,56.66,0.0,0.0,0.47000540443163397,0.5091507465082677,0.5091507465082677,0.9953161592505855,0.5229688344442442,0.851017834624392,0.5172041073680418,0.9200144118176905,0.36209691947396866,0.9873976561245786,0.5021672820677476,0.8008508588858565,0.5326697704286403,0.901589340183015,0.3775886980253652,0.9873976561245786,0.5021672820677476,0.8008508588858565,0.5326697704286403,0.901589340183015,0.3775886980253652,0,0,1,0,74.25,211.0,33.5,78.875,12.0,1.556,4.584,34.5,116.8,7.037999999999999,4.220000000000001,4.482000000000001,0.989747881793759,61.8
Shelton Gibson - 11921,2016,18.96,20.31,1.35,10.74,18.56,25.46,2,100.0,45.93,0.0,0.0,0.223743469645109,0.3013324771231337,0.21761117354310483,0.9540623311115114,0.7052783282291479,0.9434336155647631,0.9320843091334895,0.9715366600612503,0.8450729598270582,0.9037566222507626,0.7620805907850378,0.9165997752448226,0.9145930325895008,0.9718253331192808,0.9267940279338578,0.881602183336009,0.5493658693209182,0.9093755016856638,0.8694814576978648,0.9554503130518542,0.5297800610049768,1,0,1,0,70.75,191.0,32.0,75.63,8.0,1.56,4.5,32.0,118.0,6.83,4.2,4.446000000000001,0.6838995660260384,60.55
Javon Wims - 41406,2017,26.8,20.3,-6.5,9.63,17.27,21.3,2,51.79,60.25,1.0,0.5,0.30156728517384257,0.43979772034034353,0.20324289613100016,0.7703116555575572,0.7879661322284273,0.7375247703116555,0.8214736083588543,0.7231129526211494,0.23563321923977662,0.7700272917001124,0.8671536362176915,0.9151549205329909,0.9075292984427678,0.7184941403114464,0.3104832236314015,0.6088457216246589,0.47832717932252367,0.28238882645689517,0.43554342591106116,0.6577299727082999,0.2103066302777332,1,0,1,0,74.875,215.0,31.5,77.25,12.2,1.62,4.53,33.5,113.0,7.0,4.264,4.542,0.7033250671626369,62.97
Freddie Swain - 26448,2019,27.32,20.02,-7.3,15.87,25.74,40.44,2,51.98,65.8,0.0,0.0,0.7749954963069717,0.9119441322844758,0.5353186707336651,0.5534137993154387,0.4984687443703837,0.648171500630517,0.9362277067195099,0.7283372365339579,0.7468924518104846,0.6615026489003051,0.7995665435864505,0.8723711671215283,0.9869160378873013,0.9543265371648739,0.9128270990528174,0.3702038850537807,0.1920051372611976,0.08869802536522717,0.43923583239685343,0.24289613100016053,0.0720019264729491,1,0,1,0,72.25,197.0,30.625,74.375,16.0,1.52,4.46,36.5,124.0,7.05,4.26,4.48,0.37453812771233724,72.71
Charles Nelson - 47665,2017,7.44,19.85,12.41,16.0,19.08,21.27,4,90.72,44.58,0.0,0.0,0.7544586560980003,0.8624979932573447,0.6562851179964682,0.6604215456674473,0.8239956764546928,0.8575031525851198,0.8535399027202306,0.3082327508557017,0.8506575391821294,0.82300529780061,0.8531064376304383,0.9002247551773961,0.9762401669609889,0.41892759672499597,0.9128270990528174,0.4578584042382405,0.7267619200513726,0.6873494943008509,0.43273398619361053,0.24289613100016053,0.4461390271311607,1,0,1,0,73.25,243.0,31.5,76.5,18.0,1.67,5.0,30.0,111.0,7.26,4.28,4.524,0.5981380450506303,68.998
Hunter Sharp - 11078,2015,21.26,18.96,-2.3,12.68,19.31,26.38,2,100.0,56.72,0.0,0.0,0.47649072239236173,0.5632525284957457,0.44212554182051694,0.9403711043055305,0.9648711943793911,0.9410916951900559,0.9288416501531256,0.4397405872815709,0.8250765627814808,0.900947182533312,0.9805747310964842,0.9174827420131643,0.9312891314817788,0.5570717611173543,0.8996628672339059,0.839781666399101,0.8649863541499438,0.8965323486916038,0.8308717290094718,0.3218815219136298,0.5992936265853267,0,0,1,0,71.5,198.0,31.625,74.75,12.0,1.56,4.58,32.5,116.0,7.12,4.19,4.444,0.8963401529241579,57.64
Dax Milne - 84147,2020,13.12,18.66,5.54,12.63,18.93,27.24,2,31.2,85.48,1.0,0.5,0.5815168438119258,0.6514689356236956,0.4829025525766576,0.6966312376148441,0.8281390740407134,0.818050801657359,0.8438119257791389,0.6737524770311656,0.18230949378490363,0.8291057954727886,0.9252689035158131,0.987799004655643,0.9125862899341789,0.7425750521753091,0.6718574410017659,0.3115267298121689,0.4954246267458661,0.23053459624337774,0.5577139187670573,0.48458821640712796,0.049125060202279656,1,0,1,0,72.625,193.0,29.375,74.25,16.6,1.5559999999999998,4.581999999999999,33.9,121.2,7.014,4.311999999999999,4.5,0.7287435420541434,55.7
Devin Duvernay - 40006,2019,21.38,18.61,-2.77,14.12,27.37,48.51,3,66.7,85.23,1.0,0.33,0.6636642046478112,0.9637180927917803,0.2749237437790978,0.9099261394343362,0.5564763105746713,0.7715726896054765,0.7094217258151685,0.7283372365339579,0.7728337236533958,0.9786482581473752,0.9083319955048964,0.9587413710065821,0.8356879113822443,0.8958901910419008,0.9578584042382405,0.5388505378070316,0.07473109648418687,0.13870605233584846,0.0,0.18550329105795474,0.391234548081554,1,0,1,0,70.5,200.0,30.625,75.25,12.8,1.51,4.39,35.5,123.0,7.13,4.2,4.43,0.8178115313081216,78.52
Kayshon Boutte - 124087,2022,35.67,18.4,-17.27,10.11,17.08,22.92,3,38.8,66.52,0.0,0.0,0.5957485137813007,0.7127949911703323,0.20099534435703964,0.8848856061970816,0.7544586560980003,0.8443523689425328,0.8488560619708161,0.4626193478652495,0.8049000180147721,0.8950072242735592,0.8113661903997431,0.882244340985712,0.9816985069834644,0.6386257826296355,0.8685984909295232,0.6615026489003051,0.5934339380317868,0.5570717611173543,0.4480655000802697,0.3303901107721946,0.5297800610049768,1,0,1,0,71.25,195.0,31.375,76.875,14.4,1.58,4.5,29.0,118.0,7.010000000000001,4.25,4.4,0.7516821657367224,54.45
KeeSean Johnson - 39587,2018,21.8,18.35,-3.45,11.39,17.38,24.24,3,55.6,72.43,0.0,0.0,0.38263375968294,0.5685503291057955,0.15475999357842352,0.9809043415600792,0.8841650153125563,0.8362457214916231,0.7692307692307693,0.37056386236714106,0.5764727076202486,0.9775244822603949,0.9361053138545513,0.9628351260234388,0.8156204848290255,0.5258468454005458,0.7129555305827581,0.805667041258629,0.547599935784235,0.35647776529137903,0.4825012040455932,0.11382244340985712,0.3775886980253652,0,0,1,0,73.125,201.0,32.0,75.75,14.0,1.56,4.6,30.0,117.0,7.28,4.23,4.536,0.911632568712544,56.86
Velus Jones - 40573,2021,24.37,18.25,-6.12,10.89,21.33,34.07,3,59.68,70.21,1.0,0.33,0.6487119437939111,0.8068710868518221,0.3840102745223952,0.5908845253107549,0.7645469284813547,0.6966312376148441,0.8121059268600253,0.11439380291839309,0.8182309493784904,0.80374056830952,0.8836089259913309,0.9286402311767539,0.8888264568951678,0.2939476641515492,0.9070476802054904,0.17948306309198908,0.16495424626745867,0.17330229571359768,0.0,0.018381762722748433,0.3104832236314015,1,0,0,1,71.75,204.0,30.875,73.5,15.2,1.5,4.31,33.0,121.0,6.958,4.148,4.38,0.46443273403595786,85.37
Amari Rodgers - 61212,2020,10.39,17.82,7.43,10.45,21.41,33.76,4,69.28,86.05,4.0,1.0,0.6445685462078905,0.8265371648739765,0.3634612297318992,0.8344442442803098,0.7177085209872095,0.7499549630697172,0.7519365880021618,0.06791569086651054,0.9084849576652856,0.9284796917643281,0.8380157328624177,0.9211751484989565,0.8087975598009312,0.16728206774763205,0.9752769304864344,0.4142719537646492,0.2787766896773158,0.34564135495264087,0.0,0.019425268903515813,0.43193128913148177,1,0,0,1,69.5,212.0,30.375,74.875,13.8,1.516,4.5,36.4,122.0,6.998,4.2620000000000005,4.52,0.7246104567059309,65.51
Amara Darboh - 11861,2016,11.08,17.71,6.63,14.76,26.52,45.87,3,100.0,40.02,0.0,0.0,0.27256350207169877,0.33560764167603147,0.27018783111253813,0.9360475589983787,0.8632678796613222,0.8284993694829761,0.7436497928301207,0.6665465681859124,0.6562781480814268,0.9174024723069514,0.9249478246909616,0.8946058757424947,0.842350296997913,0.8074329747953123,0.6444052014769626,0.7830309841065982,0.7160057794188474,0.6249799325734468,0.4908492534917322,0.35703965323486914,0.613260555466367,1,0,1,0,73.63,214.0,32.63,79.38,17.0,1.52,4.45,36.0,124.0,6.924000000000001,4.194000000000001,4.462,0.8610022731969416,87.29
RayRay McCloud - 47895,2017,18.06,17.6,-0.46,4.98,14.75,21.66,3,71.32,55.59,3.0,1.0,0.3577733741668168,0.4270348370524964,0.357762080590785,0.8039992794091154,0.7335615204467664,0.6564582958025581,0.39164114573950637,0.049360475589983785,0.8506575391821294,0.8649863541499438,0.8007705891796436,0.6800449510354792,0.5078664312088618,0.09391555626906406,0.8685984909295232,0.5166960988922781,0.5385294589821801,0.5321078824851501,0.3815219136297961,0.028174666880719217,0.7004334564135495,1,0,0,1,69.5,190.0,30.25,72.625,13.0,1.59,4.53,34.5,113.0,6.906000000000001,4.346,4.442,0.47269890473238274,51.0
Chris Lacy - 29726,2017,12.39,17.58,5.19,8.69,19.58,29.56,2,53.43,32.03,1.0,0.5,0.16447486939290218,0.48523037405683095,0.0,0.4910826878039993,0.6865429652314898,0.6406052963430012,0.5665645829580256,0.8067014952260854,0.32084309133489464,0.673061486594959,0.7348691603788731,0.8205169369080109,0.9683737357521272,0.9323326376625461,0.4799325734467812,0.22788569593835287,0.5258468454005458,0.13525445496869481,0.0,0.47607962754856314,0.2332637662546155,1,0,1,0,75.0,205.0,31.25,76.5,11.0,1.52,4.51,33.5,120.0,7.0200000000000005,4.376,4.534,0.41152924157883863,65.82
Quintez Cephus - 29614,2019,27.23,17.45,-9.78,6.69,16.96,24.02,2,11.12,96.23,2.0,1.0,0.4984687443703837,0.5927115106758709,0.3634612297318992,0.5892631958205728,0.9164114573950639,0.9524410016213295,0.9482976040353089,0.774635200864709,0.6825797153666006,0.7855193449991973,0.9604270348370525,0.976159897254776,0.980093112859207,0.8459624337774924,0.7309359447744421,0.2512441804462996,0.03716487397656124,0.5570717611173543,0.0,0.6577299727082999,0.5143682774121047,1,1,0,0,72.875,202.0,32.125,77.0,23.0,1.59,4.73,38.5,124.0,7.2,4.33,4.56,0.838890266584005,62.7
Braxton Miller - 10719,2015,17.5,17.39,-0.11,13.89,19.07,27.29,1,100.0,45.12,0.0,0.0,0.8414700054044316,0.8012522074169208,0.8012522074169208,0.6112412177985949,0.7171680778238155,0.8085029724373987,0.8294001080886326,0.4640605296343001,0.7753557917492344,0.5681489805747311,0.675068229250281,0.7534917322202601,0.7907368759030342,0.456895167763686,0.7408091186386258,0.5681489805747311,0.675068229250281,0.7534917322202601,0.7907368759030342,0.456895167763686,0.7408091186386258,1,0,1,0,73.375,201.0,31.75,74.0,17.0,1.53,4.5,35.0,123.0,6.65,4.07,4.452,0.5382083075015499,72.24
Xavier Hutchinson - 122518,2022,18.19,17.23,-0.96,16.13,21.85,35.63,3,38.83,88.69,1.0,0.33,0.4763105746712304,0.5613260555466367,0.46612618397816663,0.9708160691767249,0.9718969555035128,0.9344262295081968,0.7160871914970276,0.266078184110971,0.6526751936588002,0.9597046074811366,0.991651950553861,0.934981537967571,0.7172900947182533,0.37943490126826135,0.7309359447744421,0.8856156686466528,0.8679563332798202,0.8357681810884572,0.6379033552737197,0.17996468132926632,0.43193128913148177,1,0,1,0,73.875,203.0,31.375,74.875,14.6,1.55,4.53,36.0,116.0,6.91,4.35,4.46,0.9945009299442034,64.48
Korey Robertson - 47774,2017,0.3,17.19,16.89,6.59,19.05,33.46,2,53.44,55.27,1.0,0.5,0.23112952621149344,0.49462192968373736,0.07697864825814738,0.8425508917312196,0.8072419383894793,0.8996577193298505,0.9178526391641145,0.4817150063051702,0.5764727076202486,0.960748113661904,0.8933215604430887,0.9513565580349976,0.9853909134692567,0.5681489805747311,0.6318831273077541,0.2755659014288008,0.4747150425429443,0.4836249799325735,0.5760956814898057,0.37943490126826135,0.4799325734467812,0,0,1,0,72.625,212.0,32.875,76.625,13.0,1.55,4.56,34.0,123.0,7.037999999999999,4.324,4.522,0.8006592271130399,72.09
Jalen Nailor - 84292,2021,45.92,17.08,-28.84,8.7,16.83,27.31,3,64.49,58.21,1.0,0.33,0.1893352549090254,0.4045593193128913,0.09881200834804944,0.6193478652495046,0.8104845973698432,0.7409475770131508,0.8241758241758241,0.5435056746532156,0.9324446045757521,0.7241130197463477,0.9351420773799968,0.9325734467811848,0.8921977845561085,0.8650666238561567,0.9830630919890834,0.40447904960667846,0.3646652753250923,0.2718734949430085,0.0,0.17378391395087495,0.5646171135013646,1,0,1,0,71.25,186.0,30.25,73.0,11.2,1.54,4.5,38.0,128.0,7.03,4.28,4.39,0.4968774540194255,65.57
Jalen Hurd - 45752,2018,0.74,17.02,16.28,14.05,18.55,26.69,1,41.84,48.0,0.0,0.0,0.9308232750855702,0.9020709584202922,0.9020709584202922,0.990091875337777,0.8074220861106107,0.8589443343541704,0.5501711403350747,0.41632138353449827,0.6211493424608179,0.9735109969497512,0.7674586611013003,0.8109648418686788,0.5574731096484187,0.41892759672499597,0.5992936265853267,0.9735109969497512,0.7674586611013003,0.8109648418686788,0.5574731096484187,0.41892759672499597,0.5992936265853267,1,0,1,0,76.75,226.0,32.0,77.625,23.0,1.5539999999999998,4.5600000000000005,33.2,120.0,6.970000000000001,4.3759999999999994,4.478,0.8300041330853483,71.06
Ty Montgomery - 9527,2014,16.47,16.93,0.46,8.27,16.67,28.64,1,100.0,55.56,1.0,1.0,0.4570347685101783,0.49462192968373736,0.49462192968373736,0.8584038911907764,0.9902720230589083,0.8758782201405152,0.6306971716807782,0.09800036029544226,0.8722752657178887,0.7668967731578102,0.9837052496387864,0.8294268742976401,0.6183175469577782,0.10972868839300048,0.8384973510996949,0.7668967731578102,0.9837052496387864,0.8294268742976401,0.6183175469577782,0.10972868839300048,0.8384973510996949,1,0,0,1,71.875,221.0,31.0,77.0,15.4,1.59,4.55,40.5,121.0,6.97,4.21,4.482000000000001,0.8556292622442654,73.26
Chad Hansen - 11896,2016,17.4,16.91,-0.49,15.22,22.87,39.19,2,100.0,75.28,0.0,0.0,0.0832282471626734,0.14488681971423983,0.07336651147856799,0.8119257791388939,0.9845072959827058,0.9500990812466222,0.9293820933165196,0.5170239596469105,0.6487119437939111,0.9358645047359127,0.9880398137742816,0.9662064536843795,0.9300850858885856,0.5158131321239364,0.7004334564135495,0.4277572644084123,0.6986675228768663,0.8181891154278376,0.5426232139990368,0.4960667843955691,0.5297800610049768,1,0,1,0,73.88,202.0,32.13,76.75,11.0,1.53,4.53,35.0,119.0,6.74,4.13,4.466,0.9384976234759248,67.83
Pharoh Cooper - 10751,2015,19.72,16.91,-2.81,15.7,21.92,34.17,2,100.0,73.45,0.0,0.0,0.839488380471987,0.8265371648739765,0.7752448226039492,0.9751396144838768,0.9092055485498108,0.9511799675734102,0.9072239236173663,0.41632138353449827,0.9182129346063772,0.9573767860009632,0.938272595922299,0.9286402311767539,0.8628993417884091,0.4276769947021994,0.8868999839460587,0.911863862578263,0.776047519666078,0.9191684058436346,0.8613742173703645,0.4077701075614063,0.8804784074490287,1,0,1,0,71.125,203.0,32.25,75.0,15.0,1.562,4.628,31.0,115.0,7.074000000000001,4.358,4.473999999999999,0.9866480677825997,51.46
Malachi Dupre - 12002,2016,4.83,16.89,12.06,12.49,19.3,34.6,3,100.0,38.05,0.0,0.0,0.6191677175283733,0.6970621287526088,0.25614063252528496,0.7672491442983246,0.8571428571428571,0.8884885606197082,0.882903981264637,0.9131687984147,0.43361556476310575,0.7721143040616472,0.9121046716969016,0.9133889869963076,0.9132284475838819,0.9708620966447263,0.46508267779739926,0.6101300369240649,0.38144164392358326,0.615187028415476,0.6880719216567668,0.7581473751806068,0.391234548081554,1,0,1,0,74.5,196.0,31.5,77.0,11.0,1.54,4.52,39.5,135.0,7.19,4.26,4.482,0.8163649514362472,76.06
Austin Mack - 28070,2019,14.41,16.72,2.31,3.09,14.38,23.28,3,18.82,64.1,2.0,0.67,0.26337596829400106,0.3562369561727404,0.25333119280783434,0.5707079805440461,0.5469284813547108,0.5334174022698613,0.5671050261214196,0.4945054945054945,0.10142316699693749,0.6851019425268904,0.7124739123454809,0.7840744902873655,0.7855193449991973,0.7113501364585005,0.2332637662546155,0.1739444533633007,0.10138063894686146,0.04864344196500241,0.0,0.16728206774763205,0.0014448547118317548,1,1,0,0,73.5,208.0,33.625,78.5,14.6,1.57,4.59,31.5,117.0,7.0760000000000005,4.42,4.53,0.4600929944203348,59.06
Isaiah Hodgins - 52130,2019,26.06,16.56,-9.5,11.57,22.59,42.55,3,38.26,94.18,1.0,0.33,0.18321023239056025,0.33978166639910096,0.1353347246749077,0.9565843992073501,0.7769771212394163,0.8214736083588543,0.8575031525851198,0.5944874797333813,0.19582057286975318,0.9623535077861615,0.8946861454487076,0.9286402311767539,0.9474233424305667,0.6386257826296355,0.3441965002408091,0.7501204045593193,0.5096323647455451,0.30687108685182213,0.5078664312088618,0.4960667843955691,0.08131321239364264,1,0,1,0,75.625,210.0,33.125,80.5,9.0,1.55,4.61,36.5,124.0,7.01,4.12,4.57,0.9878879933870635,70.52
Tim Jones - 61669,2020,3.67,16.26,12.59,9.76,20.7,40.99,3,40.22,80.64,3.0,1.0,0.7939110070257611,0.9100979290415797,0.6181570075453524,0.7973338137272563,0.7123040893532697,0.8349846874437038,0.5535939470365699,0.2421185372005044,0.959827058187714,0.9653234869160379,0.9443730935944774,0.9717450634130679,0.9276769947021994,0.456895167763686,0.9906887140793065,0.4061647134371488,0.05466366993096805,0.34997591908813613,0.3866591748274201,0.10547439396371809,0.7737999678921175,0,0,0,1,72.75,203.0,31.375,76.125,14.2,1.5420000000000003,4.459999999999999,38.5,128.4,7.226000000000001,4.428,4.52,0.7754474064889441,75.64
Javon McKinley - 41248,2020,6.63,16.24,9.61,14.32,17.68,23.14,2,10.82,90.03,2.0,1.0,0.3703837146460097,0.4409214962273238,0.37855193449991975,0.7967933705638623,0.30535038731760045,0.8216537560799856,0.7517564402810304,0.7068996577193298,0.8951540263015673,0.9023117675389308,0.337855193449992,0.7758067105474394,0.9462192968373736,0.6941724193289452,0.9593032589500723,0.47230695135655804,0.27050890993738963,0.7569433295874137,0.5325092310162145,0.6577299727082999,0.5646171135013646,1,1,0,0,73.75,215.0,33.0,79.0,16.2,1.5639999999999998,4.618,37.3,125.6,7.159999999999999,4.4399999999999995,4.48,0.6181835089894606,62.46
Trey Quinn - 38276,2017,15.28,16.23,0.95,10.72,21.29,33.69,1,54.23,95.23,1.0,1.0,0.6847414880201765,0.7648900305024884,0.586209664472628,0.7598630877319402,0.9432534678436317,0.7836425869212754,0.8600252206809584,0.5588182309493784,0.36209691947396866,0.9818590463958902,0.9718253331192808,0.922780542623214,0.9299245464761599,0.8074329747953123,0.5297800610049768,0.15323486916037887,0.36899983946058756,0.31257023599293626,0.0,0.20677476320436666,0.2956333279820196,0,0,0,1,71.375,203.0,30.75,72.5,17.0,1.52,4.55,33.5,116.0,6.91,4.19,4.482,0.8519094854308742,64.73
Kenny Lawler - 10877,2015,5.06,15.58,10.52,12.89,18.06,26.6,2,100.0,40.53,0.0,0.0,0.027562601333093135,0.03692406485792262,0.03531867073366512,0.9594667627454513,0.756980724193839,0.7753557917492344,0.9673932624752297,0.6227706719509998,0.20014411817690506,0.9321720982501204,0.7294910900626104,0.7919409214962273,0.9611494621929684,0.6277091025846845,0.2956333279820196,0.8694814576978648,0.6985069834644405,0.6439235832396853,0.9201316423181891,0.5681489805747311,0.16527532509231016,1,0,1,0,74.5,203.0,33.375,79.375,13.4,1.56,4.64,31.0,111.0,7.13,4.2,4.482000000000001,0.9411841289522629,54.58
Marcell Ateman - 23670,2017,22.96,15.56,-7.4,9.45,19.14,37.2,3,68.17,55.45,1.0,0.33,0.10304449648711944,0.22339059239043185,0.08067105474393964,0.8672311295262115,0.7722932804900018,0.9295622410376508,0.7897676094397406,0.8796613222842731,0.2713024680237795,0.8996628672339059,0.8948466848611334,0.9814576978648258,0.9018301493016535,0.8746989886017017,0.6596564456574089,0.5331513886659175,0.4906084443730936,0.6487397656124578,0.0,0.8459624337774924,0.1457697864825815,1,0,1,0,76.5,216.0,32.875,78.5,13.0,1.55,4.62,34.0,121.0,7.07,4.25,4.5200000000000005,0.9077061376317421,68.54
Tyrie Cleveland - 42134,2019,24.33,15.48,-8.85,3.87,16.78,35.23,3,25.93,15.52,2.0,0.67,0.41740226986128626,0.5531385455129234,0.10274522395248033,0.6560980003602954,0.34264096559178525,0.6741127724734282,0.617906683480454,0.8038191316879841,0.6544766708701135,0.628672339059239,0.4734307272435383,0.8043024562530101,0.7999678921175148,0.951115748916359,0.8384973510996949,0.5596403917161663,0.1787606357360732,0.41997110290576334,0.43883448386578905,0.36899983946058756,0.4175630117193771,1,1,0,0,74.375,209.0,32.875,78.0,13.0,1.53,4.46,39.5,126.0,7.1,4.377999999999999,4.55,0.122626575738789,86.27
Jalen McMillan - 131905,2023,61.0,15.39,-45.61,10.59,18.17,29.44,3,64.69,51.85,0.0,0.0,0.637182489641506,0.8523037405683095,0.09568148980574731,0.8185912448207531,0.8032786885245902,0.6894253287695911,0.8115654836966313,0.8785804359574851,0.5307151864528914,0.982581473751806,0.8674747150425429,0.869401187991652,0.8559961470541018,0.9959062449831434,0.7639267940279338,0.07192165676673623,0.40560282549365867,0.10322684218975758,0.0,0.3218815219136298,0.11976240166960989,1,0,1,0,73.0,197.0,32.125,77.375,15.6,1.53,4.47,37.0,127.0,6.94,4.18,4.45,0.7740008266170697,75.88
Jaelen Strong - 9503,2014,16.34,15.29,-1.05,10.72,20.19,36.07,1,100.0,54.4,0.0,0.0,0.49270401729418123,0.5309841065981699,0.5309841065981699,0.9846874437038371,0.9913529093856963,0.9600072059088453,0.9292019455953883,0.7688704737885066,0.6211493424608179,0.960748113661904,0.9846684861133408,0.9338577620805908,0.8889869963075935,0.7358323968534275,0.5992936265853267,0.960748113661904,0.9846684861133408,0.9338577620805908,0.8889869963075935,0.7358323968534275,0.5992936265853267,1,0,1,0,74.375,217.0,32.5,76.75,19.0,1.57,4.44,42.0,123.0,6.908000000000001,4.128,4.454,1.007313494523662,91.48
Travin Dural - 12219,2016,7.14,15.21,8.07,7.18,18.36,32.83,3,100.0,68.95,0.0,0.0,0.36281751035849397,0.46893562369561725,0.3480494461390271,0.7724734282111332,0.9074040713384975,0.8848856061970816,0.7926499729778418,0.8839848675914249,0.7816609619888308,0.7892117514849896,0.935623695617274,0.9442928238882645,0.8986996307593514,0.956253010113983,0.9472628030181409,0.591989083319955,0.6716166318831273,0.3908331995504896,0.41122170492856,0.7508428319152352,0.19898860170171778,1,0,1,0,72.75,202.0,32.0,75.0,12.2,1.53,4.57,30.5,116.0,7.29,4.55,4.4959999999999996,0.7781339119652821,58.15
Terry Godwin - 47946,2018,7.79,15.18,7.39,10.35,17.24,26.06,4,71.28,63.63,1.0,0.25,0.6652855341379932,0.711109327339862,0.6191202440199068,0.7611241217798594,0.7216717708520988,0.8029183930823275,0.6728517384255089,0.4384795532336516,0.7105026121419564,0.7700272917001124,0.8914753572001927,0.8556750682292503,0.8628993417884091,0.7113501364585005,0.7510033713276609,0.5440680687108685,0.5234387542141595,0.5371648739765612,0.0,0.20043345641354954,0.4799325734467812,1,0,1,0,71.375,184.0,30.0,73.875,13.4,1.58,4.55,36.5,117.0,6.96,4.346000000000001,4.43,0.6787332093407729,55.36
Javon Baker - 123904,2023,7.14,14.81,7.67,6.26,14.21,21.77,2,30.79,82.94,1.0,0.5,0.4692848135471086,0.5789853909134692,0.31915235190239205,0.6851017834624392,0.8360655737704918,0.9095658439920735,0.8068816429472168,0.36840208971356514,0.7809403711043055,0.9292823888264569,0.9680526569272756,0.9844276769947022,0.9693369722266817,0.9092149622732381,0.9323326376625461,0.06485792262000321,0.0158934018301493,0.06790817145609247,0.0,0.0035318670733665114,0.391234548081554,1,0,1,0,73.25,202.0,32.25,78.25,12.0,1.58,4.54,37.0,121.0,7.117999999999999,4.354,4.54,0.7835069229179583,67.48
Michael Woods - 84117,2021,16.47,14.81,-1.66,2.04,14.1,20.59,3,56.71,41.01,0.0,0.0,0.34840569266798777,0.46155081072403276,0.23109648418686787,0.8596649252386958,0.5015312556296163,0.5851197982345523,0.6301567285173842,0.5534137993154387,0.45775535939470363,0.9275164552897737,0.7370364424466207,0.7229089741531546,0.7485952801412746,0.6669609889227806,0.7737999678921175,0.5553860972868839,0.3222026007384813,0.33978166639910096,0.4593835286562851,0.4276769947021994,0.17418526248193933,1,0,1,0,73.125,204.0,33.0,78.375,15.6,1.59,4.55,34.5,125.0,7.0680000000000005,4.348000000000001,4.52,0.21107460219053525,64.76
Aaron Burbridge - 10847,2015,9.56,14.74,5.18,10.77,15.51,21.04,2,100.0,41.87,0.0,0.0,0.4300126103404792,0.4792904157970782,0.45874137100658213,0.9128085029724374,0.9729778418303009,0.9115474689245181,0.7029364078544407,0.6107007746352009,0.2102323905602594,0.9681329266334885,0.9740728848932413,0.9470219938995024,0.7629635575533793,0.5984909295231979,0.3104832236314015,0.6151067587092631,0.8317546957778135,0.6993096805265693,0.43273398619361053,0.5783432332637662,0.17418526248193933,1,0,1,0,72.0,206.0,31.625,74.875,20.0,1.57,4.56,30.5,115.0,7.22,4.31,4.4719999999999995,0.9659826410415375,57.5
Chris Finke - 33014,2019,9.15,14.7,5.55,3.92,15.13,29.23,2,47.15,66.81,1.0,0.5,0.7890470185552153,0.7953122491571681,0.6791619842671376,0.7450909745991713,0.3428211133129166,0.5334174022698613,0.5462078904701856,0.4595568366060169,0.4718068816429472,0.9207737999678921,0.5639749558516616,0.6439235832396853,0.9286402311767539,0.951115748916359,0.6859849092952319,0.2894525606036282,0.10459142719537647,0.3609728688393,0.0,0.16728206774763205,0.10571520308235671,1,0,0,1,69.5,186.0,29.0,69.625,7.0,1.54,4.57,40.0,121.0,7.022,4.25,4.43,0.42186195494936973,64.16
John Metchie - 97400,2021,24.97,14.65,-10.32,9.46,15.39,25.03,2,46.91,79.14,0.0,0.0,0.4802738245361196,0.5847648097607963,0.3480494461390271,0.9039812646370023,0.7701315078364259,0.6838407494145199,0.7805800756620429,0.24932444604575751,0.6825797153666006,0.982581473751806,0.8909937389629154,0.8887461871889549,0.7883287847166479,0.6277091025846845,0.7941884732701878,0.21937710707978808,0.24755177396050732,0.055305827580671055,0.0,0.06092470701557232,0.2956333279820196,1,0,1,0,71.25,187.0,30.625,73.375,15.0,1.548,4.558,35.0,121.8,7.144,4.25,4.46,0.8665819384170284,66.4
Stephen Guidry - 84308,2019,6.75,14.56,7.81,5.46,12.85,19.81,1,27.89,5.25,1.0,1.0,0.13240857503152584,0.27315781024241453,0.04334564135495264,0.810304449648712,0.6130426950099082,0.6524950459376689,0.7967933705638623,0.9320843091334895,0.8546207890470185,0.7336651147856799,0.6004976721785198,0.6715363621769145,0.8315941563653877,0.956253010113983,0.9381120565098732,0.7195376464922139,0.5614865949590625,0.5520950393321561,0.6559640391716166,0.8305506501846204,0.5297800610049768,1,0,1,0,75.0,201.0,32.75,78.875,14.0,1.56,4.47,34.0,125.0,7.31,4.46,4.38,0.06848315767720603,68.51
Grant Dubose - 111276,2022,3.5,14.53,11.03,7.14,26.38,49.12,2,12.67,71.66,2.0,1.0,0.2999459556836606,0.3739765612457858,0.3013324771231337,0.9767609439740588,0.8947937308593046,0.861466402450009,0.8639884705458476,0.6517744550531436,0.49162313096739324,0.9565740889388344,0.8845721624658853,0.8750200674265532,0.8620163750200674,0.7113501364585005,0.5297800610049768,0.9159576175951196,0.8215604430887783,0.7276448868197143,0.7618397816663991,0.5258468454005458,0.4461390271311607,0,1,0,0,74.375,201.0,31.875,77.875,17.0,1.52,4.57,35.0,125.0,6.89,4.32,4.5,0.9494502996486878,69.64
ArDarius Stewart - 11834,2016,5.91,14.53,8.62,12.27,16.91,24.49,2,100.0,55.66,0.0,0.0,0.4685642226625833,0.5224755177396051,0.498073527050891,0.8564222662583318,0.8049000180147721,0.9124482075301747,0.764727076202486,0.47162673392181587,0.8784002882363539,0.9770428640231177,0.9822603949269546,0.9487076577299727,0.9053620163750201,0.7358323968534275,0.9677315781024242,0.20444694172419328,0.6981859046395891,0.5716808476480976,0.0,0.2939476641515492,0.5646171135013646,1,0,1,0,71.125,204.0,32.5,77.5,13.4,1.57,4.49,34.0,124.0,6.909999999999999,4.192,4.444,0.7413494523661913,69.25
Geremy Davis - 9619,2014,5.42,14.51,9.09,9.31,17.18,37.09,1,100.0,64.1,0.0,0.0,0.4357773374166817,0.4743136940118799,0.4743136940118799,0.7895874617186093,0.9603675013511079,0.8629075842190597,0.6901459196541164,0.7068996577193298,0.07169879301026842,0.7087815058596886,0.9391555626906406,0.8150585968855354,0.665997752448226,0.6753893080751324,0.08564777652913791,0.7087815058596886,0.9391555626906406,0.8150585968855354,0.665997752448226,0.6753893080751324,0.08564777652913791,0,0,1,0,74.375,216.0,32.25,77.0,23.0,1.544,4.537999999999999,36.5,124.0,6.86,4.18,4.4719999999999995,0.7795804918371565,78.4
Simi Fehoko - 84424,2020,12.37,14.42,2.05,8.72,16.98,34.36,2,18.62,69.0,1.0,0.5,0.5510718789407314,0.636378230855675,0.4927757264408412,0.5971896955503513,0.7708520987209512,0.6867231129526211,0.8411097099621689,0.7897676094397406,0.4743289497387858,0.7419328945256061,0.9135495264087333,0.9359447744421255,0.8820035318670734,0.9808958099213357,0.8209182854390753,0.12401669609889228,0.03981377428158613,0.025284957457055706,0.0,0.1920051372611976,0.053780703162626425,1,0,1,0,75.875,222.0,31.625,76.875,20.2,1.542,4.496,38.3,126.4,7.052,4.176,4.4,0.5437879727216367,81.92
Binjimen Victor - 42198,2019,2.86,14.41,11.55,7.9,17.33,28.13,3,43.12,57.13,1.0,0.33,0.3022878760583679,0.38914753572001926,0.2977203403435543,0.6681678976760944,0.5027922896775355,0.6811385335975499,0.9279409115474689,0.8785804359574851,0.2675193658800216,0.7353507786161503,0.6649542462674587,0.8887461871889549,0.94276769947022,0.9207737999678921,0.5297800610049768,0.16800449510354792,0.29242253973350457,0.4836249799325735,0.7500401348531064,0.800529780061005,0.03539894043987799,1,0,1,0,75.75,198.0,34.125,81.5,9.0,1.51,4.6,35.0,128.0,7.1,4.225999999999999,4.46,0.5621802025211821,66.46
Bralon Addison - 11013,2015,4.64,14.31,9.67,6.58,13.6,21.45,1,100.0,50.72,0.0,0.0,0.7236533957845434,0.6953764649221383,0.6953764649221383,0.9587461718609259,0.8578634480273825,0.8809223563321924,0.9560439560439561,0.4274905422446406,0.6562781480814268,0.9023117675389308,0.8161021030663028,0.8357681810884572,0.9275967249959866,0.4276769947021994,0.6318831273077541,0.9023117675389308,0.8161021030663028,0.8357681810884572,0.9275967249959866,0.4276769947021994,0.6318831273077541,1,0,1,0,69.25,197.0,29.5,72.25,13.0,1.59,4.66,34.5,116.0,6.95,4.14,4.446,0.9804484397602811,52.63
Alonzo Russell - 11114,2015,2.98,14.19,11.21,7.7,14.51,20.42,2,100.0,36.04,0.0,0.0,0.403530895334174,0.4439717450634131,0.44212554182051694,0.9437939110070258,0.8403891190776437,0.8261574491082688,0.8643487659881103,0.755359394703657,0.5986308773194019,0.9174024723069514,0.8425911061165516,0.7815058596885536,0.860330711189597,0.7735591587734789,0.6318831273077541,0.8268582436988281,0.7338256541981056,0.7660138063894686,0.7624819393161021,0.6669609889227806,0.5143682774121047,0,0,1,0,75.625,206.0,33.875,79.75,12.0,1.56,4.54,29.5,112.0,7.18,4.33,4.502,0.8331039470965076,57.59
Steven Mitchell - 47508,2017,14.68,13.91,-0.77,4.65,14.66,26.17,3,74.5,43.35,2.0,0.67,0.6957304990091875,0.7749237437790978,0.3935623695617274,0.6616825797153666,0.7063592145559359,0.6249324446045758,0.7593226445685463,0.372725635020717,0.5573770491803278,0.7984427676994702,0.7362337453844919,0.8294268742976401,0.9145930325895008,0.7874458179483063,0.6859849092952319,0.307593514207738,0.36899983946058756,0.324289613100016,0.5188633809600257,0.0694332958741371,0.22234708620966448,1,1,0,0,70.25,189.0,30.375,73.5,13.0,1.53,4.56,32.5,121.0,6.75,4.4,4.484,0.6111572638974995,60.58
Demarcus Robinson - 10760,2015,43.23,13.65,-29.58,8.09,15.19,25.36,2,100.0,42.78,0.0,0.0,0.2959827058187714,0.407368759030342,0.24747150425429443,0.9331651954602774,0.8868672311295263,0.8292199603675013,0.7353629976580797,0.6517744550531436,0.724013691226806,0.8741371006582116,0.9373896291539573,0.9002247551773961,0.8669128270990528,0.7944292823888265,0.7004334564135495,0.8433938031786804,0.6928078343233264,0.5672660138063895,0.4561727404077701,0.41892759672499597,0.6718574410017659,1,0,1,0,73.375,203.0,33.0,78.75,13.2,1.65,4.59,34.5,123.0,6.77,4.19,4.452,0.8120252118206241,66.64
Terrace Marshall - 84271,2020,16.6,13.41,-3.19,11.52,18.1,34.49,3,16.58,86.82,2.0,0.67,0.6211493424608179,0.7591106116551614,0.5048964520789854,0.8333633579535219,0.5606197081606917,0.8284993694829761,0.9639704557737344,0.5699873896595208,0.6483516483516484,0.9548081554021512,0.8806389468614545,0.9521592550971263,0.9800128431529941,0.8305506501846204,0.7639267940279338,0.46058757424947827,0.32324610691924865,0.5520950393321561,0.0,0.31232942687429766,0.2956333279820196,1,1,0,0,74.5,205.0,32.75,78.125,14.8,1.55,4.494000000000001,38.0,126.8,7.116,4.286,4.46,0.8045856581938418,81.09
Robert Davis - 11964,2016,3.31,13.41,10.1,7.3,18.06,40.51,3,100.0,46.56,0.0,0.0,0.21635741307872455,0.3305506501846203,0.15203082356718575,0.9918933525490903,0.7715726896054765,0.8117456314177626,0.5719690145919654,0.6107007746352009,0.7420284633399388,0.9918927596724996,0.9479049606678439,0.8850537807031627,0.6720982501204046,0.6577299727082999,0.7510033713276609,0.9417241932894526,0.507705891796436,0.5764167603146573,0.4101781987477926,0.5056188794349012,0.6444052014769626,0,0,1,0,74.63,219.0,33.0,78.5,19.0,1.54,4.44,41.0,136.0,6.82,4.28,4.474,0.7667679272576979,94.85
Devin Funchess - 9474,2014,74.2,13.22,-60.98,11.67,13.88,17.97,1,100.0,33.71,0.0,0.0,0.5818771392541884,0.6098892278054262,0.6098892278054262,0.9290217978742569,0.9735182849936949,0.8863267879661322,0.6861826697892272,0.3176004323545307,0.435957485137813,0.851982661743458,0.9550489645207898,0.8441965002408092,0.6627869641997111,0.3303901107721946,0.4461390271311607,0.851982661743458,0.9550489645207898,0.8441965002408092,0.6627869641997111,0.3303901107721946,0.4461390271311607,1,0,1,0,76.25,232.0,33.5,82.625,17.0,1.66,4.7,38.5,122.0,6.918000000000001,4.24,4.522,0.8399235379210581,75.99
JJ ArcegaWhiteside - 35014,2018,20.19,13.17,-7.02,11.08,23.06,49.23,3,33.89,74.05,2.0,0.67,0.5406233111151144,0.67699470219939,0.3614544870765773,0.8488560619708161,0.8629075842190597,0.9463159791028644,0.9789227166276346,0.8524590163934426,0.3586741127724734,0.880317868036603,0.8849735109969498,0.9609086530743297,0.980093112859207,0.9044790496066785,0.49783271793225237,0.5794670091507466,0.6649542462674587,0.8043024562530101,0.9297640070637342,0.7184941403114464,0.2332637662546155,1,1,0,0,74.0,225.0,33.25,79.875,17.4,1.544,4.552,35.2,122.6,7.209999999999999,4.414,4.49,0.9742488117379624,70.79
Juwan Johnson - 28305,2019,4.62,13.12,8.5,3.96,14.95,35.06,3,26.27,53.77,1.0,0.33,0.06521347504954063,0.33697222668165033,0.0,0.7450909745991713,0.5797153666006125,0.722932804900018,0.45054945054945056,0.775175644028103,0.7910286434876599,0.9446139027131161,0.7575052175309038,0.8205169369080109,0.8161021030663028,0.9723872210627709,0.9677315781024242,0.15805105153315138,0.2171295553058276,0.5570717611173543,0.0,0.338497351099695,0.4461390271311607,1,0,1,0,76.0,230.0,34.25,81.625,14.0,1.54,4.58,33.0,124.0,6.94,4.37,4.49,0.5336619136185162,75.06
Luke McCaffrey - 101634,2023,20.99,12.9,-8.09,11.65,18.7,30.26,2,15.53,87.22,2.0,1.0,0.7434696451089894,0.7107079788087975,0.7072563814416439,0.9736984327148261,0.9063231850117096,0.8803819131687984,0.9358674112772474,0.47378850657539184,0.6487119437939111,0.9812971584524001,0.900305024883609,0.8535880558677156,0.9306469738320757,0.4960667843955691,0.7129555305827581,0.8350457537325413,0.8430727243538289,0.8150585968855354,0.8240488039813775,0.4276769947021994,0.5143682774121047,0,1,0,0,73.625,198.0,30.125,74.5,16.0,1.52,4.46,36.0,121.0,6.7,4.02,4.49,0.8184314941103534,79.02
Riley Ridley - 47933,2018,13.13,12.84,-0.29,5.77,16.85,33.44,3,54.22,41.35,1.0,0.33,0.308953341740227,0.4606678439556911,0.2591908813613742,0.6678076022338317,0.5076562781480815,0.7056386236714105,0.9187533777697712,0.9165916051161953,0.3240857503152585,0.8164231818911543,0.5427837534114626,0.738722106277091,0.9416439235832397,0.9636378230855676,0.6444052014769626,0.44758388184299247,0.3546315620484829,0.5221544389147535,0.6914432493177075,0.6753893080751324,0.1391876705731257,1,0,1,0,73.25,199.0,32.625,78.25,13.0,1.52,4.58,30.5,124.0,7.22,4.28,4.526,0.47352552180202523,64.32
Bo Melton - 61610,2021,52.67,12.51,-40.16,1.87,12.62,26.17,3,35.92,51.82,0.0,0.0,0.42857142857142855,0.4970300208701236,0.4270348370524964,0.7930102684201045,0.7728337236533958,0.6090794451450189,0.5474689245181048,0.5501711403350747,0.5757521167357232,0.813372933055065,0.9693369722266817,0.8604109808958099,0.8370524963878632,0.6482581473751806,0.7510033713276609,0.42262000321078824,0.0859688553539894,0.16471343714882003,0.0,0.4077701075614063,0.27861615026489,1,0,1,0,71.0,189.0,31.25,76.5,13.6,1.5,4.34,38.0,121.0,6.98,4.359999999999999,4.43,0.4481070469105187,86.45
Racey McMath - 61401,2020,14.33,12.37,-1.96,6.11,14.94,29.68,2,32.79,56.75,1.0,0.5,0.3509277607638263,0.420211912024402,0.357762080590785,0.4637002341920375,0.47793190416141235,0.8447126643847955,0.8023779499189335,0.694829760403531,0.7468924518104846,0.5166960988922781,0.6303580028897094,0.9442928238882645,0.9457376786000963,0.8884251083641034,0.923422700272917,0.38216407127949914,0.3614544870765773,0.4469417241932895,0.4808958099213357,0.3218815219136298,0.27861615026489,1,0,1,0,74.5,211.0,32.0,79.0,15.4,1.536,4.4799999999999995,35.6,123.4,7.058,4.4239999999999995,4.43,0.17738995660260384,73.75
DeMarcus Ayers - 10863,2015,39.35,12.25,-27.1,1.78,10.78,16.7,1,100.0,86.48,1.0,1.0,0.699873896595208,0.9210948787927437,0.5420613260555467,0.9607277967933706,0.8555215276526752,0.8142676995136011,0.6324986488920915,0.22140154927040173,0.7694109169519006,0.9695777813453202,0.9447744421255418,0.9424466206453684,0.7029218173061487,0.28592069353026167,0.8609728688393,0.7984427676994702,0.38256541981056347,0.35647776529137903,0.48547118317546956,0.18550329105795474,0.5297800610049768,1,0,0,1,69.375,182.0,31.25,74.0,11.0,1.6,4.72,33.0,123.0,6.9,4.15,4.448,0.8800144657987188,52.78
Xavier Legette - 99197,2023,61.34,11.99,-49.35,1.57,12.8,31.63,1,24.7,84.06,0.0,0.0,0.47721131327688704,0.586209664472628,0.12305345962433778,0.6564582958025581,0.4676634840569267,0.4608178706539362,0.7045577373446226,0.5584579355071159,0.3269681138533598,0.9351420773799968,0.8020549044790496,0.9668486113340825,0.8471664793706855,0.8958901910419008,0.7639267940279338,0.37253170653395407,0.09110611655161342,0.06790817145609247,0.0,0.23599293626585327,0.052737196981859046,1,0,1,0,73.0,221.0,31.875,77.5,18.0,1.54,4.39,40.0,126.0,7.24,4.314,4.52,0.3412667906592271,88.46
Victor Bolden - 12269,2016,5.86,11.43,5.57,0.1,8.7,13.33,3,100.0,5.17,0.0,0.0,0.6760943974058728,0.7870444694172419,0.10483223631401509,0.9700954782921996,0.8366060169338858,0.6171860925959287,0.4256890650333273,0.4640605296343001,0.4280309854080346,0.9565740889388344,0.8336008990207096,0.7313372933055065,0.5292984427676994,0.48458821640712796,0.6444052014769626,0.9023117675389308,0.7463477283673142,0.4250280943971745,0.4242253973350458,0.41892759672499597,0.3104832236314015,1,0,1,0,68.38,178.0,31.13,73.88,9.0,1.58,4.54,32.0,117.0,6.83,4.22,4.4239999999999995,0.1244864641454846,51.0
Brandon Smith - 61327,2020,9.03,11.35,2.32,6.82,12.19,21.54,3,23.51,48.75,1.0,0.33,0.11655557557196901,0.25333119280783434,0.0,0.6786164655017114,0.48495766528553413,0.3467843631778058,0.6505134210052242,0.4274905422446406,0.20590884525310754,0.8100818751003371,0.7432974795312249,0.7276448868197143,0.8628993417884091,0.7581473751806068,0.5143682774121047,0.14641194413228448,0.2514849895649382,0.03475678279017499,0.0,0.04727885695938353,0.11976240166960989,1,0,1,0,73.375,218.0,34.25,81.5,16.2,1.5539999999999998,4.496,38.0,127.6,6.9799999999999995,4.242,4.54,0.2716243025418475,77.8
Malachi Corley - 66272,2023,1.28,11.34,10.06,4.98,21.74,47.67,3,54.43,83.4,3.0,1.0,0.8695730499009188,0.9308877829507144,0.7834323326376625,0.935687263556116,0.9198342640965592,0.8466942893172401,0.9090254008286796,0.10682759863087732,0.9425328769591065,0.9857922620003211,0.9709423663509391,0.940760956814898,0.953604109808958,0.17996468132926632,0.9637180927917803,0.1900786643120886,0.6780382083801574,0.4739926151870284,0.0,0.07288489324129074,0.6444052014769626,0,0,0,1,71.0,215.0,32.125,76.625,16.2,1.5239999999999998,4.466,37.8,123.8,6.965999999999999,4.1899999999999995,4.5,0.932917958255838,77.68
Cody Core - 10833,2015,17.67,11.07,-6.6,2.28,13.01,30.49,2,100.0,50.48,0.0,0.0,0.5721491623130968,0.67699470219939,0.3739765612457858,0.9446946496126823,0.3999279409115475,0.7301387137452712,0.7620248603855161,0.5606197081606917,0.8250765627814808,0.9275164552897737,0.45890191041900785,0.8043024562530101,0.7518863380960026,0.5984909295231979,0.8543104832236315,0.8182693851340505,0.3588858564777653,0.5264890030502488,0.6874297640070637,0.48458821640712796,0.7004334564135495,1,0,1,0,74.625,205.0,32.0,77.125,14.0,1.5,4.47,31.5,119.0,6.898000000000001,4.204000000000001,4.481999999999999,0.7355631328786939,73.65
Cody White - 61448,2019,9.71,11.05,1.34,5.04,10.53,14.87,3,20.24,77.64,2.0,0.67,0.4802738245361196,0.5699149141114144,0.4792904157970782,0.9430733201225004,0.798234552332913,0.7764366780760223,0.6625833183210232,0.5944874797333813,0.4743289497387858,0.9770428640231177,0.8331192807834323,0.7815058596885536,0.725878953283031,0.6386257826296355,0.613260555466367,0.7648900305024884,0.7046074811366191,0.6800449510354792,0.4795312249157168,0.4960667843955691,0.3775886980253652,1,1,0,0,75.375,217.0,32.5,79.25,14.4,1.56,4.66,35.5,120.0,7.19,4.52,4.62,0.8862140938210374,62.57
Trishton Jackson - 41247,2019,0.24,10.76,10.52,4.56,14.4,31.75,1,34.63,66.54,0.0,0.0,0.5865609800036029,0.7994060041740247,0.4214159576175951,0.7472527472527473,0.6505134210052242,0.6791569086651054,0.8423707440100883,0.5523329129886507,0.6647450909745992,0.9903676352544549,0.6824530422218654,0.7758067105474394,0.87381602183336,0.7735591587734789,0.9267940279338578,0.1739444533633007,0.43201155883769465,0.324289613100016,0.0,0.20043345641354954,0.10571520308235671,1,0,1,0,72.75,197.0,32.375,77.0,12.8,1.53,4.5,36.0,117.0,7.026000000000001,4.3,4.49,0.5115499070055797,65.85
JMon Moore - 48316,2017,0.43,10.7,10.27,7.03,11.46,16.47,2,65.97,54.47,0.0,0.0,0.10232390560259413,0.21464119441322846,0.04334564135495264,0.8776796973518285,0.8573230048639885,0.7375247703116555,0.8501170960187353,0.8067014952260854,0.8459736984327149,0.948547118317547,0.9385134050409375,0.9470219938995024,0.9204527211430407,0.9523197945095521,0.9472628030181409,0.15805105153315138,0.2171295553058276,0.18710868518221224,0.0,0.5984909295231979,0.4175630117193771,1,0,1,0,74.625,207.0,32.875,78.625,21.0,1.63,4.6,38.0,120.0,6.56,4.04,4.52,0.43984087621409385,71.15
Antoine Green - 77985,2022,0.0,10.32,10.32,1.93,13.15,33.89,2,35.04,60.81,2.0,1.0,0.056386236714105566,0.1252207416920854,0.04334564135495264,0.6719509998198523,0.2322104125382814,0.6161052062691407,0.7888668708340839,0.9310034228067015,0.5710682759863088,0.9556911221704929,0.8572804623535077,0.8750200674265532,0.8524642799807353,0.9576978648258148,0.9267940279338578,0.057874458179483064,0.10571520308235671,0.13035800288970942,0.0,0.5570717611173543,0.049125060202279656,1,1,0,0,73.75,199.0,32.125,76.75,13.8,1.54,4.47,33.5,123.0,6.99,4.27,4.49,0.3859041124199215,71.45
Cornelius Johnson - 97996,2023,5.57,10.32,4.75,4.64,13.22,28.04,3,33.68,45.81,1.0,0.33,0.14105566564582958,0.26304382725959224,0.056349333761438435,0.7667087011349306,0.4626193478652495,0.6951900558457935,0.6759142496847415,0.6189875698072419,0.5957485137813007,0.8923583239685343,0.8485310643763044,0.8109648418686788,0.9145930325895008,0.7874458179483063,0.7510033713276609,0.17948306309198908,0.09447744421255418,0.45793867394445337,0.3812811045111575,0.36899983946058756,0.18742976400706374,1,0,1,0,74.75,212.0,31.875,77.25,16.0,1.55,4.44,37.5,127.0,7.040000000000001,4.300000000000001,4.49,0.4979107253564786,84.41
Rashad Greene - 9572,2014,23.32,10.23,-13.09,9.14,17.74,32.48,1,100.0,71.83,0.0,0.0,0.4637002341920375,0.5028897094236635,0.5028897094236635,0.9971176364618988,0.9254188434516304,0.947757160871915,0.7332012250045037,0.4640605296343001,0.7614844172221221,0.9944613902713116,0.8907529298442768,0.9191684058436346,0.6983464440520147,0.456895167763686,0.7309359447744421,0.9944613902713116,0.8907529298442768,0.9191684058436346,0.6983464440520147,0.456895167763686,0.7309359447744421,1,0,1,0,71.375,182.0,31.625,75.625,11.2,1.63,4.53,36.5,122.0,6.88,4.12,4.418000000000001,1.0075201487910725,59.56
Jester Weah - 48162,2017,9.43,9.87,0.44,6.0,15.72,29.41,2,52.75,48.84,1.0,0.5,0.13745271122320302,0.25333119280783434,0.0,0.765807962529274,0.6364618987569807,0.6564582958025581,0.883444424428031,0.9376688884885607,0.6211493424608179,0.8982180125220741,0.6933697222668165,0.949831433616953,0.9618718895488843,0.9523197945095521,0.9677315781024242,0.1628672339059239,0.05466366993096805,0.01661582918606518,0.0,0.8746989886017017,0.0026489003050248834,1,0,1,0,74.25,211.0,31.125,76.625,15.0,1.53,4.43,38.0,129.0,7.24,4.41,4.492,0.522295928910932,79.41
Justin Shorter - 84376,2022,4.04,9.61,5.57,2.64,9.92,16.2,3,22.33,38.23,2.0,0.67,0.36804179427130246,0.47864825814737516,0.03692406485792262,0.6780760223383174,0.43739866690686363,0.502431994235273,0.5087371644748694,0.7670689965771933,0.22428391280850296,0.8974955851661582,0.6649542462674587,0.8902713116069996,0.7466688071921657,0.925349173222026,0.548242093433938,0.11671215283352063,0.11823727725156526,0.1074008669128271,0.0,0.4379515170974474,0.11976240166960989,1,1,0,0,76.25,229.0,33.75,82.375,18.0,1.59,4.55,35.5,126.0,7.109999999999999,4.3660000000000005,4.53,0.25137218433560654,73.46
Rannell Hall - 9942,2014,8.29,9.38,1.09,2.86,8.82,13.48,1,100.0,31.38,0.0,0.0,0.680598090434156,0.665355594798523,0.665355594798523,0.9063231850117096,0.8935326968113854,0.6451089893712845,0.0,0.30138713745271123,0.4770311655557557,0.824289613100016,0.8542302135174186,0.6053941242575053,0.0,0.31232942687429766,0.4799325734467812,0.824289613100016,0.8542302135174186,0.6053941242575053,0.0,0.31232942687429766,0.4799325734467812,1,0,1,0,72.375,198.0,30.5,74.5,16.0,1.61,4.6,41.0,132.0,6.86,4.15,4.444,0.7572618309568092,71.51
Cayleb Jones - 11075,2015,8.4,9.38,0.98,7.03,9.72,12.88,2,100.0,37.13,0.0,0.0,0.15600792649972978,0.27941884732701877,0.08572804623535078,0.9962168978562421,0.7991352909385696,0.8074220861106107,0.7492343721851918,0.7654476670870114,0.6487119437939111,0.9969497511639107,0.8309519987156847,0.7919409214962273,0.7703483705249639,0.7874458179483063,0.7004334564135495,0.9735109969497512,0.6462514047198588,0.7114304061647134,0.6306790817145609,0.6669609889227806,0.5297800610049768,1,0,1,0,74.625,209.0,32.75,80.125,9.0,1.59,4.65,33.5,118.0,6.99,4.14,4.482,0.8583157677206035,61.83
DaRon Brown - 9666,2014,0.22,9.37,9.15,7.48,13.04,24.86,1,100.0,56.51,0.0,0.0,0.44640605296343,0.48523037405683095,0.48523037405683095,0.9798234552332913,0.9733381372725635,0.9464961268239956,0.7731940190956584,0.8067014952260854,0.8059809043415601,0.946540375662225,0.9543265371648739,0.9174827420131643,0.7327018783111254,0.7735591587734789,0.7737999678921175,0.946540375662225,0.9543265371648739,0.9174827420131643,0.7327018783111254,0.7735591587734789,0.7737999678921175,0,0,1,0,72.125,205.0,32.0,76.25,17.0,1.55,4.54,37.0,120.0,7.04,4.11,4.444000000000001,0.9517234965902046,66.34
Jehu Chesson - 11894,2016,3.81,9.3,5.49,5.94,10.8,18.2,2,100.0,27.2,0.0,0.0,0.5323365159430733,0.5970460748113662,0.5344357039653235,0.8575031525851198,0.5943073320122501,0.6288956944694649,0.7265357593226446,0.7288776796973518,0.3096739326247523,0.8982180125220741,0.6931289131481779,0.8109648418686788,0.9057633649060844,0.7358323968534275,0.6718574410017659,0.5968052656927275,0.15965644565740889,0.2024401990688714,0.0,0.6277091025846845,0.11350136458500562,1,0,1,0,74.88,204.0,33.25,79.5,10.0,1.59,4.47,35.5,132.0,6.7,4.09,4.444,0.5737528414961769,81.55
DeAndrew White - 9697,2014,9.45,9.21,-0.24,-0.13,9.79,19.72,1,100.0,28.88,0.0,0.0,0.5807962529274004,0.6092470701557232,0.6092470701557232,0.9106467303188615,0.6029544226265537,0.6377229328049,0.7074401008827238,0.34966672671590704,0.6562781480814268,0.8307914593032589,0.5681489805747311,0.6000160539412426,0.6783592872050088,0.35703965323486914,0.6318831273077541,0.8307914593032589,0.5681489805747311,0.6000160539412426,0.6783592872050088,0.35703965323486914,0.6318831273077541,1,0,1,0,71.5,193.0,31.0,74.5,13.4,1.58,4.44,34.5,118.0,6.97,4.18,4.446,0.6578611283323,70.23
Rashawn Scott - 11211,2015,1.72,9.11,7.39,3.93,9.27,13.47,1,100.0,41.65,0.0,0.0,0.2244640605296343,0.26304382725959224,0.26304382725959224,0.9410916951900559,0.8275986308773194,0.8335435056746532,0.7679697351828499,0.5170239596469105,0.4770311655557557,0.8727725156525927,0.7870444694172419,0.7815058596885536,0.7284475838818429,0.5056188794349012,0.4799325734467812,0.8727725156525927,0.7870444694172419,0.7815058596885536,0.7284475838818429,0.5056188794349012,0.4799325734467812,1,0,1,0,72.875,199.0,31.375,75.5,17.0,1.564,4.606,32.5,116.0,7.081999999999999,4.287999999999999,4.446000000000001,0.9486236825790453,56.81
Speedy Noil - 12351,2016,2.63,8.99,6.36,6.64,15.56,34.89,2,100.0,17.79,0.0,0.0,0.10898937128445325,0.27315781024241453,0.02994060041740247,0.8360655737704918,0.6694289317240137,0.522788686723113,0.6472707620248603,0.7123040893532697,0.49558638083228246,0.7830309841065982,0.833360089902071,0.7815058596885536,0.7937871247391235,0.7944292823888265,0.8384973510996949,0.7241130197463477,0.47551773960507304,0.2352705089099374,0.5154117835928721,0.5476802054904479,0.2332637662546155,1,0,1,0,70.63,199.0,30.0,73.88,18.0,1.5320000000000003,4.459999999999999,43.5,133.0,6.822,4.152,4.433999999999999,0.3414734449266377,88.35
Devante Davis - 9745,2014,8.54,8.89,0.35,1.87,9.59,15.3,1,100.0,29.39,0.0,0.0,0.17456314177625654,0.2092631240969658,0.2092631240969658,0.9315438659700955,0.822374346964511,0.7324806341199784,0.6811385335975499,0.8913709241578094,0.5589983786705098,0.8562369561727404,0.7835126023438754,0.6837373575212715,0.6607802215443892,0.8718895488842511,0.548242093433938,0.8562369561727404,0.7835126023438754,0.6837373575212715,0.6607802215443892,0.8718895488842511,0.548242093433938,0,0,1,0,74.875,220.0,32.375,79.75,16.0,1.59,4.57,35.5,115.0,7.25,4.12,4.502,0.7616015705724324,62.53
Trevon Grimes - 61565,2020,5.42,8.85,3.43,4.75,11.23,26.96,3,41.67,69.14,1.0,0.33,0.41524049720771034,0.5353186707336651,0.1353347246749077,0.6887047378850657,0.4664024500090074,0.6541163754278508,0.832282471626734,0.4038911907764367,0.6465501711403351,0.824289613100016,0.680205490447905,0.7497993257344678,0.9396371809279178,0.7021993899502328,0.9031947343072725,0.009231016214480655,0.2300529780061005,0.2718734949430085,0.0,0.10113982982822282,0.03539894043987799,1,0,1,0,76.0,220.0,31.375,76.625,19.2,1.538,4.516,36.2,126.8,7.172,4.45,4.47,0.5780925811118,72.96
Keon Hatcher - 12249,2016,7.3,8.84,1.54,7.37,10.41,17.26,3,100.0,50.87,0.0,0.0,0.42010448567825615,0.5037726761920052,0.41130197463477286,0.7290578274184831,0.8461538461538461,0.9331651954602774,0.9371284453251666,0.7128445325166637,0.5372005044136192,0.8076737839139508,0.9749558516615829,0.9601862257184138,0.9480655000802697,0.6941724193289452,0.7004334564135495,0.26304382725959224,0.7504414833841708,0.7152030823567186,0.8400224755177396,0.6577299727082999,0.391234548081554,1,0,1,0,73.25,212.0,32.0,76.13,16.0,1.61,4.64,34.2,118.0,7.058,4.244,4.482000000000001,0.8029324240545568,61.87
Darreus Rogers - 12265,2016,4.57,8.74,4.17,-2.35,7.17,13.62,2,100.0,33.79,0.0,0.0,0.275986308773194,0.3480494461390271,0.27018783111253813,0.9005584579355072,0.3231850117096019,0.468924518104846,0.6786164655017114,0.3622770671951,0.3069717168077824,0.97431369401188,0.4046395890191042,0.581072403275004,0.8521432011558838,0.47607962754856314,0.46508267779739926,0.6067587092631241,0.26232139990367637,0.3180285760154118,0.555305827580671,0.2939476641515492,0.15299406004174024,1,0,1,0,73.13,216.0,32.0,76.75,8.0,1.592,4.6160000000000005,36.5,112.0,7.22,4.54,4.502,0.6165302748501756,54.76
Tylan Wallace - 61577,2020,7.96,8.63,0.67,5.13,13.06,30.64,3,12.45,93.7,3.0,1.0,0.2349126283552513,0.35936747471504255,0.0,0.8439920735002702,0.9758602053684021,0.9823455233291298,0.9338857863448028,0.8230949378490362,0.6840208971356513,0.9931770749719055,0.9790496066784395,0.9803339219778455,0.9539251886338096,0.9181248996628673,0.95561085246428,0.12401669609889228,0.9269545673462836,0.949831433616953,0.0,0.48458821640712796,0.3104832236314015,1,1,0,0,71.375,194.0,30.375,72.0,15.6,1.544,4.534000000000001,37.0,122.8,7.039999999999999,4.298,4.49,0.9736288489357305,64.92
Tyler Vaughns - 40283,2020,6.06,8.51,2.45,3.33,13.3,28.98,4,31.4,78.48,1.0,0.25,0.1821293460637723,0.3965323486916038,0.05394124257505217,0.9720771032246442,0.6861826697892272,0.7324806341199784,0.7139254188434516,0.5845793550711583,0.2900378310214376,0.9915716808476481,0.7951517097447424,0.7569433295874137,0.7435382886498635,0.5984909295231979,0.43193128913148177,0.7087815058596886,0.4864344196500241,0.615187028415476,0.6566864665275325,0.536041098089581,0.2103066302777332,1,0,1,0,74.0,184.0,32.875,79.0,13.4,1.56,4.57,33.5,121.4,6.952000000000001,4.2139999999999995,4.47,0.9271316387683406,51.0
Austin Watkins - 84457,2020,1.19,8.46,7.27,3.76,14.12,25.95,2,28.69,98.36,2.0,1.0,0.15564763105746712,0.34596243377749236,0.08307914593032589,0.6923076923076923,0.8825436858223743,0.8947937308593046,0.7730138713745272,0.8733561520446766,0.2686002522068096,0.8830470380478408,0.9070476802054904,0.9643602504414834,0.7907368759030342,0.9611494621929684,0.5646171135013646,0.26673623374538447,0.1323647455450313,0.4137100658211591,0.0,0.5158131321239364,0.11976240166960989,0,1,0,0,73.5,207.0,31.0,76.0,11.2,1.522,4.484,34.4,121.8,7.022,4.3,4.48,0.8847675139491631,72.27
Noel Thomas - 12191,2016,9.28,8.43,-0.85,7.79,12.19,26.7,3,100.0,44.49,0.0,0.0,0.5409836065573771,0.697543746989886,0.24000642157649704,0.9583858764186634,0.9380291839308232,0.7951720410736804,0.5586380832282472,0.5276526751936588,0.6362817510358494,0.9786482581473752,0.9843474072884894,0.9108203563974956,0.8358484507946701,0.5681489805747311,0.7129555305827581,0.628672339059239,0.727163268582437,0.5570717611173543,0.4779258307914593,0.4276769947021994,0.4799325734467812,0,0,1,0,72.5,205.0,30.0,72.75,9.0,1.54,4.63,32.5,118.0,7.0120000000000005,4.196,4.446000000000001,0.9223785906178963,56.91
Bobo Wilson - 12067,2016,8.73,8.35,-0.38,-3.18,5.94,12.21,2,100.0,29.84,0.0,0.0,0.3696631237614844,0.5729651629475037,0.21761117354310483,0.9228967753557917,0.6643847955323365,0.6690686362817511,0.5168438119257791,0.4626193478652495,0.2421185372005044,0.9377107079788088,0.8168245304222187,0.7660138063894686,0.6093273398619361,0.5476802054904479,0.32910579547278856,0.6123775886980254,0.4267137582276449,0.4990367635254455,0.4337774923743779,0.3218815219136298,0.17418526248193933,1,0,1,0,69.25,189.0,31.38,75.38,10.0,1.56,4.57,32.6,119.0,7.138,4.57,4.446,0.559493697044844,51.0
Johnny Holton - 11354,2015,5.29,8.24,2.95,2.27,6.47,10.45,2,100.0,74.95,0.0,0.0,0.22086110610700774,0.29346604591427194,0.21929683737357522,0.6735723293100342,0.629976580796253,0.9196541163754278,0.9437939110070258,0.7868852459016393,0.9754999099261394,0.67699470219939,0.6295553058275807,0.949831433616953,0.9476641515492054,0.9461390271311607,0.9699791298763847,0.5460748113661904,0.5335527371969818,0.7152030823567186,0.8690801091668005,0.3218815219136298,0.95561085246428,1,0,1,0,72.625,190.0,32.875,78.5,8.0,1.69,4.54,31.0,123.0,7.080000000000001,4.358,4.466,0.6247964455466005,57.92
Temuchin Hodges - 11956,2016,6.08,8.23,2.15,5.16,9.25,13.65,1,100.0,28.71,0.0,0.0,0.3703837146460097,0.41130197463477286,0.41130197463477286,0.9850477391460998,0.5719690145919654,0.650333273284093,0.809764006485318,0.7984147000540444,0.2102323905602594,0.9623535077861615,0.541820516936908,0.6104511157489163,0.772836731417563,0.7648097607962755,0.2332637662546155,0.9623535077861615,0.541820516936908,0.6104511157489163,0.772836731417563,0.7648097607962755,0.2332637662546155,1,0,1,0,78.0,257.0,32.5,78.0,18.0,1.59,4.57,39.0,134.0,6.948,4.45,4.5,0.808305435007233,85.77
Jalen Brooks - 111284,2022,18.95,8.12,-10.83,0.91,7.29,14.72,1,48.01,36.79,0.0,0.0,0.40371104305530536,0.46452078985390916,0.4270348370524964,0.6869032606737525,0.41596108809223564,0.39164114573950637,0.32228427310394525,0.6652855341379932,0.37434696451089894,0.7737999678921175,0.5561085246427998,0.6837373575212715,0.45143682774121047,0.7425750521753091,0.8042221865467972,0.5072242735591588,0.3451597367153636,0.14970300208701237,0.0,0.4960667843955691,0.16527532509231016,1,0,1,0,73.0,201.0,34.125,80.25,12.6,1.56,4.69,35.0,130.0,7.15,4.31,4.52,0.13688572019012193,63.47
Marquez Stevenson - 41838,2020,2.32,8.02,5.7,-0.86,16.45,37.3,3,49.65,86.93,0.0,0.0,0.8391280850297244,0.853266977042864,0.7546957778134532,0.8459736984327149,0.9445145018915511,0.9513601152945416,0.9538821833903801,0.49090254008286793,0.9310034228067015,0.9238240488039814,0.9415636538770268,0.9513565580349976,0.9572965162947503,0.5783432332637662,0.9677315781024242,0.44758388184299247,0.7156044308877829,0.8887461871889549,0.8893883448386579,0.3476480976079628,0.7737999678921175,1,0,1,0,70.0,182.0,31.0,75.0,14.0,1.518,4.412,36.2,123.4,6.95,4.288,4.39,0.8576958049183716,75.57
Ryan Switzer - 11888,2016,13.18,7.98,-5.2,3.21,14.19,27.07,3,100.0,73.6,3.0,1.0,0.8513781300666546,0.8385776208059078,0.7913790335527372,0.9592866150243199,0.905422446406053,0.9075842190596289,0.7688704737885066,0.13439019996397045,0.9232570707980544,0.9411623053459625,0.9595440680687108,0.9392358323968534,0.8306309198908332,0.20043345641354954,0.9422058115267298,0.8256541981056349,0.7046074811366191,0.7621608604912506,0.6059560122009954,0.10972868839300048,0.6718574410017659,1,0,0,1,68.5,181.0,28.0,68.0,11.0,1.51,4.51,32.0,116.0,6.77,4.0,4.436000000000001,0.9165922711303989,61.55
Kermit Whitfield - 12177,2016,4.55,7.95,3.4,-2.06,7.88,19.95,2,100.0,51.87,1.0,0.5,0.8340839488380472,0.8723711671215283,0.7488360892599133,0.7422086110610701,0.6697892271662763,0.7708520987209512,0.6143037290578274,0.16537560799855883,0.871914970275626,0.8323968534275165,0.7530101139829828,0.9002247551773961,0.8262160860491251,0.2591908813613742,0.9031947343072725,0.35551452881682455,0.48458821640712796,0.5520950393321561,0.0,0.09696580510515332,0.7309359447744421,1,0,0,1,67.75,185.0,30.0,71.88,8.0,1.53,4.44,32.5,120.0,7.17,4.37,4.412000000000001,0.7029117586278156,67.95
Simmie Cobbs - 28580,2017,7.34,7.9,0.56,0.01,6.44,11.76,2,52.56,42.64,1.0,0.5,0.11007025761124122,0.2912987638465243,0.04567346283512602,0.9574851378130067,0.7740947577013151,0.6564582958025581,0.6388038191316879,0.7897676094397406,0.2830120698973158,0.9959062449831434,0.8199550489645208,0.8916358966126184,0.7343875421415957,0.9323326376625461,0.7004334564135495,0.4578584042382405,0.4918927596724996,0.2352705089099374,0.0,0.47607962754856314,0.09873173864183657,1,0,1,0,75.125,220.0,32.0,77.75,11.0,1.59,4.64,30.0,113.0,6.7,4.32,4.534,0.6743934697251498,61.04
Brevin Jordan - 77887,2020,6.63,7.88,1.25,6.6,12.53,26.41,1,47.67,80.26,1.0,1.0,0.700414339758602,0.67699470219939,0.67699470219939,0.7112232030264817,0.8466942893172401,0.9589263195820573,0.9756800576472707,0.1920374707259953,0.9618086831201585,0.6436025044148338,0.8038208380157329,0.9325734467811848,0.9610691924867555,0.20677476320436666,0.9422058115267298,0.6436025044148338,0.8038208380157329,0.9325734467811848,0.9610691924867555,0.20677476320436666,0.9422058115267298,1,0,0,1,74.625,247.0,32.875,79.25,19.2,1.554,4.536,35.3,122.6,7.102000000000001,4.232,4.67,0.695058896466212,71.27
Darrell Stewart - 27299,2019,4.7,7.79,3.09,-2.62,8.29,21.09,3,29.18,56.59,1.0,0.33,0.6424067735543145,0.7441804462995666,0.3739765612457858,0.7749954963069717,0.925779138893893,0.6315979102864349,0.4791929382093317,0.39902720230589084,0.48964150603494866,0.8727725156525927,0.97431369401188,0.9239043185101943,0.7500401348531064,0.6753893080751324,0.6859849092952319,0.11671215283352063,0.36899983946058756,0.2024401990688714,0.0,0.16728206774763205,0.2103066302777332,1,0,1,0,72.25,212.0,32.0,75.875,15.0,1.542,4.522,35.0,117.0,7.058,4.426,4.64,0.6357491217193635,60.77
KD Cannon - 12241,2016,3.02,7.58,4.56,4.43,12.05,31.17,3,100.0,55.06,0.0,0.0,0.6355611601513241,0.7512441804462996,0.407368759030342,0.9724373986669068,0.9304629796433075,0.9509998198522789,0.9272203206629436,0.8800216177265358,0.745451270041434,0.9715042542944293,0.958179483063092,0.934981537967571,0.9413228447583882,0.9358645047359127,0.7510033713276609,0.8768662706694493,0.8218815219136298,0.9042382404880398,0.7937871247391235,0.6941724193289452,0.613260555466367,1,0,1,0,71.0,182.0,30.75,74.13,13.0,1.55,4.41,37.0,119.0,6.8340000000000005,4.228,4.412000000000001,0.9349845009299442,74.53
Nelson Spruce - 11199,2015,5.61,7.39,1.78,3.61,9.74,19.44,2,100.0,57.37,0.0,0.0,0.16465501711403352,0.2063734146733023,0.190480012843153,0.9974779319041615,0.9083048099441542,0.8654296523148982,0.7847234732480635,0.3246261934786525,0.33921815889029006,0.9971905602825494,0.9053620163750201,0.8232461069192487,0.8663509391555627,0.3476480976079628,0.391234548081554,0.9907689837855194,0.8218815219136298,0.8109648418686788,0.5259271151067587,0.3218815219136298,0.3104832236314015,1,0,1,0,73.125,206.0,30.0,72.0,12.0,1.53,4.69,35.0,114.0,7.09,4.2,4.444000000000001,1.005040297582145,60.16
Darren Carrington - 48219,2017,7.01,7.35,0.34,6.42,18.09,44.88,4,87.06,64.07,0.0,0.0,0.4392001441181769,0.6216888746187189,0.28576015411783595,0.8877679697351829,0.7312196000720591,0.937308593046298,0.840569266798775,0.8038191316879841,0.6465501711403351,0.9284796917643281,0.8380157328624177,0.9632364745545031,0.9239043185101943,0.8958901910419008,0.8804784074490287,0.6646331674426071,0.5445496869481458,0.6619842671375823,0.7192165676673623,0.5258468454005458,0.2103066302777332,1,0,1,0,74.25,199.0,32.75,78.625,15.6,1.53,4.45,36.0,120.0,6.99,4.316,4.45,0.8955135358545154,70.88
Davon Grayson - 38079,2017,8.68,7.24,-1.44,-2.04,8.63,20.82,1,4.12,6.66,1.0,1.0,0.22698612862547288,0.34965484026328464,0.1638304703804784,0.9663123761484417,0.3822734642406774,0.5265717888668708,0.5051342100522428,0.5618807422086111,0.5934065934065934,0.9332958741371007,0.7304543265371649,0.8517418526248194,0.7466688071921657,0.7425750521753091,0.7129555305827581,0.8914753572001927,0.14480655000802697,0.14384331353347246,0.0,0.3218815219136298,0.3775886980253652,0,0,1,0,72.75,199.0,31.375,73.75,19.0,1.53,4.51,34.5,124.0,7.1,4.377999999999999,4.526,0.055463938830336845,70.05
Dylan Cantrell - 47782,2017,8.04,7.04,-1.0,4.72,8.14,14.05,3,68.22,53.84,1.0,0.33,0.2167177085209872,0.43594477444212554,0.10274522395248033,0.979102864348766,0.544766708701135,0.5582777877859845,0.7488740767429292,0.5496306971716808,0.4177625653035489,0.9959062449831434,0.6123775886980254,0.615187028415476,0.8314336169529619,0.7648097607962755,0.5297800610049768,0.7353507786161503,0.24554503130518543,0.3972547760475197,0.5154117835928721,0.338497351099695,0.22234708620966448,1,0,1,0,74.875,226.0,31.375,76.375,18.0,1.56,4.59,38.5,130.0,6.56,4.03,4.492,0.8705083694978302,83.81
Thomas Duarte - 10865,2015,0.77,6.91,6.14,4.67,7.4,9.37,1,100.0,37.97,0.0,0.0,0.9524410016213295,0.9308877829507144,0.9308877829507144,0.9855881823094937,0.5966492523869573,0.830120698973158,0.927400468384075,0.6665465681859124,0.5589983786705098,0.9644405201476962,0.5640552255578745,0.7758067105474394,0.8862578262963557,0.6386257826296355,0.548242093433938,0.9644405201476962,0.5640552255578745,0.7758067105474394,0.8862578262963557,0.6386257826296355,0.548242093433938,1,0,1,0,74.125,231.0,33.0,80.375,12.0,1.57,4.72,33.5,118.0,6.97,4.24,4.522,0.8289708617482952,75.24
Keith Mumphery - 9608,2014,1.03,6.91,5.88,-0.25,5.43,12.08,1,100.0,34.23,0.0,0.0,0.4417222122140155,0.4804141916840584,0.4804141916840584,0.7539182129346064,0.5108989371284454,0.870293640785444,0.722392361736624,0.8913709241578094,0.6710502612141956,0.67699470219939,0.49301653555947983,0.8232461069192487,0.688553539894044,0.8718895488842511,0.6444052014769626,0.67699470219939,0.49301653555947983,0.8232461069192487,0.688553539894044,0.8718895488842511,0.6444052014769626,1,0,1,0,71.625,215.0,31.125,77.5,12.6,1.62,4.54,32.5,121.0,7.07,4.25,4.482,0.6816263690845216,67.51
Tahj Washington - 97288,2023,2.09,6.9,4.81,2.55,10.94,25.24,4,46.54,85.27,1.0,0.25,0.6366420464781121,0.8124096965805105,0.19473430727243538,0.9643307512159971,0.6438479553233651,0.8756980724193839,0.7512159971176364,0.45361196180868313,0.8796613222842731,0.949831433616953,0.6646331674426071,0.9628351260234388,0.8872210627709103,0.5875742494782469,0.9205329908492534,0.8562369561727404,0.45930325895007224,0.5423824048803981,0.37534114625140474,0.3303901107721946,0.548242093433938,1,0,1,0,69.75,174.0,29.125,70.0,15.0,1.552,4.564,35.0,122.0,7.05,4.272,4.42,0.8452965488737343,57.06
DeRunnya Wilson - 18753,2015,4.24,6.5,2.26,5.37,8.89,15.69,2,100.0,45.66,0.0,0.0,0.4346964510898937,0.5162144806550008,0.41130197463477286,0.9301026842010448,0.9200144118176905,0.9250585480093677,0.9621689785624212,0.6665465681859124,0.4718068816429472,0.9302456253010114,0.94276769947022,0.9042382404880398,0.9617916198426714,0.6941724193289452,0.5143682774121047,0.7534114625140472,0.8213999036763525,0.8641836570878151,0.9135495264087333,0.5783432332637662,0.43193128913148177,1,0,1,0,76.625,224.0,33.875,80.5,13.4,1.62,4.85,28.0,113.0,7.248,4.37,4.514,0.9628828270303782,54.19
Kenny Bell - 9595,2014,4.54,6.42,1.88,4.0,11.26,23.24,1,100.0,66.99,0.0,0.0,0.4132588722752657,0.4535238401027452,0.4535238401027452,0.8218339038011169,0.988470545847595,0.9769410916951901,0.926860025220681,0.870293640785444,0.7960727796793371,0.736795633327982,0.9804141916840584,0.9597848771873495,0.8852143201155884,0.8459624337774924,0.7639267940279338,0.736795633327982,0.9804141916840584,0.9597848771873495,0.8852143201155884,0.8459624337774924,0.7639267940279338,1,0,1,0,73.125,197.0,31.625,75.75,7.0,1.57,4.42,41.5,129.0,6.66,4.15,4.432,0.948210374044224,83.68
Ihmir SmithMarsette - 61324,2020,18.38,6.31,-12.07,-2.95,9.94,25.34,3,37.2,32.79,0.0,0.0,0.3864168618266979,0.5015251244180446,0.3634612297318992,0.7643667807602234,0.7148261574491083,0.6562781480814268,0.7787785984507296,0.6973518284993695,0.41920374707259955,0.8649863541499438,0.8134532027612779,0.8181891154278376,0.866110130036924,0.7358323968534275,0.5866110130036924,0.5899020709584203,0.4623535077861615,0.2518863380960026,0.586851822122331,0.5681489805747311,0.22234708620966448,1,0,1,0,72.75,181.0,30.75,74.125,11.4,1.53,4.494000000000001,36.2,125.0,7.090000000000001,4.378,4.42,0.3299008059516429,70.41
Carlos Henderson - 11837,2016,4.47,6.07,1.6,4.85,18.97,48.12,3,100.0,74.89,0.0,0.0,0.1873536299765808,0.29346604591427194,0.14127468293466047,0.9039812646370023,0.9000180147721132,0.9729778418303009,0.9679337056386237,0.9102864348765988,0.9387497748153486,0.960748113661904,0.9646813292663349,0.9830630919890834,0.98715684700594,0.9708620966447263,0.9506341306790818,0.6453684379515171,0.6318028576015412,0.9120244019906887,0.7911382244340985,0.7508428319152352,0.8042221865467972,0,0,1,0,71.0,199.0,31.38,75.13,13.0,1.51,4.46,36.0,131.0,7.18,4.35,4.438000000000001,0.9593697044843976,78.16
Trevor Davis - 10797,2015,8.64,5.95,-2.69,-3.49,9.59,27.71,2,100.0,55.37,0.0,0.0,0.1439380291839308,0.24000642157649704,0.10274522395248033,0.7679697351828499,0.5858403891190777,0.8863267879661322,0.7760763826337597,0.5154026301567285,0.9347865249504593,0.7474715042542944,0.5625301011398298,0.9024723069513566,0.9020709584202922,0.5984909295231979,0.9528816824530422,0.628672339059239,0.5427837534114626,0.7497993257344678,0.5091507465082677,0.4077701075614063,0.8042221865467972,1,0,1,0,73.125,188.0,31.0,74.5,11.0,1.5,4.42,38.5,124.0,6.6,4.22,4.424,0.6192167803265137,81.76
Brennan Eagles - 78103,2020,7.1,5.93,-1.17,4.77,13.79,32.19,1,27.67,8.52,1.0,1.0,0.2815708881282652,0.407368759030342,0.18165034515973671,0.7177085209872095,0.43487659881102503,0.5898036389839668,0.8292199603675013,0.9295622410376508,0.9326247522968835,0.9149141114143522,0.608123294268743,0.7758067105474394,0.8628993417884091,0.9207737999678921,0.9934981537967571,0.0943971745063413,0.150585968855354,0.34564135495264087,0.0,0.8884251083641034,0.4461390271311607,1,0,1,0,75.625,225.0,33.5,79.75,15.4,1.5160000000000002,4.446,33.8,124.6,7.138,4.398000000000001,4.59,0.07819590824550526,78.81
Hakeem Butler - 47928,2018,2.58,5.83,3.25,5.65,17.64,38.53,2,5.86,80.66,2.0,1.0,0.5941271842911188,0.827580671054744,0.22628030181409536,0.851558277787786,0.7886867231129526,0.8935326968113854,0.9131687984147,0.7324806341199784,0.7319401909565844,0.9397977203403436,0.8543104832236315,0.9717450634130679,0.8794349012682614,0.8884251083641034,0.8145769786482582,0.3913950874939798,0.19417241932894524,0.45280141274682933,0.8323165837213036,0.536041098089581,0.5297800610049768,1,1,0,0,77.375,227.0,35.25,83.875,18.0,1.51,4.48,36.0,128.0,7.144,4.272,4.484,0.8872473651580906,84.55
Quincy Adeboyejo - 12085,2016,1.83,5.77,3.94,-5.1,10.16,27.56,3,100.0,4.81,0.0,0.0,0.6660061250225184,0.904077701075614,0.20324289613100016,0.8992974238875878,0.519546027742749,0.605836786164655,0.6346604215456675,0.4640605296343001,0.6858223743469645,0.9377107079788088,0.5729651629475037,0.787606357360732,0.8941242575052175,0.6482581473751806,0.8996628672339059,0.6673623374538449,0.43883448386578905,0.37036442446620643,0.3760635736073206,0.3218815219136298,0.27861615026489,1,0,1,0,74.63,197.0,31.75,77.25,8.0,1.48,4.42,34.5,123.0,6.73,4.14,4.441999999999999,0.07240958875800785,88.58
Erik Ezukanma - 78148,2021,7.91,5.54,-2.37,3.15,12.99,38.13,3,22.1,72.36,1.0,0.33,0.25851197982345525,0.4598651468935624,0.03098410659816985,0.9263195820572869,0.7014952260853901,0.870293640785444,0.7577013150783642,0.6395244100162133,0.8020176544766708,0.8936426392679403,0.8076737839139508,0.8670733665114786,0.817225878953283,0.6669609889227806,0.8804784074490287,0.80374056830952,0.4559319312891315,0.7074169208540697,0.6303580028897094,0.536041098089581,0.6444052014769626,1,0,1,0,73.875,209.0,33.5,78.25,17.4,1.5420000000000003,4.542,36.5,126.0,7.104000000000001,4.38,4.56,0.7089047323827237,68.1
Tony Lippett - 9589,2014,4.3,5.27,0.97,4.29,11.03,23.97,1,100.0,89.67,0.0,0.0,0.3516483516483517,0.39251886338096004,0.39251886338096004,0.9243379571248423,0.9809043415600792,0.9917132048279589,0.978562421185372,0.7169879301026842,0.735002702215817,0.8459624337774924,0.9675710386899984,0.985230374056831,0.9650826777973993,0.6846203242896131,0.7004334564135495,0.8459624337774924,0.9675710386899984,0.985230374056831,0.9650826777973993,0.6846203242896131,0.7004334564135495,1,0,1,0,74.5,192.0,32.75,78.25,10.0,1.63,4.61,36.0,114.0,6.92,4.13,4.456,1.0021471378383964,60.81
Tre Nixon - 40445,2020,9.6,5.26,-4.34,-0.56,7.68,19.3,2,69.2,3.65,0.0,0.0,0.14411817690506215,0.19770428640231177,0.1353347246749077,0.8112051882543686,0.6060169338857864,0.5209872095117997,0.7081606917672492,0.8457935507115835,0.35543145379210955,0.9685342751645529,0.7262000321078825,0.7313372933055065,0.7628832878471665,0.9125862899341789,0.6859849092952319,0.1739444533633007,0.04792101460908653,0.06550008026970622,0.0,0.7257986835768181,0.2103066302777332,1,0,1,0,72.125,187.0,31.75,73.875,11.2,1.534,4.462000000000001,35.1,124.0,6.8740000000000006,4.258000000000001,4.38,0.05050423641248192,73.71
Amba EttaTawo - 12034,2016,8.95,5.06,-3.89,-0.9,8.62,24.55,1,100.0,49.5,0.0,0.0,0.3096739326247523,0.45280141274682933,0.05394124257505217,0.9239776616825797,0.692127544586561,0.6377229328049,0.7917492343721851,0.7688704737885066,0.8173302107728337,0.998715684700594,0.7912987638465243,0.9024723069513566,0.8941242575052175,0.8260555466366993,0.9625140471985872,0.591989083319955,0.18678760635736072,0.3343233263766255,0.0,0.6183175469577782,0.19898860170171778,1,0,1,0,73.25,208.0,32.0,74.25,14.0,1.53,4.49,31.0,126.0,6.95,4.32,4.444,0.61797685472205,71.3
Noah Brown - 11993,2016,18.8,4.99,-13.81,1.51,6.06,11.93,1,100.0,20.38,0.0,0.0,0.6593406593406593,0.8723711671215283,0.36779579386739447,0.49522608539001983,0.4905422446406053,0.2777877859845073,0.9463159791028644,0.4397405872815709,0.07908484957665285,0.6998715684700594,0.5975276930486434,0.6404719858725317,0.9406806871086851,0.6183175469577782,0.25381281104511155,0.08717290094718254,0.002729170011237759,0.04198105634933376,0.0,0.267699470219939,0.0026489003050248834,1,0,1,0,73.75,222.0,31.75,76.63,19.0,1.594,4.549999999999999,35.6,121.4,7.07,4.33,4.4799999999999995,0.5307687538747675,78.36
Jalen Rowell - 38948,2016,5.69,4.92,-0.77,2.01,10.92,29.44,3,100.0,88.56,0.0,0.0,0.13565123401188975,0.2287686627066945,0.04334564135495264,0.6051161952801297,0.9953161592505855,0.9976580796252927,0.9645108989371285,0.9383894793730859,0.8796613222842731,0.5838818429924546,0.9954246267458661,0.9986354149943811,0.9663669930968053,0.9623535077861615,0.8868999839460587,0.5388505378070316,0.9915716808476481,0.9902070958420293,0.8696419971102906,0.7735591587734789,0.8042221865467972,0,0,1,0,74.88,220.0,32.38,78.25,13.0,1.59,4.62,31.5,120.0,6.77,4.46,4.465999999999999,0.9015065096094235,61.76
DJ Foster - 11214,2015,4.66,4.81,0.15,-5.53,5.55,18.07,1,100.0,37.58,1.0,1.0,0.6326787966132228,0.6412746829346605,0.6412746829346605,0.9569446946496127,0.9519005584579355,0.6195280129706359,0.5188254368582238,0.1664564943253468,0.7014952260853901,0.8996628672339059,0.9292823888264569,0.581072403275004,0.5331513886659175,0.17996468132926632,0.6718574410017659,0.8996628672339059,0.9292823888264569,0.581072403275004,0.5331513886659175,0.17996468132926632,0.6718574410017659,1,0,0,1,70.25,193.0,30.5,74.25,14.0,1.53,4.57,35.5,117.0,6.75,4.07,4.432,0.8291775160157058,82.18
Charone Peake - 10875,2015,7.71,4.75,-2.96,-0.42,7.66,21.23,1,100.0,27.86,0.0,0.0,0.5845793550711583,0.7280462353507786,0.13324771231337293,0.7908484957665286,0.6022338317420285,0.5898036389839668,0.7577013150783642,0.6782561700594487,0.5307151864528914,0.9046395890191042,0.6922459463798363,0.7569433295874137,0.7671375822764489,0.6753893080751324,0.6318831273077541,0.44758388184299247,0.20059399582597529,0.31257023599293626,0.7029218173061487,0.6183175469577782,0.4175630117193771,1,0,1,0,74.375,209.0,34.0,81.5,12.0,1.62,4.45,35.5,122.0,6.96,4.46,4.444,0.6338892333126679,75.4
Roman Wilson - 129604,2023,2.76,4.74,1.98,-5.2,9.38,26.59,3,62.9,82.88,0.0,0.0,0.6705098180508017,0.8221223310322684,0.5390110772194574,0.6319582057286975,0.7094217258151685,0.8778598450729598,0.9565843992073501,0.8067014952260854,0.5925058548009368,0.791539572965163,0.73422700272917,0.9308075132445015,0.9817787766896773,0.8602504414833841,0.8685984909295232,0.315299406004174,0.4242253973350458,0.5764167603146573,0.6755498474875582,0.7021993899502328,0.1391876705731257,1,0,1,0,70.75,185.0,30.375,72.5,12.0,1.52,4.39,34.7,123.2,6.953999999999999,4.191999999999999,4.32,0.7318433560653027,80.65
KaRaun White - 47784,2017,8.73,4.7,-4.03,-3.29,8.06,25.21,3,67.26,41.27,1.0,0.33,0.3174202846333994,0.5344357039653235,0.059239043185101946,0.9117276166456494,0.7436497928301207,0.8321023239056026,0.8447126643847955,0.775716087191497,0.6876238515582778,0.9888425108364104,0.754856317225879,0.8580028897094236,0.9018301493016535,0.8602504414833841,0.8543104832236315,0.4373093594477444,0.6647937068550329,0.6619842671375823,0.0,0.5875742494782469,0.4461390271311607,1,0,1,0,73.0,206.0,32.25,78.125,24.0,1.5,4.52,33.5,118.0,7.16,4.57,4.51,0.672120272783633,65.97
Keevan Lucas - 47572,2016,1.57,4.64,3.07,-2.68,6.63,18.33,3,100.0,47.19,0.0,0.0,0.9347865249504593,0.9393963718092792,0.8659495906244983,0.9603675013511079,0.9628895694469465,0.9364078544406413,0.9596469104665826,0.5040533237254549,0.6474509097459917,0.9830630919890834,0.9724674907689838,0.9151549205329909,0.9577781345320276,0.7021993899502328,0.7853588055867715,0.5569914914111415,0.7348691603788731,0.8850537807031627,0.8890672660138064,0.2514047198587253,0.46508267779739926,0,0,1,0,69.38,192.0,31.88,76.5,11.0,1.58,4.55,32.5,119.0,7.23,4.43,4.434,0.9560632362058277,51.0
Drew Morgan - 48073,2016,0.54,4.58,4.04,2.03,5.97,11.97,2,100.0,67.62,0.0,0.0,0.5642226625833183,0.6002568630598812,0.5900626103708461,0.7672491442983246,0.9266798774995496,0.9614483876778959,0.882903981264637,0.38281390740407134,0.745451270041434,0.8562369561727404,0.9314496708942045,0.9729491090062611,0.9535238401027453,0.6941724193289452,0.7853588055867715,0.21937710707978808,0.8193128913148178,0.8491732220260074,0.559881200834805,0.21239364263926794,0.6596564456574089,1,0,0,1,71.88,190.0,30.38,72.25,10.0,1.57,4.74,30.0,112.0,6.85,4.12,4.454,0.9072928290969209,51.0
Brenden Rice - 131692,2023,7.38,4.55,-2.83,0.41,8.71,26.93,3,26.39,77.68,1.0,0.33,0.2702215816969915,0.4559319312891315,0.09881200834804944,0.723473248063412,0.6546568185912448,0.8139074040713385,0.9365880021617726,0.6099801837506755,0.9425328769591065,0.8459624337774924,0.7991651950553861,0.9378712473912345,0.9824209343393803,0.8201958580831594,0.9939797720340343,0.3189918124899663,0.4795312249157168,0.5520950393321561,0.6670412586289934,0.36899983946058756,0.5992936265853267,1,0,1,0,74.375,208.0,33.0,78.0,13.0,1.55,4.5,36.5,119.0,7.167999999999999,4.522,4.5,0.6737735069229179,67.27
Bug Howard - 12125,2016,8.41,4.54,-3.87,-4.48,3.2,10.42,3,100.0,35.12,0.0,0.0,0.17672491442983246,0.2912987638465243,0.14488681971423983,0.9167717528373266,0.6496126823995676,0.7504954062331112,0.7665285534137993,0.6872635561160151,0.4128985768330031,0.9446139027131161,0.6426392679402794,0.7840744902873655,0.837132766094076,0.8201958580831594,0.5646171135013646,0.736795633327982,0.5680687108685182,0.5716808476480976,0.4841868678760636,0.36899983946058756,0.32910579547278856,1,0,1,0,76.13,221.0,33.13,79.75,14.2,1.56,4.58,37.5,119.0,6.95,4.14,4.5200000000000005,0.7423827237032444,74.86
Gabe Marks - 12245,2016,7.92,4.24,-3.68,-3.8,4.71,13.11,2,100.0,50.58,0.0,0.0,0.2471626733921816,0.3480494461390271,0.21464119441322846,0.999459556836606,0.7831021437578815,0.7041974419023599,0.9283012069897316,0.3276887047378851,0.4300126103404792,1.0,0.798603307111896,0.6769144324931771,0.9022314978327179,0.4276769947021994,0.548242093433938,0.9951838176272275,0.6823727725156526,0.6439235832396853,0.8748595280141275,0.2591908813613742,0.32910579547278856,1,0,1,0,71.0,189.0,30.38,71.88,11.0,1.57,4.56,29.5,117.0,7.01,4.2,4.4399999999999995,0.9816883653647448,51.98
Isaiah McKoy - 78160,2020,4.97,4.08,-0.89,-2.83,10.9,31.37,2,55.72,64.69,0.0,0.0,0.2727436497928301,0.3739765612457858,0.2681810884572162,0.8584038911907764,0.8358854260493604,0.9283012069897316,0.870293640785444,0.7816609619888308,0.5372005044136192,0.9037566222507626,0.9739123454808155,0.9857119922941082,0.9814576978648258,0.9152351902392037,0.5992936265853267,0.44509552095039334,0.6497030020870124,0.4137100658211591,0.5498474875581956,0.48458821640712796,0.4799325734467812,0,0,1,0,74.0,200.0,31.625,73.5,14.8,1.5479999999999998,4.558,33.7,119.2,7.082000000000001,4.215999999999999,4.49,0.36131225459805744,51.0
Jordan Lasley - 48202,2017,2.15,3.89,1.74,-0.79,3.91,8.35,2,60.28,68.22,0.0,0.0,0.5418843451630337,0.705329908492535,0.30903836891956976,0.7764366780760223,0.8587641866330391,0.7865249504593766,0.8769591064673032,0.529994595568366,0.7420284633399388,0.9377107079788088,0.865548242093434,0.9668486113340825,0.8803981377428158,0.6386257826296355,0.8452400064215765,0.17948306309198908,0.020308235671857442,0.037485952801412745,0.0,0.3303901107721946,0.4799325734467812,1,0,1,0,73.0,203.0,32.75,78.125,8.0,1.57,4.5,34.5,112.0,7.0040000000000004,4.19,4.53,0.8138851002273197,64.64
James Quick - 12305,2016,3.74,3.8,0.06,-1.26,2.98,6.88,3,100.0,5.44,0.0,0.0,0.6661862727436498,0.9002247551773961,0.5272114304061647,0.9376688884885607,0.5980904341560079,0.8162493244460458,0.7420284633399388,0.8566024139794631,0.7014952260853901,0.9477444212554182,0.8336811687269224,0.8641836570878151,0.8098410659816985,0.8718895488842511,0.8452400064215765,0.7700272917001124,0.3072724353828865,0.4937389629153957,0.5044148338417082,0.7581473751806068,0.5297800610049768,1,0,1,0,71.88,186.0,30.75,74.88,11.0,1.56,4.6,31.0,115.0,7.0,4.39,4.435999999999999,0.10692085141558173,51.0
Mekale McKay - 10913,2015,9.74,3.69,-6.05,-0.55,6.41,16.3,2,100.0,33.16,0.0,0.0,0.19708160691767249,0.24747150425429443,0.21761117354310483,0.9383894793730859,0.5433255269320844,0.7324806341199784,0.7722932804900018,0.8508376869032607,0.8450729598270582,0.8996628672339059,0.6908813613742174,0.7730775405362016,0.8729330550650185,0.8602504414833841,0.8145769786482582,0.8350457537325413,0.32597527693048645,0.5764167603146573,0.4700593995825975,0.7735591587734789,0.7941884732701878,1,0,1,0,75.625,207.0,30.625,73.625,12.0,1.53,4.55,35.0,123.0,7.08,4.63,4.482,0.5504009092787766,68.22
Jonathan Adams - 61148,2020,8.31,3.61,-4.7,-1.03,13.03,39.01,3,26.61,65.98,2.0,0.67,0.159430733201225,0.25333119280783434,0.1252207416920854,0.8706539362277067,0.8113853359754999,0.7785984507295983,0.8576833003062512,0.7114033507476131,0.3956043956043956,0.9921335687911382,0.9381923262160861,0.9325734467811848,0.9426071600577942,0.8305506501846204,0.5297800610049768,0.18502167282067747,0.5679884411623053,0.5520950393321561,0.586851822122331,0.20043345641354954,0.27861615026489,0,1,0,0,74.0,210.0,32.125,79.5,18.2,1.526,4.502,37.1,125.8,7.132000000000001,4.4799999999999995,4.56,0.7403161810291382,75.95
Johnny Wilson - 76366,2023,7.21,3.53,-3.68,2.32,6.65,17.52,3,22.73,63.46,2.0,0.67,0.4860385516123221,0.6432011558837695,0.2591908813613742,0.6056566384435237,0.9045217078003963,0.8674112772473428,0.6642046478112051,0.7766168257971536,0.5177445505314358,0.7444212554182051,0.9190881361374217,0.976802054904479,0.8250120404559319,0.85455129234227,0.8323968534275165,0.26304382725959224,0.5618076737839139,0.4836249799325735,0.0,0.536041098089581,0.15299406004174024,1,1,0,0,78.375,231.0,35.375,84.5,20.4,1.55,4.52,37.0,128.0,7.036,4.11,4.59,0.6376090101260591,83.61
Whop Philyor - 61320,2020,2.43,3.37,0.94,-1.77,6.14,15.9,4,64.41,67.5,2.0,0.5,0.8389479373085931,0.8624979932573447,0.7450634130679081,0.7809403711043055,0.9232570707980544,0.8376869032606737,0.6987930102684201,0.14033507476130427,0.7728337236533958,0.9023117675389308,0.9525606036281907,0.9308075132445015,0.7564617113501365,0.41892759672499597,0.8452400064215765,0.4277572644084123,0.6857441001765934,0.6487397656124578,0.5426232139990368,0.04077701075614063,0.43193128913148177,1,0,0,1,69.625,184.0,30.625,74.875,13.2,1.558,4.556,34.6,118.6,7.032000000000001,4.260000000000001,4.42,0.7659413101880554,51.19
Rico Bussey - 45380,2020,0.6,3.33,2.73,-5.62,4.48,19.79,3,44.87,43.59,1.0,0.33,0.1352909385696271,0.4535238401027452,0.05105153315138867,0.7249144298324626,0.829580255809764,0.8247162673392182,0.8915510718789408,0.8218339038011169,0.6553774094757702,0.9377107079788088,0.8411462514047199,0.940760956814898,0.9468614544870766,0.925349173222026,0.95561085246428,0.21407930646973833,0.6043506180767378,0.4408412265211109,0.421496227323808,0.4960667843955691,0.3104832236314015,0,0,1,0,72.375,186.0,33.0,79.375,11.4,1.5459999999999998,4.5760000000000005,33.3,123.6,7.178,4.382,4.48,0.6024777846662533,65.88
Jamari Thrash - 97399,2023,4.91,3.27,-1.64,-2.8,7.32,30.43,3,51.71,76.19,0.0,0.0,0.23383174202846335,0.3706855032910579,0.18437951517097448,0.8038191316879841,0.8751576292559899,0.935146820392722,0.8434516303368762,0.8176905062150964,0.8034588362457215,0.9187670573125702,0.8856156686466528,0.9543265371648739,0.951757906566062,0.8991009792904158,0.8804784074490287,0.2589500722427356,0.7854390752929844,0.8294268742976401,0.7262803018140953,0.46741049927757267,0.49783271793225237,1,0,1,0,71.75,188.0,31.0,74.5,14.0,1.54,4.46,34.0,120.0,7.16,4.284000000000001,4.43,0.8056189295308949,69.16
JhaQuan Jackson - 101135,2023,7.06,3.21,-3.85,-0.21,6.21,17.42,4,53.86,60.86,0.0,0.0,0.7213114754098361,0.7852785358805586,0.09881200834804944,0.6146640245000901,0.5633219239776617,0.798234552332913,0.8854260493604756,0.5089173121960007,0.8463339938749774,0.6932091828543907,0.7211430406164714,0.869401187991652,0.9711029057633649,0.6482581473751806,0.9689356236956173,0.07192165676673623,0.0859688553539894,0.3343233263766255,0.4404398779900466,0.21239364263926794,0.548242093433938,0,0,1,0,69.125,188.0,30.875,74.875,12.0,1.55,4.42,32.0,118.0,7.0200000000000005,4.224,4.4,0.6039243645381277,69.31
Josh Harper - 9979,2014,3.57,3.16,-0.41,0.45,4.34,11.33,1,100.0,39.81,0.0,0.0,0.31345703476851017,0.35222347086209665,0.35222347086209665,0.9985588182309494,0.9194739686542965,0.8229147901279049,0.7099621689785625,0.6872635561160151,0.45775535939470363,0.9967089420452722,0.8863380960025686,0.7694654037566222,0.6790817145609247,0.6577299727082999,0.46508267779739926,0.9967089420452722,0.8863380960025686,0.7694654037566222,0.6790817145609247,0.6577299727082999,0.46508267779739926,0,0,1,0,72.875,191.0,30.875,75.75,13.0,1.69,4.64,32.0,108.0,7.15,4.36,4.434,0.9721822690638562,51.0
Devon Cajuste - 11270,2015,6.7,3.12,-3.58,-1.71,3.68,7.98,2,100.0,28.65,0.0,0.0,0.6434876598811025,0.6502648900305025,0.6428800770589179,0.8429111871734822,0.4460457575211674,0.7090614303729058,0.8167897676094398,0.7964330751215997,0.3096739326247523,0.8214801733825654,0.45119601862257186,0.6956975437469899,0.8323165837213036,0.7944292823888265,0.3441965002408091,0.6811687269224594,0.4305667041258629,0.6300369240648579,0.6871889548884251,0.7257986835768181,0.3104832236314015,1,0,1,0,75.75,234.0,33.0,80.0,12.0,1.59,4.62,36.0,123.0,6.49,4.2,4.51,0.7161376317420954,78.06
Artavis Scott - 12044,2016,9.97,3.09,-6.88,-0.31,8.43,22.28,3,100.0,72.5,3.0,1.0,0.4817150063051702,0.5903836891956975,0.4409214962273238,0.9639704557737344,0.9322644568546208,0.9036209691947397,0.8248964150603495,0.05314357773374167,0.9504593766888849,0.9597046074811366,0.9609086530743297,0.9643602504414834,0.9172419328945256,0.11382244340985712,0.9846684861133408,0.8197142398458822,0.7118317546957779,0.5321078824851501,0.648579226200032,0.033954085728046236,0.8145769786482582,1,0,0,1,70.13,193.0,31.0,73.88,13.0,1.59,4.61,31.0,116.0,7.19,4.49,4.454000000000001,0.9128724943170077,51.0
JaLynn Polk - 123153,2023,0.67,2.86,2.19,-3.18,11.4,29.81,2,23.38,72.06,1.0,0.5,0.5031525851197982,0.615187028415476,0.0,0.9259592866150244,0.6119618086831201,0.840569266798775,0.8139074040713385,0.6869032606737525,0.7276166456494325,0.9907689837855194,0.6649542462674587,0.9093755016856638,0.8766254615508107,0.85455129234227,0.9031947343072725,0.16800449510354792,0.3079145930325895,0.40809118638625785,0.5661422379194092,0.09391555626906406,0.4461390271311607,1,0,1,0,73.375,203.0,31.75,74.5,18.0,1.52,4.52,37.5,129.0,7.112,4.426,4.53,0.6092973754908039,76.78
Dillon Mitchell - 42338,2018,8.6,2.66,-5.94,-4.1,7.72,26.73,2,36.04,57.23,1.0,0.5,0.44280309854080346,0.5125220741692086,0.4493498153796757,0.765807962529274,0.937308593046298,0.700414339758602,0.883444424428031,0.6443883984867591,0.37957124842370743,0.9435703965323486,0.9660459142719537,0.9513565580349976,0.9044790496066785,0.7874458179483063,0.5866110130036924,0.13059881200834805,0.31931289131481777,0.03475678279017499,0.0,0.4379515170974474,0.17418526248193933,1,0,1,0,73.25,197.0,31.5,74.375,12.0,1.53,4.46,36.5,122.0,7.045999999999999,4.29,4.470000000000001,0.8302107873527589,75.16
Isaiah Coulter - 55307,2019,8.64,2.52,-6.12,-5.67,12.32,40.74,1,26.98,65.9,0.0,0.0,0.0468384074941452,0.14127468293466047,0.0,0.8627274364979283,0.8593046297964331,0.8935326968113854,0.8050801657359035,0.8283192217618447,0.22464420825076561,0.9891635896612618,0.8218815219136298,0.8850537807031627,0.7703483705249639,0.8495745705570718,0.43193128913148177,0.2755659014288008,0.7524482260394927,0.8074329747953123,0.7287686627066945,0.7257986835768181,0.11350136458500562,0,0,1,0,73.875,198.0,31.75,75.75,13.4,1.51,4.45,36.0,121.0,7.28,4.62,4.53,0.6584810911345319,72.46
Aaron Parker - 48124,2019,7.74,2.28,-5.46,-3.55,4.98,21.99,1,23.26,65.9,0.0,0.0,0.7513961448387678,0.8347246749076899,0.6558837694654037,0.8492163574130788,0.9491983426409656,0.9643307512159971,0.8537200504413619,0.4640605296343001,0.7614844172221221,0.9897254776047519,0.9283994220581153,0.9638786322042061,0.8193128913148178,0.6482581473751806,0.8042221865467972,0.21407930646973833,0.8572804623535077,0.8965323486916038,0.8113661903997431,0.27861615026489,0.6318831273077541,0,0,1,0,73.625,209.0,31.125,74.25,12.0,1.54,4.57,26.5,112.0,6.94,4.23,4.58,0.6584810911345319,61.18
Travis Rudolph - 47997,2016,3.18,1.89,-1.29,-1.69,2.51,6.79,3,100.0,42.79,0.0,0.0,0.6598811025040533,0.7664954246267459,0.595922298924386,0.9729778418303009,0.7259953161592506,0.810304449648712,0.7906683480453972,0.5739506395244101,0.7312196000720591,0.9720661422379194,0.745785840423824,0.869401187991652,0.805024883608926,0.6386257826296355,0.8804784074490287,0.8608925991330871,0.5512923422700273,0.6300369240648579,0.6566864665275325,0.4276769947021994,0.5143682774121047,1,0,1,0,71.75,189.0,31.88,73.25,12.0,1.57,4.65,31.5,114.0,6.93,4.46,4.434,0.8233911965282084,51.0
Ezell Ruffin - 9706,2014,1.44,1.82,0.38,0.36,2.2,3.99,1,100.0,37.23,0.0,0.0,0.59700954782922,0.619682131963397,0.619682131963397,0.6175463880381913,0.8776796973518285,0.9212754458656098,0.6505134210052242,0.829580255809764,0.3276887047378851,0.5715203082356719,0.836570878150586,0.8806389468614545,0.6349333761438433,0.800529780061005,0.3441965002408091,0.5715203082356719,0.836570878150586,0.8806389468614545,0.6349333761438433,0.800529780061005,0.3441965002408091,0,0,1,0,71.625,218.0,31.125,75.125,17.0,1.66,4.68,27.5,110.0,7.35,4.58,4.496,0.8188448026451747,51.0
Antwan Goodley - 9843,2014,7.27,1.71,-5.56,-1.59,2.81,10.4,1,100.0,35.53,0.0,0.0,0.2860745811565484,0.3283030984106598,0.3283030984106598,0.9789227166276346,0.8728157088812827,0.8411097099621689,0.7764366780760223,0.6333993874977482,0.7014952260853901,0.9430085085888585,0.8307914593032589,0.7919409214962273,0.738079948627388,0.6077219457376786,0.6718574410017659,0.9430085085888585,0.8307914593032589,0.7919409214962273,0.738079948627388,0.6077219457376786,0.6718574410017659,1,0,1,0,70.25,209.0,30.75,77.5,10.8,1.56,4.44,33.8,123.8,6.9719999999999995,4.324,4.482,0.7828869601157264,77.08
Omar Bayless - 25522,2019,7.97,1.48,-6.49,-2.17,7.21,26.33,3,38.29,80.53,0.0,0.0,0.3066114213655197,0.5719216567667362,0.15789051212072563,0.9165916051161953,0.7279769410916952,0.7414880201765448,0.8897495946676275,0.7409475770131508,0.5719690145919654,0.994862738802376,0.8776689677315781,0.9651629475036121,0.9574570557071761,0.7874458179483063,0.7853588055867715,0.5388505378070316,0.4016696098892278,0.14384331353347246,0.467169690158934,0.4960667843955691,0.27861615026489,0,0,1,0,72.75,212.0,31.875,76.875,11.0,1.55,4.62,36.0,123.0,7.35,4.5,4.56,0.865135358545154,64.03
Josh Malone - 11883,2016,5.4,1.37,-4.03,-9.66,1.1,17.83,2,100.0,26.09,0.0,0.0,0.2003242658980364,0.3112859206935303,0.18437951517097448,0.9178526391641145,0.4723473248063412,0.6269140695370203,0.7659881102504054,0.8131868131868132,0.6362817510358494,0.9358645047359127,0.5447904960667844,0.8931610210306631,0.9300850858885856,0.8602504414833841,0.6859849092952319,0.7167282067747632,0.36225718413870606,0.2573446781184781,0.40480012843152996,0.7113501364585005,0.5297800610049768,1,0,1,0,74.75,208.0,31.38,76.63,10.0,1.54,4.4,30.5,121.0,7.05,4.19,4.444,0.4760053730109527,78.0
Joe Reed - 40221,2019,0.75,1.35,0.6,-1.71,5.35,18.08,3,36.04,85.83,3.0,1.0,0.7591424968474149,0.7610370846042703,0.6959383528656286,0.752657178886687,0.6269140695370203,0.7753557917492344,0.8369663123761485,0.33489461358313816,0.9526211493424608,0.969096163108043,0.8189918124899663,0.9378712473912345,0.9475036121367796,0.8130518542302135,0.9795312249157168,0.06485792262000321,0.2624819393161021,0.3646652753250923,0.0,0.05618879434901268,0.6718574410017659,1,0,0,1,72.5,224.0,31.125,75.375,21.0,1.55,4.47,38.0,123.0,7.056,4.17,4.47,0.6413287869394503,87.0
Jerome Lane - 26262,2016,4.63,1.2,-3.43,-0.73,8.44,28.86,2,100.0,57.9,0.0,0.0,0.027742749054224466,0.056349333761438435,0.027532509231016213,0.9279409115474689,0.9155107187894073,0.9659520807061791,0.9065033327328409,0.8650693568726355,0.7820212574310935,0.946540375662225,0.9378712473912345,0.9651629475036121,0.9568148980574731,0.8495745705570718,0.8452400064215765,0.7157649703002087,0.830711189597046,0.8986996307593514,0.7327018783111254,0.8260555466366993,0.5992936265853267,0,0,1,0,74.5,226.0,31.5,76.88,16.0,1.54,4.6,35.0,125.0,6.87,4.12,4.474,0.8111985947509817,80.89
Elijah Higgins - 98027,2022,6.35,1.15,-5.2,-1.12,1.86,6.07,3,26.99,51.63,3.0,1.0,0.6705098180508017,0.7739605073045432,0.27018783111253813,0.692667987749955,0.6977121239416322,0.4586560980003603,0.47937308593046296,0.7393262475229688,0.34372185191857324,0.9220581152672981,0.7833520629314497,0.7114304061647134,0.7146411944132285,0.9939797720340343,0.8209182854390753,0.07906566061968213,0.0035318670733665114,0.0016053941242575051,0.0,0.1407930646973832,0.0026489003050248834,1,1,0,0,75.0,235.0,31.75,77.75,20.2,1.56,4.54,35.0,126.0,7.01,4.324,4.47,0.4565798718743542,78.94
Aaron Fuller - 47537,2019,5.65,0.91,-4.74,-10.26,-1.6,4.39,4,58.45,44.77,0.0,0.0,0.6780760223383174,0.8559961470541018,0.5626906405522556,0.8800216177265358,0.7672491442983246,0.6589803638983966,0.6443883984867591,0.5845793550711583,0.435957485137813,0.9262321399903677,0.882244340985712,0.8535880558677156,0.8036602986033071,0.6277091025846845,0.6859849092952319,0.6123775886980254,0.2835928720500883,0.29290415797078184,0.40576336490608444,0.48458821640712796,0.26585326697704287,1,0,1,0,70.75,188.0,29.75,73.25,11.6,1.59,4.59,34.0,118.0,7.14,4.344,4.49,0.7190307914858441,53.01
Mario Alford - 9671,2014,6.08,0.75,-5.33,-0.21,3.83,12.45,1,100.0,27.43,0.0,0.0,0.09908124662223022,0.1288328784716648,0.1288328784716648,0.997838227346424,0.649792830120699,0.7166276346604216,0.8902900378310215,0.4854981084489281,0.8796613222842731,0.996147054101782,0.611334082517258,0.6715363621769145,0.8470862096644727,0.47607962754856314,0.8452400064215765,0.996147054101782,0.611334082517258,0.6715363621769145,0.8470862096644727,0.47607962754856314,0.8452400064215765,1,0,1,0,68.5,180.0,31.25,74.375,13.0,1.64,4.43,34.0,121.0,6.64,4.07,4.409999999999999,0.4328146311221327,71.66
Titus Davis - 10126,2014,3.74,0.66,-3.08,-4.53,2.02,9.66,1,100.0,65.11,0.0,0.0,0.4132588722752657,0.4535238401027452,0.4535238401027452,0.8548009367681498,0.9920735002702216,0.990632318501171,0.9942352729237975,0.743289497387858,0.435957485137813,0.763846524321721,0.9861936105313854,0.9820998555145288,0.9899662867233906,0.7113501364585005,0.4461390271311607,0.763846524321721,0.9861936105313854,0.9820998555145288,0.9899662867233906,0.7113501364585005,0.4461390271311607,0,0,1,0,72.75,196.0,29.625,72.25,10.6,1.6,4.51,32.5,119.0,7.14,4.28,4.418,0.9891279189915272,60.96
Deon Long - 10102,2014,0.56,0.15,-0.41,-7.08,-0.95,2.91,1,100.0,21.5,0.0,0.0,0.0520626914069537,0.07336651147856799,0.07336651147856799,0.9810844892812106,0.7485137813006666,0.5303548910106287,0.37614844172221223,0.4274905422446406,0.5589983786705098,0.949831433616953,0.7037245143682774,0.5048161823727725,0.4277572644084123,0.4276769947021994,0.548242093433938,0.949831433616953,0.7037245143682774,0.5048161823727725,0.4277572644084123,0.4276769947021994,0.548242093433938,1,0,1,0,71.625,192.0,31.0,73.25,12.0,1.6,4.51,34.0,120.0,6.98,4.27,4.436,0.4780719156850589,61.4
Quadree Henderson - 48008,2017,3.12,0.13,-2.99,-8.16,-1.13,4.38,1,100.0,3.82,1.0,1.0,0.6551972617546388,0.7150425429442928,0.581714560924707,0.6735723293100342,0.31309673932624754,0.5278328229147902,0.3022878760583679,0.11439380291839309,0.9074040713384975,0.7892117514849896,0.7017980414191685,0.6956975437469899,0.39115427837534117,0.267699470219939,0.9637180927917803,0.3913950874939798,0.20452721143040617,0.2890512120725638,0.0,0.051693690801091666,0.5992936265853267,1,0,0,1,68.0,192.0,29.5,71.625,12.0,1.57,4.5,32.5,120.0,6.89,4.28,4.435999999999999,0.03169869807811531,61.37
Jeff Thomas - 61425,2019,5.13,0.02,-5.11,-6.48,5.24,22.15,2,51.37,51.27,0.0,0.0,0.6070978202125743,0.7412907368759031,0.4896452078985391,0.7618447126643848,0.6407854440641326,0.7836425869212754,0.6557377049180327,0.798234552332913,0.7753557917492344,0.7022796596564457,0.8974153154599455,0.9002247551773961,0.6957778134532028,0.9475036121367796,0.8042221865467972,0.669288810402954,0.28985390913469256,0.5764167603146573,0.534114625140472,0.5570717611173543,0.6859849092952319,1,0,1,0,68.875,170.0,30.375,73.0,10.6,1.51,4.45,36.5,125.0,6.981999999999999,4.308,4.5,0.4309547427154371,74.04
Cornell Powell - 40689,2020,6.9,-0.39,-7.29,-9.75,2.47,21.15,2,41.38,41.9,0.0,0.0,0.4357773374166817,0.6613421094878793,0.09166800449510355,0.4842370744010088,0.6312376148441722,0.5995316159250585,0.7859845072959827,0.20482795892631958,0.6562781480814268,0.9340985711992295,0.835928720500883,0.8473270187831112,0.8605715203082357,0.6753893080751324,0.7853588055867715,0.08717290094718254,0.19641997110290577,0.16471343714882003,0.0,0.019746347728367315,0.3441965002408091,1,0,1,0,72.25,204.0,32.75,78.75,12.0,1.546,4.564000000000001,33.1,122.6,7.198,4.382,4.54,0.3619322174002893,68.34
Quartney Davis - 39931,2019,1.13,-0.62,-1.75,-8.22,1.4,15.74,2,29.85,37.38,0.0,0.0,0.5887227526571789,0.7408893883448386,0.190480012843153,0.837867050981805,0.7022158169699153,0.31093496667267156,0.7402269861286255,0.5164835164835165,0.19473968654296522,0.9372290897415315,0.806309198908332,0.6207256381441644,0.8008508588858565,0.6482581473751806,0.548242093433938,0.08717290094718254,0.06838978969336973,0.0016053941242575051,0.0,0.4276769947021994,0.0026489003050248834,1,0,1,0,73.25,201.0,31.375,75.75,11.8,1.53,4.54,35.5,120.6,7.058,4.343999999999999,4.46,0.5768526555073362,65.54
Scott Harding - 14329,2014,3.78,-1.5,-5.28,-5.29,-1.31,3.73,1,100.0,10.31,0.0,0.0,0.9158710142316699,0.8861775565901429,0.8861775565901429,0.8351648351648352,0.8353449828859665,0.6969915330571068,0.647631057467123,0.4397405872815709,0.4202846333993875,0.7474715042542944,0.7942687429764007,0.6536362176914432,0.6330871729009472,0.4379515170974474,0.43193128913148177,0.7474715042542944,0.7942687429764007,0.6536362176914432,0.6330871729009472,0.4379515170974474,0.43193128913148177,0,0,1,0,71.75,211.0,31.0,75.875,17.0,1.67,4.65,34.0,118.0,7.51,4.5,4.4719999999999995,0.26005166356685266,54.13
Dres Anderson - 9690,2014,0.97,-7.86,-8.83,-11.61,-6.41,0.43,1,100.0,9.18,0.0,0.0,0.2673392181588903,0.30903836891956976,0.30903836891956976,0.7009547829219961,0.691587101423167,0.7056386236714105,0.8731760043235453,0.8475950279228968,0.3096739326247523,0.6326858243698829,0.6502648900305025,0.6619842671375823,0.8323165837213036,0.8201958580831594,0.32910579547278856,0.6326858243698829,0.6502648900305025,0.6619842671375823,0.8323165837213036,0.8201958580831594,0.32910579547278856,1,0,1,0,73.125,187.0,31.625,74.5,13.0,1.594,4.542,32.9,120.6,6.982000000000001,4.258000000000001,4.436,0.23008679479231248,68.78
Tavares Martin - 48314,2017,4.98,-8.32,-13.3,-13.53,-8.15,-1.63,3,89.88,51.51,1.0,0.33,0.10952981444784723,0.36611013003692405,0.027211430406164715,0.955503512880562,0.6490722392361736,0.563502071698793,0.7991352909385696,0.15006305170239598,0.7913889389299226,0.9937389629153958,0.7918606517900144,0.742013164231819,0.8542302135174186,0.3476480976079628,0.8384973510996949,0.4578584042382405,0.44597848771873494,0.30293787124739124,0.5188633809600257,0.03226842189757585,0.6859849092952319,1,0,0,1,72.625,177.0,32.125,75.75,10.4,1.65,4.8,31.5,116.6,7.034000000000001,4.322,4.433999999999999,0.6677805331680099,51.0
Christion Jones - 9816,2014,4.84,-19.71,-24.55,-22.38,-17.54,-9.64,1,100.0,0.17,0.0,0.0,0.6508737164474869,0.6509873173864184,0.6509873173864184,0.7852639164114574,0.14087551792469824,0.3424608178706539,0.350207169879301,0.6107007746352009,0.735002702215817,0.7054101781987477,0.1602986033071119,0.33978166639910096,0.4070476802054904,0.5875742494782469,0.7004334564135495,0.7054101781987477,0.1602986033071119,0.33978166639910096,0.4070476802054904,0.5875742494782469,0.7004334564135495,1,0,1,0,70.125,182.0,30.0,73.0,8.0,1.62,4.63,32.5,119.0,6.91,4.19,4.449999999999999,0.01206654267410622,51.0
