,ID.x,ID.y,similarity
0,Jeremiah Smith - 183710,Marvin Harrison - 145056,60.9
1,Jeremiah Smith - 183710,CeeDee Lamb - 61570,59.36
2,Jeremiah Smith - 183710,Justin Jefferson - 61398,53.14
3,Jeremiah Smith - 183710,Drake London - 86519,52.64
4,Jeremiah Smith - 183710,Brandon Aiyuk - 84109,43.03
5,Luther Burden - 157170,Brandon Aiyuk - 84109,73.07
6,Luther Burden - 157170,Malik Nabers - 146759,59.19
7,Luther Burden - 157170,Marvin Harrison - 145056,58.15
8,Luther Burden - 157170,Rashee Rice - 97605,52.28
9,Luther Burden - 157170,Deebo Samuel - 48274,51.75
10,Elijah Sarratt - 159499,Marvin Harrison - 145056,83.37
11,Elijah Sarratt - 159499,Romeo Doubs - 84329,56.24
12,Elijah Sarratt - 159499,Gabriel Davis - 55410,48.66
13,Elijah Sarratt - 159499,Drake London - 86519,47.76
14,Elijah Sarratt - 159499,Keon Coleman - 144949,45.53
15,Matthew Golden - 156165,Ladd McConkey - 124030,58.53
16,Matthew Golden - 156165,Marvin Mims - 122937,58.35
17,Matthew Golden - 156165,Danny Gray - 121926,56.1
18,Matthew Golden - 156165,Malik Nabers - 146759,51.34
19,Matthew Golden - 156165,Khalil Shakir - 84140,49.38
20,Isaiah Neyor - 98033,Denzel Mims - 47800,58.26
21,Isaiah Neyor - 98033,Brian Thomas - 146760,50.71
22,Isaiah Neyor - 98033,Miles Boykin - 48209,45.06
23,Isaiah Neyor - 98033,Alec Pierce - 78038,37.3
24,Isaiah Neyor - 98033,Terry McLaurin - 48229,35.13
25,Tre Harris - 122676,Marvin Harrison - 145056,74.24
26,Tre Harris - 122676,Romeo Doubs - 84329,73.19
27,Tre Harris - 122676,Keon Coleman - 144949,54.69
28,Tre Harris - 122676,Rashee Rice - 97605,51.04
29,Tre Harris - 122676,Quentin Johnston - 123085,45.02
30,Tory Horton - 128232,Jerry Jeudy - 61103,83.43
31,Tory Horton - 128232,Khalil Shakir - 84140,80.63
32,Tory Horton - 128232,Rashod Bateman - 84296,59.36
33,Tory Horton - 128232,Chris Olave - 84355,59.11
34,Tory Horton - 128232,Ladd McConkey - 124030,58.66
35,Emeka Egbuka - 145055,Michael Gallup - 26075,77.01
36,Emeka Egbuka - 145055,Romeo Doubs - 84329,76.79
37,Emeka Egbuka - 145055,Khalil Shakir - 84140,74.92
38,Emeka Egbuka - 145055,Jerry Jeudy - 61103,68.53
39,Emeka Egbuka - 145055,Rashee Rice - 97605,58.01
40,Travis Hunter - 160766,Ladd McConkey - 124030,86.82
41,Travis Hunter - 160766,Chris Olave - 84355,79.53
42,Travis Hunter - 160766,Jerry Jeudy - 61103,77.93
43,Travis Hunter - 160766,Danny Gray - 121926,77.39
44,Travis Hunter - 160766,Rashod Bateman - 84296,72.93
45,Chrishon McCray - 163139,Danny Gray - 121926,76.17
46,Chrishon McCray - 163139,Chris Olave - 84355,73.77
47,Chrishon McCray - 163139,Ladd McConkey - 124030,73.02
48,Chrishon McCray - 163139,Rashod Bateman - 84296,72.4
49,Chrishon McCray - 163139,Elijah Moore - 84302,70.68
50,Eric McAlister - 145976,Romeo Doubs - 84329,79.2
51,Eric McAlister - 145976,Gabriel Davis - 55410,49.71
52,Eric McAlister - 145976,Marvin Harrison - 145056,49.16
53,Eric McAlister - 145976,Tyler Johnson - 48054,45.73
54,Eric McAlister - 145976,Xavier Hutchinson - 122518,45.23
55,Jayden Higgins - 150240,Rome Odunze - 73774,58.67
56,Jayden Higgins - 150240,Rashee Rice - 97605,53.47
57,Jayden Higgins - 150240,Denzel Mims - 47800,50.85
58,Jayden Higgins - 150240,Brian Thomas - 146760,46.96
59,Jayden Higgins - 150240,Alec Pierce - 78038,46.76
60,Jaden Greathouse - 171085,Khalil Shakir - 84140,70.49
61,Jaden Greathouse - 171085,Danny Gray - 121926,69.88
62,Jaden Greathouse - 171085,Rashee Rice - 97605,64.98
63,Jaden Greathouse - 171085,Rashod Bateman - 84296,64.37
64,Jaden Greathouse - 171085,Jerry Jeudy - 61103,61.39
65,Zakhari Franklin - 97620,Rashee Rice - 97605,72.72
66,Zakhari Franklin - 97620,Keon Coleman - 144949,60.01
67,Zakhari Franklin - 97620,Khalil Shakir - 84140,56.31
68,Zakhari Franklin - 97620,Jalen Reagor - 61697,55.26
69,Zakhari Franklin - 97620,Romeo Doubs - 84329,55.21
70,Jalen Royals - 163442,Rashee Rice - 97605,89.5
71,Jalen Royals - 163442,Keon Coleman - 144949,55.54
72,Jalen Royals - 163442,Malik Nabers - 146759,53.72
73,Jalen Royals - 163442,Luke McCaffrey - 101634,49.11
74,Jalen Royals - 163442,Marvin Harrison - 145056,45.19
75,Eric Rivers - 144279,Ladd McConkey - 124030,87.71
76,Eric Rivers - 144279,Elijah Moore - 84302,77.54
77,Eric Rivers - 144279,Jameson Williams - 101701,76.5
78,Eric Rivers - 144279,Tre Tucker - 101106,75.34
79,Eric Rivers - 144279,Danny Gray - 121926,71.22
80,Tetairoa McMillan - 158735,Keon Coleman - 144949,76.92
81,Tetairoa McMillan - 158735,Alec Pierce - 78038,60.91
82,Tetairoa McMillan - 158735,Antonio GandyGolden - 39993,54.31
83,Tetairoa McMillan - 158735,Cedric Tillman - 84434,51.58
84,Tetairoa McMillan - 158735,NKeal Harry - 48297,50.02
85,Donte Thornton - 146547,Rome Odunze - 73774,63.25
86,Donte Thornton - 146547,Adonai Mitchell - 146712,54.17
87,Donte Thornton - 146547,Rashee Rice - 97605,51.16
88,Donte Thornton - 146547,DJ Chark - 47702,47.55
89,Donte Thornton - 146547,Brian Thomas - 146760,38.6
90,Corey Rucker - 121539,Keon Coleman - 144949,78.63
91,Corey Rucker - 121539,Alec Pierce - 78038,68.81
92,Corey Rucker - 121539,Cedric Tillman - 84434,62.38
93,Corey Rucker - 121539,Jerrod Means - 98847,55.25
94,Corey Rucker - 121539,Gabriel Davis - 55410,46.03
95,Tez Johnson - 123709,Tutu Atwell - 77965,37.66
96,Tez Johnson - 123709,Nathaniel Dell - 78874,33.46
97,Tez Johnson - 123709,Josh Downs - 122832,18.12
98,Tez Johnson - 123709,Jacob Cowing - 100894,4.5
99,Tez Johnson - 123709,Derius Davis - 78196,0.0
100,Jeremiah Hunter - 131650,Rashee Rice - 97605,77.73
101,Jeremiah Hunter - 131650,Jermaine Burton - 124017,72.71
102,Jeremiah Hunter - 131650,Luke McCaffrey - 101634,57.47
103,Jeremiah Hunter - 131650,Khalil Shakir - 84140,56.8
104,Jeremiah Hunter - 131650,Devontez Walker - 145773,54.02
105,Marquis Johnson - 175906,Jerrod Means - 98847,73.7
106,Marquis Johnson - 175906,KJ Osborn - 23503,72.65
107,Marquis Johnson - 175906,Cedric Tillman - 84434,68.04
108,Marquis Johnson - 175906,Keon Coleman - 144949,65.69
109,Marquis Johnson - 175906,Josh Palmer - 62979,64.77
110,Ted Hurst - 187922,Luke McCaffrey - 101634,69.08
111,Ted Hurst - 187922,Jermaine Burton - 124017,56.32
112,Ted Hurst - 187922,Jalen Tolbert - 61637,54.03
113,Ted Hurst - 187922,Quentin Johnston - 123085,52.9
114,Ted Hurst - 187922,Rashod Bateman - 84296,51.9
115,Elic Ayomanor - 157263,Alec Pierce - 78038,76.28
116,Elic Ayomanor - 157263,Keon Coleman - 144949,75.99
117,Elic Ayomanor - 157263,Cedric Tillman - 84434,63.01
118,Elic Ayomanor - 157263,Quentin Johnston - 123085,62.1
119,Elic Ayomanor - 157263,Tamorrion Terry - 61258,59.24
120,Jamaal Pritchett - 155624,Khalil Shakir - 84140,74.6
121,Jamaal Pritchett - 155624,Cedrick Wilson - 48170,71.29
122,Jamaal Pritchett - 155624,Jerry Jeudy - 61103,57.16
123,Jamaal Pritchett - 155624,Parker Washington - 129799,55.67
124,Jamaal Pritchett - 155624,DWayne Eskridge - 29573,51.54
125,CJ Daniels - 123874,Jermaine Burton - 124017,74.2
126,CJ Daniels - 123874,John Hightower - 84142,68.71
127,CJ Daniels - 123874,DWayne Eskridge - 29573,64.91
128,CJ Daniels - 123874,Quez Watkins - 61664,61.21
129,CJ Daniels - 123874,Khalil Shakir - 84140,60.88
130,Ricky White - 129639,Jayden Reed - 78171,69.77
131,Ricky White - 129639,Ainias Smith - 99207,54.8
132,Ricky White - 129639,Jalen Tolbert - 61637,52.47
133,Ricky White - 129639,Jahan Dotson - 84375,47.94
134,Ricky White - 129639,WanDale Robinson - 101735,46.42
135,Coleman Owen - 104969,John Hightower - 84142,77.51
136,Coleman Owen - 104969,Skyy Moore - 97116,74.71
137,Coleman Owen - 104969,DWayne Eskridge - 29573,71.36
138,Coleman Owen - 104969,Quez Watkins - 61664,70.69
139,Coleman Owen - 104969,Ricky Pearsall - 100660,65.93
140,Eugene Wilson - 175886,John Hightower - 84142,73.03
141,Eugene Wilson - 175886,Quez Watkins - 61664,69.7
142,Eugene Wilson - 175886,Skyy Moore - 97116,64.68
143,Eugene Wilson - 175886,Danny Gray - 121926,63.53
144,Eugene Wilson - 175886,Kadarius Toney - 61245,63.38
145,JaMori Maclin - 124211,KJ Osborn - 23503,60.15
146,JaMori Maclin - 124211,Devaughn Vele - 100637,57.97
147,JaMori Maclin - 124211,Jerrod Means - 98847,56.03
148,JaMori Maclin - 124211,Equanimeous St Brown - 47967,54.92
149,JaMori Maclin - 124211,Cedric Tillman - 84434,52.1
150,Kam Shanks - 173347,Dante Pettis - 48113,75.98
151,Kam Shanks - 173347,Anthony Schwartz - 84135,66.41
152,Kam Shanks - 173347,Richie James - 28991,65.5
153,Kam Shanks - 173347,Keke Coutee - 47698,62.42
154,Kam Shanks - 173347,DWayne Eskridge - 29573,57.29
155,Aziah Johnson - 175464,Kadarius Toney - 61245,95.76
156,Aziah Johnson - 175464,Corey Coleman - 10649,54.45
157,Aziah Johnson - 175464,Ladd McConkey - 124030,53.67
158,Aziah Johnson - 175464,Phillip Dorsett - 9462,53.65
159,Aziah Johnson - 175464,Rondale Moore - 62890,52.0
160,Andrew Armstrong - 160110,Luke McCaffrey - 101634,71.59
161,Andrew Armstrong - 160110,Tamorrion Terry - 61258,69.79
162,Andrew Armstrong - 160110,Romeo Doubs - 84329,63.03
163,Andrew Armstrong - 160110,Jalen Tolbert - 61637,62.55
164,Andrew Armstrong - 160110,Tyler Johnson - 48054,61.92
165,Cam Camper - 156414,Keon Coleman - 144949,90.4
166,Cam Camper - 156414,Cedric Tillman - 84434,86.68
167,Cam Camper - 156414,Jerrod Means - 98847,73.99
168,Cam Camper - 156414,Alec Pierce - 78038,72.85
169,Cam Camper - 156414,Tamorrion Terry - 61258,60.63
170,Dominic Lovett - 146872,Anthony Schwartz - 84135,70.8
171,Dominic Lovett - 146872,Dante Pettis - 48113,68.06
172,Dominic Lovett - 146872,KJ Hamler - 61590,67.17
173,Dominic Lovett - 146872,Tre Tucker - 101106,65.87
174,Dominic Lovett - 146872,Shi Smith - 61643,63.78
175,Jaylin Noel - 125155,DJ Chark - 47702,62.3
176,Jaylin Noel - 125155,Devontez Walker - 145773,57.2
177,Jaylin Noel - 125155,Kadarius Toney - 61245,55.85
178,Jaylin Noel - 125155,Jermaine Burton - 124017,53.71
179,Jaylin Noel - 125155,Darius Slayton - 25578,51.76
180,Junior Vandeross - 163156,Rondale Moore - 62890,85.83
181,Junior Vandeross - 163156,Tre Tucker - 101106,75.34
182,Junior Vandeross - 163156,Elijah Moore - 84302,73.97
183,Junior Vandeross - 163156,KJ Hamler - 61590,71.2
184,Junior Vandeross - 163156,Charlie Jones - 55038,70.61
185,Xavier Restrepo - 122220,Parker Washington - 129799,89.75
186,Xavier Restrepo - 122220,Tyler Johnson - 48054,83.7
187,Xavier Restrepo - 122220,Bryan Edwards - 28486,74.53
188,Xavier Restrepo - 122220,Xavier Hutchinson - 122518,71.08
189,Xavier Restrepo - 122220,Kalija Lipscomb - 29112,67.02
190,Tai Felton - 144886,Tyquan Thornton - 78092,76.55
191,Tai Felton - 144886,Ricky Pearsall - 100660,74.04
192,Tai Felton - 144886,Quez Watkins - 61664,71.09
193,Tai Felton - 144886,Tre Tucker - 101106,69.82
194,Tai Felton - 144886,DWayne Eskridge - 29573,61.04
195,Jacory Barney - 183547,Jermaine Burton - 124017,77.33
196,Jacory Barney - 183547,Skyy Moore - 97116,76.45
197,Jacory Barney - 183547,John Hightower - 84142,67.23
198,Jacory Barney - 183547,Ricky Pearsall - 100660,63.56
199,Jacory Barney - 183547,Quez Watkins - 61664,62.33
200,Dante Wright - 97188,AT Perry - 77975,80.0
201,Dante Wright - 97188,Freddie Swain - 26448,76.96
202,Dante Wright - 97188,Jalen Tolbert - 61637,63.84
203,Dante Wright - 97188,Olabisi Johnson - 47882,62.38
204,Dante Wright - 97188,Jermaine Burton - 124017,61.31
205,Luke Grimm - 122561,Tre Tucker - 101106,85.95
206,Luke Grimm - 122561,KJ Hamler - 61590,82.85
207,Luke Grimm - 122561,Rondale Moore - 62890,75.68
208,Luke Grimm - 122561,Marquez Stevenson - 41838,75.64
209,Luke Grimm - 122561,Quez Watkins - 61664,72.73
210,Rashod Owens - 122979,Cedric Tillman - 84434,81.46
211,Rashod Owens - 122979,Jerrod Means - 98847,79.41
212,Rashod Owens - 122979,Keon Coleman - 144949,70.54
213,Rashod Owens - 122979,Michael Wilson - 84423,68.63
214,Rashod Owens - 122979,KJ Osborn - 23503,62.57
215,Kelly Akharaiyi - 157878,Jerrod Means - 98847,81.92
216,Kelly Akharaiyi - 157878,Cedric Tillman - 84434,79.81
217,Kelly Akharaiyi - 157878,Keon Coleman - 144949,75.67
218,Kelly Akharaiyi - 157878,Josh Palmer - 62979,60.06
219,Kelly Akharaiyi - 157878,Michael Wilson - 84423,54.06
220,Konata Mumpfield - 145598,Ainias Smith - 99207,75.5
221,Konata Mumpfield - 145598,Kyle Philips - 84463,61.97
222,Konata Mumpfield - 145598,John Metchie - 97400,60.99
223,Konata Mumpfield - 145598,Jalen Tolbert - 61637,60.62
224,Konata Mumpfield - 145598,Jayden Reed - 78171,60.08
225,Ryan Williams - 191142,Luke McCaffrey - 101634,75.12
226,Ryan Williams - 191142,Jermaine Burton - 124017,62.19
227,Ryan Williams - 191142,Parker Washington - 129799,58.03
228,Ryan Williams - 191142,Skyy Moore - 97116,57.98
229,Ryan Williams - 191142,Rashee Rice - 97605,57.81
230,Victor Snow - 158249,Parker Washington - 129799,81.21
231,Victor Snow - 158249,Freddie Swain - 26448,73.02
232,Victor Snow - 158249,Jordan Whittington - 97623,69.38
233,Victor Snow - 158249,Dez Fitzpatrick - 42349,69.36
234,Victor Snow - 158249,Tyler Johnson - 48054,67.99
235,Nick Nash - 98679,Marquez Callaway - 42295,76.91
236,Nick Nash - 98679,Tyler Johnson - 48054,76.14
237,Nick Nash - 98679,Jalen Tolbert - 61637,71.36
238,Nick Nash - 98679,Kalija Lipscomb - 29112,70.08
239,Nick Nash - 98679,Grant Dubose - 111276,66.45
240,Ali Jennings - 145344,Jalen Tolbert - 61637,78.6
241,Ali Jennings - 145344,Luke McCaffrey - 101634,72.53
242,Ali Jennings - 145344,John Hightower - 84142,68.06
243,Ali Jennings - 145344,Dyami Brown - 77986,66.01
244,Ali Jennings - 145344,AT Perry - 77975,62.52
245,Will Sheppard - 124360,Cedric Tillman - 84434,76.16
246,Will Sheppard - 124360,Keon Coleman - 144949,66.77
247,Will Sheppard - 124360,Alec Pierce - 78038,62.89
248,Will Sheppard - 124360,Jerrod Means - 98847,62.13
249,Will Sheppard - 124360,Josh Palmer - 62979,57.62
250,LaJohntay Wester - 123616,Jacob Cowing - 100894,75.25
251,LaJohntay Wester - 123616,Derius Davis - 78196,54.5
252,LaJohntay Wester - 123616,Nathaniel Dell - 78874,47.89
253,LaJohntay Wester - 123616,Jaelon Darden - 61522,45.11
254,LaJohntay Wester - 123616,Tutu Atwell - 77965,39.51
255,Jahmal Edrine - 145196,Seth Williams - 84137,90.96
256,Jahmal Edrine - 145196,Josh Palmer - 62979,84.49
257,Jahmal Edrine - 145196,Jerrod Means - 98847,58.62
258,Jahmal Edrine - 145196,Erik Ezukanma - 78148,58.47
259,Jahmal Edrine - 145196,Marquez Callaway - 42295,57.31
260,Kyren Lacy - 122646,KJ Osborn - 23503,73.4
261,Kyren Lacy - 122646,Trey Palmer - 99248,69.91
262,Kyren Lacy - 122646,Devaughn Vele - 100637,66.03
263,Kyren Lacy - 122646,DJ Chark - 47702,57.22
264,Kyren Lacy - 122646,Devontez Walker - 145773,56.3
265,Omar Cooper - 156395,Tamorrion Terry - 61258,85.77
266,Omar Cooper - 156395,Marquez Callaway - 42295,77.21
267,Omar Cooper - 156395,Cedric Tillman - 84434,76.14
268,Omar Cooper - 156395,Keon Coleman - 144949,74.78
269,Omar Cooper - 156395,Quentin Johnston - 123085,66.4
270,Omari Hayes - 156520,Cedrick Wilson - 48170,68.42
271,Omari Hayes - 156520,DWayne Eskridge - 29573,58.23
272,Omari Hayes - 156520,Ricky Pearsall - 100660,56.6
273,Omari Hayes - 156520,Rondale Moore - 62890,56.41
274,Omari Hayes - 156520,Kadarius Toney - 61245,54.42
275,Giles Jackson - 101695,Richie James - 28991,61.67
276,Giles Jackson - 101695,Shi Smith - 61643,61.27
277,Giles Jackson - 101695,Cedrick Wilson - 48170,59.16
278,Giles Jackson - 101695,Marquez Stevenson - 41838,59.0
279,Giles Jackson - 101695,John Metchie - 97400,55.38
280,Jaylin Lane - 121811,Devontez Walker - 145773,64.4
281,Jaylin Lane - 121811,Ricky Pearsall - 100660,63.0
282,Jaylin Lane - 121811,Jermaine Burton - 124017,62.66
283,Jaylin Lane - 121811,Kadarius Toney - 61245,54.85
284,Jaylin Lane - 121811,DJ Chark - 47702,49.85
285,Kole Wilson - 168441,Tre Tucker - 101106,80.54
286,Kole Wilson - 168441,DWayne Eskridge - 29573,77.84
287,Kole Wilson - 168441,Ricky Pearsall - 100660,75.26
288,Kole Wilson - 168441,KJ Hamler - 61590,73.61
289,Kole Wilson - 168441,Marquez Stevenson - 41838,69.93
290,Jack Bech - 146771,Isaiah Hodgins - 52130,74.82
291,Jack Bech - 146771,Malachi Corley - 66272,66.84
292,Jack Bech - 146771,Dez Fitzpatrick - 42349,62.74
293,Jack Bech - 146771,Cedric Tillman - 84434,58.01
294,Jack Bech - 146771,Bryan Edwards - 28486,57.98
295,KeAndre LambertSmith - 129789,DWayne Eskridge - 29573,85.29
296,KeAndre LambertSmith - 129789,John Hightower - 84142,81.1
297,KeAndre LambertSmith - 129789,Quez Watkins - 61664,73.04
298,KeAndre LambertSmith - 129789,Trey Palmer - 99248,71.77
299,KeAndre LambertSmith - 129789,Bo Melton - 61610,68.74
300,Sean Brown - 170041,Freddie Swain - 26448,75.55
301,Sean Brown - 170041,Skyy Moore - 97116,71.35
302,Sean Brown - 170041,Jermaine Burton - 124017,69.12
303,Sean Brown - 170041,Olabisi Johnson - 47882,65.57
304,Sean Brown - 170041,AT Perry - 77975,64.61
305,Jared Brown - 147081,Shi Smith - 61643,80.28
306,Jared Brown - 147081,John Metchie - 97400,68.22
307,Jared Brown - 147081,Freddie Swain - 26448,66.64
308,Jared Brown - 147081,Jalen Tolbert - 61637,65.7
309,Jared Brown - 147081,Ainias Smith - 99207,64.09
310,Jacolby George - 143942,Jacob Cowing - 100894,78.74
311,Jacolby George - 143942,Jaelon Darden - 61522,74.41
312,Jacolby George - 143942,Jahan Dotson - 84375,68.33
313,Jacolby George - 143942,KJ Hamler - 61590,62.86
314,Jacolby George - 143942,Charlie Jones - 55038,60.8
315,Joseph Williams - 190753,Tamorrion Terry - 61258,65.4
316,Joseph Williams - 190753,Cedric Tillman - 84434,64.02
317,Joseph Williams - 190753,Quentin Johnston - 123085,62.92
318,Joseph Williams - 190753,Keon Coleman - 144949,62.16
319,Joseph Williams - 190753,Marquez Callaway - 42295,58.85
320,Xzavier Henderson - 124380,DJ Chark - 47702,82.24
321,Xzavier Henderson - 124380,Devontez Walker - 145773,74.57
322,Xzavier Henderson - 124380,Jermaine Burton - 124017,67.31
323,Xzavier Henderson - 124380,KJ Osborn - 23503,52.03
324,Xzavier Henderson - 124380,AT Perry - 77975,51.16
325,Jordyn Tyson - 157690,Parker Washington - 129799,76.78
326,Jordyn Tyson - 157690,Freddie Swain - 26448,72.74
327,Jordyn Tyson - 157690,Skyy Moore - 97116,66.02
328,Jordyn Tyson - 157690,Luke McCaffrey - 101634,65.5
329,Jordyn Tyson - 157690,Jalen Tolbert - 61637,64.16
330,Makai Lemon - 174150,Tamorrion Terry - 61258,68.63
331,Makai Lemon - 174150,Luke McCaffrey - 101634,62.75
332,Makai Lemon - 174150,Terrace Marshall - 84271,60.84
333,Makai Lemon - 174150,Jermaine Burton - 124017,60.68
334,Makai Lemon - 174150,Isaiah Hodgins - 52130,59.56
335,Jordan Moore - 143865,Marquez Callaway - 42295,81.95
336,Jordan Moore - 143865,Grant Dubose - 111276,81.95
337,Jordan Moore - 143865,Tamorrion Terry - 61258,79.97
338,Jordan Moore - 143865,Kalija Lipscomb - 29112,75.76
339,Jordan Moore - 143865,Tyler Johnson - 48054,73.48
340,Brennan Presley - 122982,Marquez Stevenson - 41838,74.72
341,Brennan Presley - 122982,Shi Smith - 61643,72.28
342,Brennan Presley - 122982,Anthony Schwartz - 84135,71.47
343,Brennan Presley - 122982,Tre Tucker - 101106,71.17
344,Brennan Presley - 122982,DWayne Eskridge - 29573,69.89
345,Kenny Odom - 164032,Jermaine Burton - 124017,82.64
346,Kenny Odom - 164032,Skyy Moore - 97116,75.85
347,Kenny Odom - 164032,John Hightower - 84142,75.39
348,Kenny Odom - 164032,Luke McCaffrey - 101634,69.63
349,Kenny Odom - 164032,Quez Watkins - 61664,66.2
350,Jacob De Jesus - 174068,Rondale Moore - 62890,70.11
351,Jacob De Jesus - 174068,Demario Douglas - 104155,68.31
352,Jacob De Jesus - 174068,KJ Hamler - 61590,64.44
353,Jacob De Jesus - 174068,Marquez Stevenson - 41838,62.8
354,Jacob De Jesus - 174068,Jaelon Darden - 61522,58.93
355,Dane Key - 157100,Tamorrion Terry - 61258,74.28
356,Dane Key - 157100,Marquez Callaway - 42295,71.45
357,Dane Key - 157100,Seth Williams - 84137,71.32
358,Dane Key - 157100,Tyler Johnson - 48054,70.53
359,Dane Key - 157100,Erik Ezukanma - 78148,68.82
360,Evan Stewart - 158674,Jerrod Means - 98847,74.95
361,Evan Stewart - 158674,Collin Johnson - 47808,72.3
362,Evan Stewart - 158674,Racey McMath - 61401,70.6
363,Evan Stewart - 158674,Josh Palmer - 62979,70.25
364,Evan Stewart - 158674,Seth Williams - 84137,69.68
365,Cam Vaughn - 170441,Olabisi Johnson - 47882,83.36
366,Cam Vaughn - 170441,KJ Osborn - 23503,76.89
367,Cam Vaughn - 170441,Tamorrion Terry - 61258,73.46
368,Cam Vaughn - 170441,Cedric Tillman - 84434,70.21
369,Cam Vaughn - 170441,Jerrod Means - 98847,69.99
370,KD Hutchinson - 163045,John Metchie - 97400,83.82
371,KD Hutchinson - 163045,Shi Smith - 61643,81.88
372,KD Hutchinson - 163045,Marquez Stevenson - 41838,73.07
373,KD Hutchinson - 163045,Malik Washington - 97108,72.23
374,KD Hutchinson - 163045,Kyle Philips - 84463,65.1
375,Anthony Smith - 122885,Devaughn Vele - 100637,90.51
376,Anthony Smith - 122885,KJ Osborn - 23503,76.44
377,Anthony Smith - 122885,Olabisi Johnson - 47882,61.27
378,Anthony Smith - 122885,Josh Palmer - 62979,61.18
379,Anthony Smith - 122885,Byron Pringle - 42345,55.97
380,Chris Hilton - 146762,Josh Palmer - 62979,65.02
381,Chris Hilton - 146762,Devaughn Vele - 100637,56.13
382,Chris Hilton - 146762,Seth Williams - 84137,47.35
383,Chris Hilton - 146762,TJ Vasher - 42135,38.0
384,Chris Hilton - 146762,Racey McMath - 61401,32.94
385,Harrison Wallace - 145090,Seth Williams - 84137,91.93
386,Harrison Wallace - 145090,Josh Palmer - 62979,79.78
387,Harrison Wallace - 145090,Racey McMath - 61401,70.09
388,Harrison Wallace - 145090,Erik Ezukanma - 78148,68.78
389,Harrison Wallace - 145090,Jerrod Means - 98847,67.8
390,Roderick Daniels - 144356,Anthony Schwartz - 84135,95.23
391,Roderick Daniels - 144356,Roman Wilson - 129604,66.65
392,Roderick Daniels - 144356,Dante Pettis - 48113,66.07
393,Roderick Daniels - 144356,Marquez Stevenson - 41838,64.01
394,Roderick Daniels - 144356,Andy Isabella - 47448,62.15
395,Jacoby Jones - 157518,Tamorrion Terry - 61258,75.81
396,Jacoby Jones - 157518,Marquez Callaway - 42295,73.81
397,Jacoby Jones - 157518,Quintez Cephus - 29614,73.37
398,Jacoby Jones - 157518,Isaiah Hodgins - 52130,56.5
399,Jacoby Jones - 157518,Erik Ezukanma - 78148,56.45
400,Justin Bowick - 159603,Tamorrion Terry - 61258,87.47
401,Justin Bowick - 159603,Grant Dubose - 111276,84.75
402,Justin Bowick - 159603,Marquez Callaway - 42295,81.84
403,Justin Bowick - 159603,Luke McCaffrey - 101634,73.76
404,Justin Bowick - 159603,KJ Osborn - 23503,69.38
405,TJ Moore - 189369,Seth Williams - 84137,86.88
406,TJ Moore - 189369,Josh Palmer - 62979,70.46
407,TJ Moore - 189369,Erik Ezukanma - 78148,69.36
408,TJ Moore - 189369,Racey McMath - 61401,65.45
409,TJ Moore - 189369,Jerrod Means - 98847,56.77
410,Silas Bolden - 71674,Freddie Swain - 26448,76.99
411,Silas Bolden - 71674,Skyy Moore - 97116,75.17
412,Silas Bolden - 71674,Malik Washington - 97108,70.79
413,Silas Bolden - 71674,Ricky Pearsall - 100660,69.08
414,Silas Bolden - 71674,Devin Duvernay - 40006,68.68
415,Easton Messer - 163051,Marquez Stevenson - 41838,89.93
416,Easton Messer - 163051,KJ Hamler - 61590,79.38
417,Easton Messer - 163051,Jahan Dotson - 84375,75.75
418,Easton Messer - 163051,Shi Smith - 61643,72.87
419,Easton Messer - 163051,Jaelon Darden - 61522,68.49
420,Elijhah Badger - 131603,Luke McCaffrey - 101634,75.45
421,Elijhah Badger - 131603,Skyy Moore - 97116,74.27
422,Elijhah Badger - 131603,Tamorrion Terry - 61258,66.24
423,Elijhah Badger - 131603,Terrace Marshall - 84271,65.39
424,Elijhah Badger - 131603,Jermaine Burton - 124017,60.54
425,Lance Legendre - 97779,AT Perry - 77975,69.68
426,Lance Legendre - 97779,Jalen Tolbert - 61637,68.78
427,Lance Legendre - 97779,Freddie Swain - 26448,67.91
428,Lance Legendre - 97779,Shi Smith - 61643,63.6
429,Lance Legendre - 97779,Binjimen Victor - 42198,58.62
430,Mario Williams - 144620,Dez Fitzpatrick - 42349,87.93
431,Mario Williams - 144620,Bryan Edwards - 28486,83.27
432,Mario Williams - 144620,Parker Washington - 129799,81.58
433,Mario Williams - 144620,Tyler Johnson - 48054,74.88
434,Mario Williams - 144620,Jordan Whittington - 97623,72.51
435,Emmett Mosley V - 183278,Grant Dubose - 111276,87.58
436,Emmett Mosley V - 183278,Tamorrion Terry - 61258,77.4
437,Emmett Mosley V - 183278,Marquez Callaway - 42295,76.54
438,Emmett Mosley V - 183278,Javon Baker - 123904,73.24
439,Emmett Mosley V - 183278,Tyler Johnson - 48054,72.69
440,David Amador - 174085,Kadarius Toney - 61245,71.45
441,David Amador - 174085,Andy Isabella - 47448,59.5
442,David Amador - 174085,Devin Duvernay - 40006,59.38
443,David Amador - 174085,Roman Wilson - 129604,56.25
444,David Amador - 174085,Devin Smith - 9470,54.44
445,Ashtyn Hawkins - 147222,John Hightower - 84142,86.1
446,Ashtyn Hawkins - 147222,Skyy Moore - 97116,83.99
447,Ashtyn Hawkins - 147222,Quez Watkins - 61664,78.36
448,Ashtyn Hawkins - 147222,Ricky Pearsall - 100660,73.85
449,Ashtyn Hawkins - 147222,Malik Washington - 97108,69.92
450,Vinny Anthony - 158687,Terrace Marshall - 84271,75.9
451,Vinny Anthony - 158687,Cedric Tillman - 84434,62.0
452,Vinny Anthony - 158687,Gary Jennings - 48331,61.39
453,Vinny Anthony - 158687,Tamorrion Terry - 61258,60.92
454,Vinny Anthony - 158687,Keon Coleman - 144949,58.62
455,Malcolm Simmons - 191278,Freddie Swain - 26448,81.09
456,Malcolm Simmons - 191278,Deon Cain - 13597,64.35
457,Malcolm Simmons - 191278,Anthony Schwartz - 84135,63.11
458,Malcolm Simmons - 191278,Darren Carrington - 48219,60.17
459,Malcolm Simmons - 191278,Kyle Philips - 84463,59.97
460,Makai Jackson - 159480,Tamorrion Terry - 61258,84.51
461,Makai Jackson - 159480,Terrace Marshall - 84271,74.15
462,Makai Jackson - 159480,Jerrod Means - 98847,72.12
463,Makai Jackson - 159480,Cedric Tillman - 84434,69.11
464,Makai Jackson - 159480,Marquez Callaway - 42295,68.76
465,Stephon Johnson - 157794,Racey McMath - 61401,90.4
466,Stephon Johnson - 157794,Jerrod Means - 98847,79.91
467,Stephon Johnson - 157794,Erik Ezukanma - 78148,69.86
468,Stephon Johnson - 157794,Cedric Tillman - 84434,67.84
469,Stephon Johnson - 157794,Seth Williams - 84137,67.52
470,Jordan Watkins - 122730,Devin Duvernay - 40006,72.85
471,Jordan Watkins - 122730,Freddie Swain - 26448,70.88
472,Jordan Watkins - 122730,Skyy Moore - 97116,65.22
473,Jordan Watkins - 122730,Velus Jones - 40573,62.95
474,Jordan Watkins - 122730,Andy Isabella - 47448,62.94
475,Carnell Tate - 170273,Cedric Tillman - 84434,87.79
476,Carnell Tate - 170273,Jerrod Means - 98847,75.5
477,Carnell Tate - 170273,Tamorrion Terry - 61258,70.8
478,Carnell Tate - 170273,Gary Jennings - 48331,62.95
479,Carnell Tate - 170273,Keon Coleman - 144949,62.68
480,Taylor Morin - 97213,Binjimen Victor - 42198,68.23
481,Taylor Morin - 97213,Jalen Tolbert - 61637,67.61
482,Taylor Morin - 97213,Javon Baker - 123904,67.44
483,Taylor Morin - 97213,Freddie Swain - 26448,67.38
484,Taylor Morin - 97213,Grant Dubose - 111276,67.32
485,Duce Robinson - 176642,Tamorrion Terry - 61258,82.0
486,Duce Robinson - 176642,Terrace Marshall - 84271,81.22
487,Duce Robinson - 176642,KJ Osborn - 23503,71.59
488,Duce Robinson - 176642,Marquez Callaway - 42295,69.99
489,Duce Robinson - 176642,Jerrod Means - 98847,67.84
490,Devonte Ross - 146735,Freddie Swain - 26448,84.43
491,Devonte Ross - 146735,Shi Smith - 61643,84.16
492,Devonte Ross - 146735,John Hightower - 84142,79.5
493,Devonte Ross - 146735,Malik Washington - 97108,71.89
494,Devonte Ross - 146735,Ricky Pearsall - 100660,71.74
495,Caleb Medford - 123090,Seth Williams - 84137,79.55
496,Caleb Medford - 123090,Josh Palmer - 62979,72.63
497,Caleb Medford - 123090,Racey McMath - 61401,67.19
498,Caleb Medford - 123090,Collin Johnson - 47808,62.97
499,Caleb Medford - 123090,Jerrod Means - 98847,61.96
500,Hudson Clement - 173172,Luke McCaffrey - 101634,74.79
501,Hudson Clement - 173172,Tamorrion Terry - 61258,71.26
502,Hudson Clement - 173172,Terrace Marshall - 84271,67.44
503,Hudson Clement - 173172,Austin Watkins - 84457,66.69
504,Hudson Clement - 173172,Isaiah Hodgins - 52130,66.01
505,Germie Bernard - 158374,Marquez Stevenson - 41838,85.84
506,Germie Bernard - 158374,KJ Hamler - 61590,71.45
507,Germie Bernard - 158374,Demario Douglas - 104155,69.96
508,Germie Bernard - 158374,Anthony Schwartz - 84135,66.71
509,Germie Bernard - 158374,Shi Smith - 61643,65.8
510,Antonio Williams - 156241,Tamorrion Terry - 61258,85.79
511,Antonio Williams - 156241,Olabisi Johnson - 47882,75.62
512,Antonio Williams - 156241,Erik Ezukanma - 78148,72.99
513,Antonio Williams - 156241,Isaiah Hodgins - 52130,71.71
514,Antonio Williams - 156241,Grant Dubose - 111276,68.69
515,Logan Loya - 131801,Anthony Schwartz - 84135,78.99
516,Logan Loya - 131801,Andy Isabella - 47448,77.53
517,Logan Loya - 131801,Devin Duvernay - 40006,68.57
518,Logan Loya - 131801,Roman Wilson - 129604,67.46
519,Logan Loya - 131801,Freddie Swain - 26448,56.93
520,Squirrel White - 163776,Anthony Schwartz - 84135,85.1
521,Squirrel White - 163776,Dante Pettis - 48113,78.7
522,Squirrel White - 163776,John Metchie - 97400,67.93
523,Squirrel White - 163776,Jamari Thrash - 97399,66.35
524,Squirrel White - 163776,Kyle Philips - 84463,66.07
525,Adrian Norton - 176301,DJ Chark - 47702,65.95
526,Adrian Norton - 176301,Trey Palmer - 99248,62.46
527,Adrian Norton - 176301,Jermaine Burton - 124017,61.01
528,Adrian Norton - 176301,Bo Melton - 61610,60.21
529,Adrian Norton - 176301,Devontez Walker - 145773,59.02
530,Monaray Baldwin - 144520,Freddie Swain - 26448,73.77
531,Monaray Baldwin - 144520,Devin Duvernay - 40006,63.63
532,Monaray Baldwin - 144520,Cedrick Wilson - 48170,60.82
533,Monaray Baldwin - 144520,Parker Washington - 129799,54.7
534,Monaray Baldwin - 144520,Darren Carrington - 48219,54.54
535,Jayce Brown - 173093,Anthony Schwartz - 84135,89.98
536,Jayce Brown - 173093,Roman Wilson - 129604,78.49
537,Jayce Brown - 173093,Andy Isabella - 47448,76.35
538,Jayce Brown - 173093,Ricky Pearsall - 100660,68.0
539,Jayce Brown - 173093,Marquez Stevenson - 41838,67.85
540,Kyle Ford - 71304,Michael Wilson - 84423,73.09
541,Kyle Ford - 71304,Cedric Tillman - 84434,66.56
542,Kyle Ford - 71304,Jerrod Means - 98847,66.32
543,Kyle Ford - 71304,Gary Jennings - 48331,58.53
544,Kyle Ford - 71304,Simi Fehoko - 84424,53.65
545,JaKobi Lane - 176638,Cedric Tillman - 84434,71.99
546,JaKobi Lane - 176638,Jerrod Means - 98847,70.14
547,JaKobi Lane - 176638,Michael Wilson - 84423,69.29
548,JaKobi Lane - 176638,Tamorrion Terry - 61258,60.59
549,JaKobi Lane - 176638,Seth Williams - 84137,60.31
550,JMichael Sturdivant - 146288,KJ Osborn - 23503,62.84
551,JMichael Sturdivant - 146288,DJ Chark - 47702,57.19
552,JMichael Sturdivant - 146288,Devaughn Vele - 100637,55.57
553,JMichael Sturdivant - 146288,Cornelius Johnson - 97996,53.15
554,JMichael Sturdivant - 146288,Devontez Walker - 145773,50.47
555,Malcolm Johnson - 124402,KJ Osborn - 23503,80.04
556,Malcolm Johnson - 124402,Olabisi Johnson - 47882,79.19
557,Malcolm Johnson - 124402,Devaughn Vele - 100637,76.96
558,Malcolm Johnson - 124402,AT Perry - 77975,68.12
559,Malcolm Johnson - 124402,Freddie Swain - 26448,62.99
560,DeAndre Moore - 173164,Olabisi Johnson - 47882,77.32
561,DeAndre Moore - 173164,Jerrod Means - 98847,73.0
562,DeAndre Moore - 173164,Devaughn Vele - 100637,71.87
563,DeAndre Moore - 173164,KJ Osborn - 23503,71.64
564,DeAndre Moore - 173164,Cedric Tillman - 84434,71.32
565,Jahmal Banks - 123373,Tamorrion Terry - 61258,97.6
566,Jahmal Banks - 123373,Marquez Callaway - 42295,78.37
567,Jahmal Banks - 123373,Erik Ezukanma - 78148,76.26
568,Jahmal Banks - 123373,Cedric Tillman - 84434,73.89
569,Jahmal Banks - 123373,Seth Williams - 84137,70.99
570,Kevin Concepcion - 170362,Freddie Swain - 26448,90.34
571,Kevin Concepcion - 170362,Darren Carrington - 48219,74.57
572,Kevin Concepcion - 170362,Olabisi Johnson - 47882,73.45
573,Kevin Concepcion - 170362,DaeSean Hamilton - 45416,69.92
574,Kevin Concepcion - 170362,Van Jefferson - 47447,68.76
575,Malachi Fields - 151069,Michael Wilson - 84423,89.09
576,Malachi Fields - 151069,Jerrod Means - 98847,83.51
577,Malachi Fields - 151069,Gary Jennings - 48331,77.79
578,Malachi Fields - 151069,Cedric Tillman - 84434,76.3
579,Malachi Fields - 151069,Simi Fehoko - 84424,69.48
580,Cyrus Allen - 156582,Freddie Swain - 26448,78.34
581,Cyrus Allen - 156582,Shi Smith - 61643,71.71
582,Cyrus Allen - 156582,Jalen Tolbert - 61637,68.22
583,Cyrus Allen - 156582,John Metchie - 97400,67.82
584,Cyrus Allen - 156582,Binjimen Victor - 42198,67.35
585,Jarod Bowie - 170410,Olabisi Johnson - 47882,87.42
586,Jarod Bowie - 170410,Jordan Whittington - 97623,85.66
587,Jarod Bowie - 170410,Freddie Swain - 26448,85.27
588,Jarod Bowie - 170410,Devin Duvernay - 40006,77.09
589,Jarod Bowie - 170410,Byron Pringle - 42345,74.16
590,John Paul Richardson - 144650,Freddie Swain - 26448,92.65
591,John Paul Richardson - 144650,Devin Duvernay - 40006,71.88
592,John Paul Richardson - 144650,Olabisi Johnson - 47882,71.79
593,John Paul Richardson - 144650,Skyy Moore - 97116,71.75
594,John Paul Richardson - 144650,Parker Washington - 129799,66.09
595,Caullin Lacy - 121426,Freddie Swain - 26448,85.87
596,Caullin Lacy - 121426,Malik Washington - 97108,67.4
597,Caullin Lacy - 121426,Parker Washington - 129799,67.38
598,Caullin Lacy - 121426,Devin Duvernay - 40006,66.85
599,Caullin Lacy - 121426,Skyy Moore - 97116,66.38
600,Caleb Goodie - 173459,Seth Williams - 84137,87.89
601,Caleb Goodie - 173459,Josh Palmer - 62979,78.24
602,Caleb Goodie - 173459,Jerrod Means - 98847,60.34
603,Caleb Goodie - 173459,Racey McMath - 61401,56.38
604,Caleb Goodie - 173459,Devaughn Vele - 100637,55.88
605,Jalen Moss - 163408,Shi Smith - 61643,95.18
606,Jalen Moss - 163408,John Metchie - 97400,85.03
607,Jalen Moss - 163408,Marquez Stevenson - 41838,82.57
608,Jalen Moss - 163408,Jahan Dotson - 84375,73.17
609,Jalen Moss - 163408,Kyle Philips - 84463,70.68
610,Savion Williams - 123101,Jonathan Mingo - 97774,89.85
611,Savion Williams - 123101,Dezmon Patmon - 48329,88.45
612,Savion Williams - 123101,Equanimeous St Brown - 47967,71.59
613,Savion Williams - 123101,Simi Fehoko - 84424,58.86
614,Savion Williams - 123101,Dylan Cantrell - 47782,53.29
615,Christian Fitzpatrick - 122707,Racey McMath - 61401,83.63
616,Christian Fitzpatrick - 122707,Jonathan Adams - 61148,72.87
617,Christian Fitzpatrick - 122707,Michael Wilson - 84423,68.31
618,Christian Fitzpatrick - 122707,Jerrod Means - 98847,65.17
619,Christian Fitzpatrick - 122707,Brandon Smith - 61327,64.74
620,Ian Strong - 170319,Tamorrion Terry - 61258,81.97
621,Ian Strong - 170319,Terrace Marshall - 84271,75.64
622,Ian Strong - 170319,Jerrod Means - 98847,69.17
623,Ian Strong - 170319,Michael Wilson - 84423,68.45
624,Ian Strong - 170319,Seth Williams - 84137,66.72
625,Kamdyn Benjamin - 123241,Olabisi Johnson - 47882,81.82
626,Kamdyn Benjamin - 123241,Dez Fitzpatrick - 42349,78.05
627,Kamdyn Benjamin - 123241,Isaiah Hodgins - 52130,77.13
628,Kamdyn Benjamin - 123241,Parker Washington - 129799,76.06
629,Kamdyn Benjamin - 123241,Javon Baker - 123904,75.34
630,Aidan Mizell - 174257,Anthony Schwartz - 84135,81.76
631,Aidan Mizell - 174257,Dante Pettis - 48113,74.03
632,Aidan Mizell - 174257,John Metchie - 97400,71.4
633,Aidan Mizell - 174257,Jamari Thrash - 97399,69.68
634,Aidan Mizell - 174257,Jahan Dotson - 84375,67.67
635,Joey Hobert - 131934,Anthony Schwartz - 84135,73.0
636,Joey Hobert - 131934,Marquez Stevenson - 41838,69.67
637,Joey Hobert - 131934,Ricky Pearsall - 100660,67.55
638,Joey Hobert - 131934,Roman Wilson - 129604,63.2
639,Joey Hobert - 131934,Shi Smith - 61643,61.05
640,Donavon Greene - 97813,Terrace Marshall - 84271,85.8
641,Donavon Greene - 97813,Tamorrion Terry - 61258,82.24
642,Donavon Greene - 97813,KJ Osborn - 23503,69.51
643,Donavon Greene - 97813,Marquez Callaway - 42295,67.7
644,Donavon Greene - 97813,Jerrod Means - 98847,67.02
645,Cortez Braham - 157366,Racey McMath - 61401,77.98
646,Cortez Braham - 157366,Michael Wilson - 84423,76.0
647,Cortez Braham - 157366,Jonathan Adams - 61148,73.08
648,Cortez Braham - 157366,KJ Osborn - 23503,69.66
649,Cortez Braham - 157366,Cornelius Johnson - 97996,68.35
650,Josh Cameron - 144513,Freddie Swain - 26448,96.85
651,Josh Cameron - 144513,Olabisi Johnson - 47882,90.76
652,Josh Cameron - 144513,Byron Pringle - 42345,74.97
653,Josh Cameron - 144513,Dillon Mitchell - 42338,71.7
654,Josh Cameron - 144513,Jalen McMillan - 131905,71.15
655,Cam Pickett - 163093,Cornelius Johnson - 97996,77.29
656,Cam Pickett - 163093,Jester Weah - 48162,72.43
657,Cam Pickett - 163093,Devaughn Vele - 100637,70.36
658,Cam Pickett - 163093,Racey McMath - 61401,68.42
659,Cam Pickett - 163093,KJ Osborn - 23503,65.08
660,TJ Sheffield - 101741,Freddie Swain - 26448,73.16
661,TJ Sheffield - 101741,Olabisi Johnson - 47882,70.04
662,TJ Sheffield - 101741,Dillon Mitchell - 42338,67.75
663,TJ Sheffield - 101741,Jalen McMillan - 131905,67.73
664,TJ Sheffield - 101741,JaLynn Polk - 123153,62.47
665,Justin Lockhart - 74298,Jerrod Means - 98847,83.44
666,Justin Lockhart - 74298,Racey McMath - 61401,79.6
667,Justin Lockhart - 74298,Michael Wilson - 84423,73.64
668,Justin Lockhart - 74298,KJ Osborn - 23503,72.52
669,Justin Lockhart - 74298,Gary Jennings - 48331,67.18
670,Eric Singleton - 170078,Freddie Swain - 26448,78.27
671,Eric Singleton - 170078,AT Perry - 77975,68.1
672,Eric Singleton - 170078,Trey Palmer - 99248,67.66
673,Eric Singleton - 170078,Shi Smith - 61643,64.7
674,Eric Singleton - 170078,Ricky Pearsall - 100660,64.47
675,Dante Cephas - 97665,Olabisi Johnson - 47882,87.02
676,Dante Cephas - 97665,Devaughn Vele - 100637,76.7
677,Dante Cephas - 97665,Freddie Swain - 26448,72.05
678,Dante Cephas - 97665,KJ Osborn - 23503,70.05
679,Dante Cephas - 97665,Racey McMath - 61401,69.9
680,Omari Kelly - 157048,JaLynn Polk - 123153,70.76
681,Omari Kelly - 157048,Freddie Swain - 26448,68.58
682,Omari Kelly - 157048,Grant Dubose - 111276,68.5
683,Omari Kelly - 157048,AT Perry - 77975,65.62
684,Omari Kelly - 157048,Jermaine Burton - 124017,63.24
685,Jairus Mack - 145562,Skyy Moore - 97116,81.65
686,Jairus Mack - 145562,Jermaine Burton - 124017,77.35
687,Jairus Mack - 145562,Terrace Marshall - 84271,69.96
688,Jairus Mack - 145562,Luke McCaffrey - 101634,58.21
689,Jairus Mack - 145562,John Hightower - 84142,57.67
690,Nyziah Hunter - 176556,Terrace Marshall - 84271,78.22
691,Nyziah Hunter - 176556,Luke McCaffrey - 101634,71.82
692,Nyziah Hunter - 176556,Grant Dubose - 111276,66.96
693,Nyziah Hunter - 176556,KJ Osborn - 23503,66.81
694,Nyziah Hunter - 176556,JaLynn Polk - 123153,63.79
695,Elijah Spencer - 145575,Tamorrion Terry - 61258,88.19
696,Elijah Spencer - 145575,Isaiah Hodgins - 52130,82.69
697,Elijah Spencer - 145575,Erik Ezukanma - 78148,76.26
698,Elijah Spencer - 145575,Austin Watkins - 84457,74.75
699,Elijah Spencer - 145575,Brenden Rice - 131692,68.51
700,Jerjuan Newton - 97308,John Metchie - 97400,92.4
701,Jerjuan Newton - 97308,Kyle Philips - 84463,81.36
702,Jerjuan Newton - 97308,Shi Smith - 61643,81.17
703,Jerjuan Newton - 97308,Ronnie Bell - 84288,80.06
704,Jerjuan Newton - 97308,Ainias Smith - 99207,74.8
705,Caleb Douglas - 157740,Racey McMath - 61401,83.47
706,Caleb Douglas - 157740,Jerrod Means - 98847,77.41
707,Caleb Douglas - 157740,Seth Williams - 84137,76.65
708,Caleb Douglas - 157740,Josh Palmer - 62979,75.23
709,Caleb Douglas - 157740,Devaughn Vele - 100637,66.22
710,Jaden Robinson - 190301,Michael Wilson - 84423,78.71
711,Jaden Robinson - 190301,Gary Jennings - 48331,67.67
712,Jaden Robinson - 190301,Terrace Marshall - 84271,66.32
713,Jaden Robinson - 190301,Jerrod Means - 98847,64.88
714,Jaden Robinson - 190301,Cedric Tillman - 84434,61.92
715,Noah Thomas - 158678,Erik Ezukanma - 78148,85.64
716,Noah Thomas - 158678,Brenden Rice - 131692,84.47
717,Noah Thomas - 158678,Seth Williams - 84137,71.9
718,Noah Thomas - 158678,Grant Dubose - 111276,69.9
719,Noah Thomas - 158678,Javon Baker - 123904,68.04
720,Corri Milliner - 173337,Michael Wilson - 84423,77.99
721,Corri Milliner - 173337,Gary Jennings - 48331,72.16
722,Corri Milliner - 173337,Jerrod Means - 98847,71.25
723,Corri Milliner - 173337,Terrace Marshall - 84271,68.63
724,Corri Milliner - 173337,KJ Osborn - 23503,65.59
725,Dontae Fleming - 122634,Freddie Swain - 26448,85.41
726,Dontae Fleming - 122634,Kyle Philips - 84463,71.64
727,Dontae Fleming - 122634,Ronnie Bell - 84288,66.36
728,Dontae Fleming - 122634,Darren Carrington - 48219,65.12
729,Dontae Fleming - 122634,John Metchie - 97400,62.86
730,Chris Durr - 184950,Marquez Stevenson - 41838,92.89
731,Chris Durr - 184950,Jahan Dotson - 84375,71.64
732,Chris Durr - 184950,Anthony Schwartz - 84135,70.38
733,Chris Durr - 184950,KJ Hamler - 61590,70.13
734,Chris Durr - 184950,Shi Smith - 61643,68.64
735,Isaac TeSlaa - 172430,Jonathan Mingo - 97774,52.44
736,Isaac TeSlaa - 172430,Michael Wilson - 84423,43.47
737,Isaac TeSlaa - 172430,Cornelius Johnson - 97996,42.94
738,Isaac TeSlaa - 172430,Xavier Legette - 99197,40.93
739,Isaac TeSlaa - 172430,Donovan PeoplesJones - 61439,37.65
740,Trent Walker - 146340,Skyy Moore - 97116,77.86
741,Trent Walker - 146340,Terrace Marshall - 84271,69.49
742,Trent Walker - 146340,Devin Duvernay - 40006,68.82
743,Trent Walker - 146340,Olabisi Johnson - 47882,65.2
744,Trent Walker - 146340,Freddie Swain - 26448,63.97
745,Jaden Williams - 143844,Devaughn Vele - 100637,93.5
746,Jaden Williams - 143844,Racey McMath - 61401,63.38
747,Jaden Williams - 143844,KJ Osborn - 23503,56.36
748,Jaden Williams - 143844,Byron Pringle - 42345,55.72
749,Jaden Williams - 143844,Olabisi Johnson - 47882,54.96
750,Kevin Coleman - 160756,Terrace Marshall - 84271,86.74
751,Kevin Coleman - 160756,Tamorrion Terry - 61258,75.2
752,Kevin Coleman - 160756,Grant Dubose - 111276,73.15
753,Kevin Coleman - 160756,Luke McCaffrey - 101634,73.06
754,Kevin Coleman - 160756,JaLynn Polk - 123153,66.44
755,Cayden Lee - 172521,Marquez Stevenson - 41838,96.29
756,Cayden Lee - 172521,Roman Wilson - 129604,87.75
757,Cayden Lee - 172521,Anthony Schwartz - 84135,87.17
758,Cayden Lee - 172521,KJ Hamler - 61590,72.66
759,Cayden Lee - 172521,Shi Smith - 61643,68.38
760,Jordan Napier - 175759,Freddie Swain - 26448,82.67
761,Jordan Napier - 175759,DaeSean Hamilton - 45416,71.32
762,Jordan Napier - 175759,Binjimen Victor - 42198,70.96
763,Jordan Napier - 175759,Riley Ridley - 47933,68.96
764,Jordan Napier - 175759,Van Jefferson - 47447,68.9
765,Chase Roberts - 147528,Javon Baker - 123904,83.48
766,Chase Roberts - 147528,Freddie Swain - 26448,71.59
767,Chase Roberts - 147528,Binjimen Victor - 42198,70.35
768,Chase Roberts - 147528,Ronnie Bell - 84288,70.22
769,Chase Roberts - 147528,Trishton Jackson - 41247,69.14
770,Adam Jones - 104182,Racey McMath - 61401,79.78
771,Adam Jones - 104182,Michael Wilson - 84423,75.06
772,Adam Jones - 104182,Jonathan Adams - 61148,74.74
773,Adam Jones - 104182,Cornelius Johnson - 97996,70.35
774,Adam Jones - 104182,KJ Osborn - 23503,69.19
775,Jakobie James - 102578,Olabisi Johnson - 47882,87.56
776,Jakobie James - 102578,Korey Robertson - 47774,78.3
777,Jakobie James - 102578,Jester Weah - 48162,72.77
778,Jakobie James - 102578,Byron Pringle - 42345,69.57
779,Jakobie James - 102578,Racey McMath - 61401,66.51
780,KeShawn Williams - 123406,Skyy Moore - 97116,78.75
781,KeShawn Williams - 123406,Terrace Marshall - 84271,69.36
782,KeShawn Williams - 123406,Devin Duvernay - 40006,69.08
783,KeShawn Williams - 123406,Olabisi Johnson - 47882,64.82
784,KeShawn Williams - 123406,Freddie Swain - 26448,63.92
785,Josh Kelly - 97061,Tyler Vaughns - 40283,85.2
786,Josh Kelly - 97061,Dax Milne - 84147,77.3
787,Josh Kelly - 97061,Ainias Smith - 99207,69.54
788,Josh Kelly - 97061,Dazz Newsome - 61510,62.9
789,Josh Kelly - 97061,Kyle Philips - 84463,62.38
790,Jayden Thomas - 147485,Racey McMath - 61401,80.71
791,Jayden Thomas - 147485,Bennett Skowronek - 27948,71.28
792,Jayden Thomas - 147485,Brandon Smith - 61327,70.22
793,Jayden Thomas - 147485,Jerrod Means - 98847,70.22
794,Jayden Thomas - 147485,Michael Wilson - 84423,64.85
795,Sam Brown - 123410,Devontez Walker - 145773,58.7
796,Sam Brown - 123410,DJ Chark - 47702,58.37
797,Sam Brown - 123410,Jermaine Burton - 124017,50.42
798,Sam Brown - 123410,Terrace Marshall - 84271,41.19
799,Sam Brown - 123410,KJ Osborn - 23503,40.76
800,Jaylen Sargent - 150700,Racey McMath - 61401,82.55
801,Jaylen Sargent - 150700,Michael Wilson - 84423,75.94
802,Jaylen Sargent - 150700,Brandon Smith - 61327,73.31
803,Jaylen Sargent - 150700,Jerrod Means - 98847,72.52
804,Jaylen Sargent - 150700,Bennett Skowronek - 27948,69.41
805,Nate Bennett - 143759,Grant Dubose - 111276,100.0
806,Nate Bennett - 143759,Tamorrion Terry - 61258,88.23
807,Nate Bennett - 143759,Erik Ezukanma - 78148,84.37
808,Nate Bennett - 143759,Marquez Callaway - 42295,82.33
809,Nate Bennett - 143759,Javon Baker - 123904,74.12
810,DeZhaun Stribling - 146508,Olabisi Johnson - 47882,84.56
811,DeZhaun Stribling - 146508,Dez Fitzpatrick - 42349,72.78
812,DeZhaun Stribling - 146508,KJ Osborn - 23503,71.51
813,DeZhaun Stribling - 146508,Racey McMath - 61401,71.0
814,DeZhaun Stribling - 146508,Erik Ezukanma - 78148,69.54
815,Jaedn Skeete - 175343,Cornelius Johnson - 97996,80.78
816,Jaedn Skeete - 175343,Michael Wilson - 84423,64.65
817,Jaedn Skeete - 175343,Jester Weah - 48162,61.66
818,Jaedn Skeete - 175343,Equanimeous St Brown - 47967,57.25
819,Jaedn Skeete - 175343,Tyrie Cleveland - 42134,55.69
820,Kelvontay Dixon - 123112,Erik Ezukanma - 78148,91.82
821,Kelvontay Dixon - 123112,Grant Dubose - 111276,83.71
822,Kelvontay Dixon - 123112,Brenden Rice - 131692,80.52
823,Kelvontay Dixon - 123112,Seth Williams - 84137,76.93
824,Kelvontay Dixon - 123112,Tamorrion Terry - 61258,75.72
825,Traeshon Holden - 123917,Dez Fitzpatrick - 42349,70.59
826,Traeshon Holden - 123917,Bryan Edwards - 28486,68.27
827,Traeshon Holden - 123917,DaeSean Hamilton - 45416,66.77
828,Traeshon Holden - 123917,Kalija Lipscomb - 29112,66.2
829,Traeshon Holden - 123917,Korey Robertson - 47774,65.97
830,Michael Phoenix - 183990,Shi Smith - 61643,72.05
831,Michael Phoenix - 183990,Freddie Swain - 26448,71.53
832,Michael Phoenix - 183990,Binjimen Victor - 42198,71.3
833,Michael Phoenix - 183990,Grant Dubose - 111276,63.26
834,Michael Phoenix - 183990,John Metchie - 97400,63.07
835,Darius Lassiter - 157480,Freddie Swain - 26448,86.39
836,Darius Lassiter - 157480,Olabisi Johnson - 47882,85.73
837,Darius Lassiter - 157480,Dillon Mitchell - 42338,78.67
838,Darius Lassiter - 157480,Devaughn Vele - 100637,73.71
839,Darius Lassiter - 157480,Antoine Green - 77985,73.13
840,Quentin Skinner - 122579,Grant Dubose - 111276,84.04
841,Quentin Skinner - 122579,Javon Baker - 123904,81.0
842,Quentin Skinner - 122579,Antoine Green - 77985,75.98
843,Quentin Skinner - 122579,Trishton Jackson - 41247,75.68
844,Quentin Skinner - 122579,Binjimen Victor - 42198,71.47
845,Lawrence Arnold - 122546,Cedric Tillman - 84434,77.53
846,Lawrence Arnold - 122546,Gary Jennings - 48331,71.54
847,Lawrence Arnold - 122546,Jerrod Means - 98847,71.34
848,Lawrence Arnold - 122546,Malachi Corley - 66272,67.66
849,Lawrence Arnold - 122546,Racey McMath - 61401,66.25
850,Louis Brown - 163319,Racey McMath - 61401,78.77
851,Louis Brown - 163319,Collin Johnson - 47808,76.31
852,Louis Brown - 163319,Bennett Skowronek - 27948,72.44
853,Louis Brown - 163319,Brandon Smith - 61327,68.94
854,Louis Brown - 163319,Trevon Grimes - 61565,63.58
855,Drelon Miller - 190790,Anthony Schwartz - 84135,72.43
856,Drelon Miller - 190790,John Metchie - 97400,65.74
857,Drelon Miller - 190790,Kyle Philips - 84463,64.94
858,Drelon Miller - 190790,Jamari Thrash - 97399,62.21
859,Drelon Miller - 190790,Freddie Swain - 26448,61.28
860,Zavion Thomas - 163697,Racey McMath - 61401,79.49
861,Zavion Thomas - 163697,Jerrod Means - 98847,74.76
862,Zavion Thomas - 163697,Cedric Tillman - 84434,74.11
863,Zavion Thomas - 163697,Erik Ezukanma - 78148,73.85
864,Zavion Thomas - 163697,Jonathan Adams - 61148,70.37
865,Chase Sowell - 157700,Michael Wilson - 84423,74.15
866,Chase Sowell - 157700,Cornelius Johnson - 97996,73.19
867,Chase Sowell - 157700,Jerrod Means - 98847,65.89
868,Chase Sowell - 157700,Gary Jennings - 48331,65.59
869,Chase Sowell - 157700,Jester Weah - 48162,65.55
870,Chris Dawn - 172326,Marquez Stevenson - 41838,91.56
871,Chris Dawn - 172326,Roman Wilson - 129604,76.19
872,Chris Dawn - 172326,Anthony Schwartz - 84135,74.48
873,Chris Dawn - 172326,KJ Hamler - 61590,71.12
874,Chris Dawn - 172326,Shi Smith - 61643,67.78
875,DeMeer Blankumsee - 130613,Javon Baker - 123904,70.35
876,DeMeer Blankumsee - 130613,Trey Quinn - 38276,69.94
877,DeMeer Blankumsee - 130613,Trishton Jackson - 41247,68.13
878,DeMeer Blankumsee - 130613,KeeSean Johnson - 39587,68.06
879,DeMeer Blankumsee - 130613,Freddie Swain - 26448,67.72
880,Trebor Pena - 123051,Terrace Marshall - 84271,79.75
881,Trebor Pena - 123051,Tamorrion Terry - 61258,72.29
882,Trebor Pena - 123051,JaLynn Polk - 123153,67.74
883,Trebor Pena - 123051,Skyy Moore - 97116,67.22
884,Trebor Pena - 123051,Tim Jones - 61669,65.35
885,Kyron WareHudson - 146411,Seth Williams - 84137,58.51
886,Kyron WareHudson - 146411,Josh Palmer - 62979,50.82
887,Kyron WareHudson - 146411,TJ Vasher - 42135,50.0
888,Kyron WareHudson - 146411,Lawrence Cager - 34914,49.67
889,Kyron WareHudson - 146411,Racey McMath - 61401,40.05
890,Amare Thomas - 173349,Anthony Schwartz - 84135,83.02
891,Amare Thomas - 173349,Shi Smith - 61643,77.18
892,Amare Thomas - 173349,Marquez Stevenson - 41838,76.11
893,Amare Thomas - 173349,Roman Wilson - 129604,74.76
894,Amare Thomas - 173349,Freddie Swain - 26448,72.39
895,Treon Sibley - 104162,Cornelius Johnson - 97996,85.19
896,Treon Sibley - 104162,Michael Wilson - 84423,67.1
897,Treon Sibley - 104162,Jester Weah - 48162,62.89
898,Treon Sibley - 104162,Equanimeous St Brown - 47967,56.45
899,Treon Sibley - 104162,Tyrie Cleveland - 42134,55.61
900,Jabre Barber - 123689,Freddie Swain - 26448,73.2
901,Jabre Barber - 123689,Trey Quinn - 38276,70.63
902,Jabre Barber - 123689,Dez Fitzpatrick - 42349,68.13
903,Jabre Barber - 123689,Parker Washington - 129799,67.06
904,Jabre Barber - 123689,Olabisi Johnson - 47882,65.65
905,Myles Price - 123155,Riley Ridley - 47933,73.16
906,Myles Price - 123155,Michael Woods - 84117,71.85
907,Myles Price - 123155,DaeSean Hamilton - 45416,69.24
908,Myles Price - 123155,KeeSean Johnson - 39587,68.28
909,Myles Price - 123155,Van Jefferson - 47447,68.15
910,Blake Bohannon - 147988,Jerrod Means - 98847,78.3
911,Blake Bohannon - 147988,Michael Wilson - 84423,76.73
912,Blake Bohannon - 147988,Racey McMath - 61401,76.56
913,Blake Bohannon - 147988,Gary Jennings - 48331,71.53
914,Blake Bohannon - 147988,Cedric Tillman - 84434,67.74
915,Trond Grizzell - 146290,Terrace Marshall - 84271,80.3
916,Trond Grizzell - 146290,Austin Watkins - 84457,78.15
917,Trond Grizzell - 146290,Isaiah Hodgins - 52130,77.98
918,Trond Grizzell - 146290,Tamorrion Terry - 61258,70.21
919,Trond Grizzell - 146290,Gary Jennings - 48331,68.71
920,Yulkeith Brown - 146985,Freddie Swain - 26448,85.02
921,Yulkeith Brown - 146985,Ronnie Bell - 84288,75.45
922,Yulkeith Brown - 146985,Kyle Philips - 84463,75.42
923,Yulkeith Brown - 146985,Jamari Thrash - 97399,71.16
924,Yulkeith Brown - 146985,John Metchie - 97400,69.33
925,Denzel Boston - 162481,Austin Watkins - 84457,81.33
926,Denzel Boston - 162481,Erik Ezukanma - 78148,73.76
927,Denzel Boston - 162481,Terrace Marshall - 84271,72.93
928,Denzel Boston - 162481,Tamorrion Terry - 61258,72.67
929,Denzel Boston - 162481,Racey McMath - 61401,72.23
930,Kobe Hudson - 123989,Ronnie Bell - 84288,82.48
931,Kobe Hudson - 123989,Trishton Jackson - 41247,80.96
932,Kobe Hudson - 123989,Kyle Philips - 84463,71.56
933,Kobe Hudson - 123989,Binjimen Victor - 42198,70.89
934,Kobe Hudson - 123989,John Metchie - 97400,70.37
935,Casey Reynolds - 147315,Tamorrion Terry - 61258,91.58
936,Casey Reynolds - 147315,Terrace Marshall - 84271,84.4
937,Casey Reynolds - 147315,Grant Dubose - 111276,70.83
938,Casey Reynolds - 147315,Marquez Callaway - 42295,70.5
939,Casey Reynolds - 147315,JaLynn Polk - 123153,69.77
940,Coy Eakin - 157337,Devaughn Vele - 100637,73.21
941,Coy Eakin - 157337,Dillon Mitchell - 42338,72.76
942,Coy Eakin - 157337,KJ Osborn - 23503,65.85
943,Coy Eakin - 157337,Trey Palmer - 99248,64.95
944,Coy Eakin - 157337,Antoine Green - 77985,60.94
945,Jordan Faison - 171081,Marquez Stevenson - 41838,99.91
946,Jordan Faison - 171081,Shi Smith - 61643,85.22
947,Jordan Faison - 171081,Anthony Schwartz - 84135,77.04
948,Jordan Faison - 171081,Jahan Dotson - 84375,76.66
949,Jordan Faison - 171081,John Metchie - 97400,72.8
950,OMega Blake - 146913,Erik Ezukanma - 78148,77.4
951,OMega Blake - 146913,Tamorrion Terry - 61258,77.1
952,OMega Blake - 146913,JaLynn Polk - 123153,75.88
953,OMega Blake - 146913,Tim Jones - 61669,73.53
954,OMega Blake - 146913,Olabisi Johnson - 47882,73.32
955,Trayvon Rudolph - 130577,Olabisi Johnson - 47882,83.66
956,Trayvon Rudolph - 130577,Racey McMath - 61401,75.83
957,Trayvon Rudolph - 130577,Dillon Mitchell - 42338,74.33
958,Trayvon Rudolph - 130577,Antoine Green - 77985,74.09
959,Trayvon Rudolph - 130577,Freddie Swain - 26448,72.64
960,TY Harding - 158763,Tamorrion Terry - 61258,74.83
961,TY Harding - 158763,Erik Ezukanma - 78148,70.86
962,TY Harding - 158763,Marquez Callaway - 42295,69.89
963,TY Harding - 158763,Quintez Cephus - 29614,68.57
964,TY Harding - 158763,Grant Dubose - 111276,61.34
965,Mario Craver - 184754,Grant Dubose - 111276,92.51
966,Mario Craver - 184754,JaLynn Polk - 123153,78.92
967,Mario Craver - 184754,Tamorrion Terry - 61258,73.97
968,Mario Craver - 184754,Javon Baker - 123904,73.31
969,Mario Craver - 184754,Terrace Marshall - 84271,72.88
970,Jackson Meeks - 146714,Terrace Marshall - 84271,84.37
971,Jackson Meeks - 146714,Tamorrion Terry - 61258,83.84
972,Jackson Meeks - 146714,Grant Dubose - 111276,71.78
973,Jackson Meeks - 146714,JaLynn Polk - 123153,70.83
974,Jackson Meeks - 146714,Erik Ezukanma - 78148,66.88
975,Jeremiah Webb - 104838,Javon Baker - 123904,79.22
976,Jeremiah Webb - 104838,Grant Dubose - 111276,74.04
977,Jeremiah Webb - 104838,Austin Watkins - 84457,67.7
978,Jeremiah Webb - 104838,Antoine Green - 77985,64.74
979,Jeremiah Webb - 104838,Brenden Rice - 131692,61.58
980,Bailey Stockton - 175368,Olabisi Johnson - 47882,79.03
981,Bailey Stockton - 175368,JMon Moore - 48316,75.16
982,Bailey Stockton - 175368,Korey Robertson - 47774,71.34
983,Bailey Stockton - 175368,Jalen McMillan - 131905,69.6
984,Bailey Stockton - 175368,Freddie Swain - 26448,66.3
985,Zachariah Branch - 174142,Freddie Swain - 26448,81.21
986,Zachariah Branch - 174142,Kyle Philips - 84463,75.7
987,Zachariah Branch - 174142,Ronnie Bell - 84288,75.48
988,Zachariah Branch - 174142,Jamari Thrash - 97399,73.18
989,Zachariah Branch - 174142,John Metchie - 97400,68.28
990,Tychaun Chapman - 162741,Braxton Berrios - 47961,63.78
991,Tychaun Chapman - 162741,DeAndrew White - 9697,60.9
992,Tychaun Chapman - 162741,Steven Mitchell - 47508,58.85
993,Tychaun Chapman - 162741,Tre Nixon - 40445,56.83
994,Tychaun Chapman - 162741,Riley Ridley - 47933,52.01
995,Darrell Gill - 176036,Terrace Marshall - 84271,76.92
996,Darrell Gill - 176036,Tamorrion Terry - 61258,71.43
997,Darrell Gill - 176036,Gary Jennings - 48331,67.81
998,Darrell Gill - 176036,Michael Wilson - 84423,67.5
999,Darrell Gill - 176036,Jonathan Adams - 61148,64.87
1000,London Humphreys - 172616,Tyrie Cleveland - 42134,76.84
1001,London Humphreys - 172616,Cornelius Johnson - 97996,59.14
1002,London Humphreys - 172616,Devaughn Vele - 100637,57.5
1003,London Humphreys - 172616,Racey McMath - 61401,48.66
1004,London Humphreys - 172616,Jester Weah - 48162,46.31
1005,Tavion Smith - 173680,Devaughn Vele - 100637,54.48
1006,Tavion Smith - 173680,TJ Vasher - 42135,50.09
1007,Tavion Smith - 173680,Davon Grayson - 38079,47.79
1008,Tavion Smith - 173680,Josh Palmer - 62979,46.94
1009,Tavion Smith - 173680,Racey McMath - 61401,46.25
1010,Titus MokiaoAtimalala - 144464,Racey McMath - 61401,90.68
1011,Titus MokiaoAtimalala - 144464,Jonathan Adams - 61148,77.67
1012,Titus MokiaoAtimalala - 144464,Jerrod Means - 98847,76.38
1013,Titus MokiaoAtimalala - 144464,Michael Wilson - 84423,73.8
1014,Titus MokiaoAtimalala - 144464,Gary Jennings - 48331,69.49
1015,Luke Wysong - 146110,Cornelius Johnson - 97996,78.17
1016,Luke Wysong - 146110,KJ Osborn - 23503,64.03
1017,Luke Wysong - 146110,Devaughn Vele - 100637,61.92
1018,Luke Wysong - 146110,Racey McMath - 61401,61.33
1019,Luke Wysong - 146110,Michael Wilson - 84423,60.82
1020,Chris Hunter - 166993,Skyy Moore - 97116,81.27
1021,Chris Hunter - 166993,Malik Washington - 97108,78.58
1022,Chris Hunter - 166993,Shi Smith - 61643,69.41
1023,Chris Hunter - 166993,John Hightower - 84142,67.67
1024,Chris Hunter - 166993,Dyami Brown - 77986,64.09
1025,Derwin Burgess - 147111,Tyrie Cleveland - 42134,74.4
1026,Derwin Burgess - 147111,Devaughn Vele - 100637,57.88
1027,Derwin Burgess - 147111,Cornelius Johnson - 97996,57.05
1028,Derwin Burgess - 147111,Racey McMath - 61401,47.89
1029,Derwin Burgess - 147111,Brandon Smith - 61327,43.28
1030,Yannick Smith - 190425,Racey McMath - 61401,81.86
1031,Yannick Smith - 190425,Jonathan Adams - 61148,81.18
1032,Yannick Smith - 190425,JaLynn Polk - 123153,76.59
1033,Yannick Smith - 190425,Cornelius Johnson - 97996,73.25
1034,Yannick Smith - 190425,Jester Weah - 48162,71.09
1035,Dacari Collins - 144111,Seth Williams - 84137,84.38
1036,Dacari Collins - 144111,Erik Ezukanma - 78148,69.1
1037,Dacari Collins - 144111,Racey McMath - 61401,67.74
1038,Dacari Collins - 144111,Josh Palmer - 62979,63.64
1039,Dacari Collins - 144111,TJ Vasher - 42135,54.52
1040,Austin Bolt - 128118,Davon Grayson - 38079,59.73
1041,Austin Bolt - 128118,Devaughn Vele - 100637,52.59
1042,Austin Bolt - 128118,TJ Vasher - 42135,44.15
1043,Austin Bolt - 128118,Stephen Guidry - 84308,37.81
1044,Austin Bolt - 128118,Tyrie Cleveland - 42134,37.29
1045,Courtney Jackson - 99703,Dillon Mitchell - 42338,77.58
1046,Courtney Jackson - 99703,Freddie Swain - 26448,74.96
1047,Courtney Jackson - 99703,Trey Palmer - 99248,70.86
1048,Courtney Jackson - 99703,Jalen McMillan - 131905,69.38
1049,Courtney Jackson - 99703,Antoine Green - 77985,63.08
1050,Junior Sherrill - 172627,Michael Wilson - 84423,89.49
1051,Junior Sherrill - 172627,Gary Jennings - 48331,84.31
1052,Junior Sherrill - 172627,Simi Fehoko - 84424,82.61
1053,Junior Sherrill - 172627,Brandon Smith - 61327,75.69
1054,Junior Sherrill - 172627,Bennett Skowronek - 27948,73.06
1055,Bryant Wesco - 183206,Austin Watkins - 84457,85.58
1056,Bryant Wesco - 183206,Brenden Rice - 131692,84.35
1057,Bryant Wesco - 183206,Javon Baker - 123904,83.37
1058,Bryant Wesco - 183206,Erik Ezukanma - 78148,75.52
1059,Bryant Wesco - 183206,Grant Dubose - 111276,74.13
1060,Chimere Dike - 129918,Trey Palmer - 99248,69.8
1061,Chimere Dike - 129918,Bo Melton - 61610,59.11
1062,Chimere Dike - 129918,KJ Osborn - 23503,46.93
1063,Chimere Dike - 129918,Devontez Walker - 145773,46.06
1064,Chimere Dike - 129918,Dillon Mitchell - 42338,43.87
1065,Mazeo Bennett - 184488,Kyle Philips - 84463,96.75
1066,Mazeo Bennett - 184488,Ronnie Bell - 84288,89.97
1067,Mazeo Bennett - 184488,John Metchie - 97400,85.34
1068,Mazeo Bennett - 184488,Jamari Thrash - 97399,80.95
1069,Mazeo Bennett - 184488,JhaQuan Jackson - 101135,71.0
1070,Stephen Gosnell - 122834,Brandon Smith - 61327,91.13
1071,Stephen Gosnell - 122834,Bennett Skowronek - 27948,85.37
1072,Stephen Gosnell - 122834,Racey McMath - 61401,84.94
1073,Stephen Gosnell - 122834,Trevon Grimes - 61565,78.79
1074,Stephen Gosnell - 122834,Jonathan Adams - 61148,68.69
1075,Tony Johnson - 145189,Michael Woods - 84117,94.08
1076,Tony Johnson - 145189,Chris Lacy - 29726,78.16
1077,Tony Johnson - 145189,Riley Ridley - 47933,72.93
1078,Tony Johnson - 145189,KaRaun White - 47784,67.5
1079,Tony Johnson - 145189,Korey Robertson - 47774,63.49
1080,Evan Boyd - 171223,Skyy Moore - 97116,85.0
1081,Evan Boyd - 171223,Terrace Marshall - 84271,65.59
1082,Evan Boyd - 171223,Jermaine Burton - 124017,64.39
1083,Evan Boyd - 171223,Tim Jones - 61669,61.84
1084,Evan Boyd - 171223,Malik Washington - 97108,60.82
1085,Barion Brown - 163779,Michael Woods - 84117,81.58
1086,Barion Brown - 163779,Antoine Green - 77985,78.42
1087,Barion Brown - 163779,Riley Ridley - 47933,75.94
1088,Barion Brown - 163779,Chris Lacy - 29726,74.84
1089,Barion Brown - 163779,Binjimen Victor - 42198,74.11
1090,Trech Kekahuna - 175527,JMon Moore - 48316,88.05
1091,Trech Kekahuna - 175527,Korey Robertson - 47774,74.31
1092,Trech Kekahuna - 175527,Marcell Ateman - 23670,73.02
1093,Trech Kekahuna - 175527,Travis Fulgham - 48023,68.51
1094,Trech Kekahuna - 175527,Jaleel Scott - 48097,61.76
1095,KJ Duff - 184654,Dillon Mitchell - 42338,73.04
1096,KJ Duff - 184654,Devaughn Vele - 100637,72.78
1097,KJ Duff - 184654,Trey Palmer - 99248,63.94
1098,KJ Duff - 184654,KJ Osborn - 23503,63.85
1099,KJ Duff - 184654,Antoine Green - 77985,61.24
1100,Ryan Davis - 97321,Javon Baker - 123904,82.06
1101,Ryan Davis - 97321,Trishton Jackson - 41247,79.13
1102,Ryan Davis - 97321,Ronnie Bell - 84288,76.03
1103,Ryan Davis - 97321,Binjimen Victor - 42198,67.65
1104,Ryan Davis - 97321,Antoine Green - 77985,67.13
1105,Matt Sykes - 131812,TJ Vasher - 42135,62.4
1106,Matt Sykes - 131812,Seth Williams - 84137,58.35
1107,Matt Sykes - 131812,Racey McMath - 61401,51.67
1108,Matt Sykes - 131812,Josh Palmer - 62979,50.33
1109,Matt Sykes - 131812,Devaughn Vele - 100637,45.12
1110,Jayden Harrison - 98556,JaLynn Polk - 123153,77.91
1111,Jayden Harrison - 98556,Olabisi Johnson - 47882,77.74
1112,Jayden Harrison - 98556,Dillon Mitchell - 42338,74.08
1113,Jayden Harrison - 98556,Antoine Green - 77985,73.7
1114,Jayden Harrison - 98556,Racey McMath - 61401,73.35
1115,Theo Wease - 98005,Damonte Coxie - 61419,89.27
1116,Theo Wease - 98005,Dax Milne - 84147,71.04
1117,Theo Wease - 98005,Kayshon Boutte - 124087,68.58
1118,Theo Wease - 98005,KeeSean Johnson - 39587,64.51
1119,Theo Wease - 98005,Austin Mack - 28070,63.56
1120,DT Sheffield - 174143,Roman Wilson - 129604,78.94
1121,DT Sheffield - 174143,Marquez Stevenson - 41838,76.52
1122,DT Sheffield - 174143,Anthony Schwartz - 84135,68.91
1123,DT Sheffield - 174143,Ricky Pearsall - 100660,54.74
1124,DT Sheffield - 174143,KJ Hamler - 61590,52.49
1125,Montorie Foster - 129616,Freddie Swain - 26448,78.36
1126,Montorie Foster - 129616,Jamari Thrash - 97399,75.81
1127,Montorie Foster - 129616,Ronnie Bell - 84288,74.86
1128,Montorie Foster - 129616,Kyle Philips - 84463,70.26
1129,Montorie Foster - 129616,JhaQuan Jackson - 101135,69.65
1130,Nic Trujillo - 175742,Seth Williams - 84137,70.08
1131,Nic Trujillo - 175742,Racey McMath - 61401,59.71
1132,Nic Trujillo - 175742,Bennett Skowronek - 27948,58.59
1133,Nic Trujillo - 175742,Brandon Smith - 61327,56.31
1134,Nic Trujillo - 175742,Josh Palmer - 62979,52.73
1135,Will Pauling - 144234,Brandon Smith - 61327,93.34
1136,Will Pauling - 144234,Bennett Skowronek - 27948,88.35
1137,Will Pauling - 144234,Racey McMath - 61401,84.17
1138,Will Pauling - 144234,Trevon Grimes - 61565,79.13
1139,Will Pauling - 144234,Jonathan Adams - 61148,68.67
1140,Javon Tracy - 158028,Grant Dubose - 111276,71.04
1141,Javon Tracy - 158028,JaLynn Polk - 123153,69.05
1142,Javon Tracy - 158028,Skyy Moore - 97116,65.39
1143,Javon Tracy - 158028,Dillon Mitchell - 42338,63.66
1144,Javon Tracy - 158028,Isaiah Coulter - 55307,62.62
1145,Michael Pettway - 142023,Freddie Swain - 26448,85.0
1146,Michael Pettway - 142023,Binjimen Victor - 42198,81.35
1147,Michael Pettway - 142023,Antoine Green - 77985,78.46
1148,Michael Pettway - 142023,Ronnie Bell - 84288,72.59
1149,Michael Pettway - 142023,Dillon Mitchell - 42338,71.31
1150,Mac Dalena - 128174,Javon Baker - 123904,82.16
1151,Mac Dalena - 128174,Austin Watkins - 84457,76.8
1152,Mac Dalena - 128174,Grant Dubose - 111276,73.46
1153,Mac Dalena - 128174,Brenden Rice - 131692,68.21
1154,Mac Dalena - 128174,Antoine Green - 77985,66.62
1155,Keshaun Singleton - 175325,Skyy Moore - 97116,75.01
1156,Keshaun Singleton - 175325,Devin Duvernay - 40006,72.04
1157,Keshaun Singleton - 175325,Freddie Swain - 26448,62.84
1158,Keshaun Singleton - 175325,Javon Baker - 123904,57.22
1159,Keshaun Singleton - 175325,Malik Washington - 97108,55.55
1160,Jaden Smith - 102637,Terrace Marshall - 84271,84.38
1161,Jaden Smith - 102637,Tamorrion Terry - 61258,81.27
1162,Jaden Smith - 102637,JaLynn Polk - 123153,76.18
1163,Jaden Smith - 102637,Grant Dubose - 111276,71.45
1164,Jaden Smith - 102637,Erik Ezukanma - 78148,70.41
1165,Pat Bryant - 144800,Javon Baker - 123904,98.45
1166,Pat Bryant - 144800,Brenden Rice - 131692,81.52
1167,Pat Bryant - 144800,Erik Ezukanma - 78148,79.6
1168,Pat Bryant - 144800,Grant Dubose - 111276,75.59
1169,Pat Bryant - 144800,Antoine Green - 77985,72.36
1170,Reginald Virgil - 158022,Cornelius Johnson - 97996,73.34
1171,Reginald Virgil - 158022,Tyrie Cleveland - 42134,57.1
1172,Reginald Virgil - 158022,Jester Weah - 48162,54.93
1173,Reginald Virgil - 158022,KJ Osborn - 23503,51.15
1174,Reginald Virgil - 158022,Michael Wilson - 84423,48.55
1175,JaCorey Brooks - 146587,John Metchie - 97400,75.15
1176,JaCorey Brooks - 146587,Jamari Thrash - 97399,67.75
1177,JaCorey Brooks - 146587,Shi Smith - 61643,67.43
1178,JaCorey Brooks - 146587,Chris Finke - 33014,60.4
1179,JaCorey Brooks - 146587,Ronnie Bell - 84288,57.41
1180,Jaylen Lloyd - 170233,Austin Watkins - 84457,82.11
1181,Jaylen Lloyd - 170233,Erik Ezukanma - 78148,75.18
1182,Jaylen Lloyd - 170233,Terrace Marshall - 84271,73.46
1183,Jaylen Lloyd - 170233,Jonathan Adams - 61148,72.69
1184,Jaylen Lloyd - 170233,Tamorrion Terry - 61258,72.6
1185,PJ Johnson - 147450,Racey McMath - 61401,74.06
1186,PJ Johnson - 147450,Brandon Smith - 61327,68.95
1187,PJ Johnson - 147450,Bennett Skowronek - 27948,67.97
1188,PJ Johnson - 147450,Seth Williams - 84137,65.38
1189,PJ Johnson - 147450,Collin Johnson - 47808,53.67
1190,Jordan Hudson - 157298,Racey McMath - 61401,86.52
1191,Jordan Hudson - 157298,Erik Ezukanma - 78148,77.43
1192,Jordan Hudson - 157298,Jerrod Means - 98847,77.11
1193,Jordan Hudson - 157298,Jonathan Adams - 61148,68.32
1194,Jordan Hudson - 157298,Seth Williams - 84137,67.63
1195,Sean Atkins - 101127,Devin Duvernay - 40006,80.33
1196,Sean Atkins - 101127,Freddie Swain - 26448,76.28
1197,Sean Atkins - 101127,Anthony Schwartz - 84135,72.85
1198,Sean Atkins - 101127,Roman Wilson - 129604,68.75
1199,Sean Atkins - 101127,Skyy Moore - 97116,68.67
1200,Dean Patterson - 145224,Olabisi Johnson - 47882,81.93
1201,Dean Patterson - 145224,Antoine Green - 77985,81.7
1202,Dean Patterson - 145224,Dillon Mitchell - 42338,80.15
1203,Dean Patterson - 145224,Racey McMath - 61401,76.33
1204,Dean Patterson - 145224,Freddie Swain - 26448,73.21
1205,Isaiah Bond - 163586,Anthony Gould - 97078,72.98
1206,Isaiah Bond - 163586,Roman Wilson - 129604,69.08
1207,Isaiah Bond - 163586,Anthony Schwartz - 84135,67.37
1208,Isaiah Bond - 163586,Marquez Stevenson - 41838,64.24
1209,Isaiah Bond - 163586,KJ Hamler - 61590,56.34
1210,Dillon Bell - 163734,TJ Vasher - 42135,70.84
1211,Dillon Bell - 163734,Racey McMath - 61401,57.5
1212,Dillon Bell - 163734,Seth Williams - 84137,54.72
1213,Dillon Bell - 163734,Devaughn Vele - 100637,53.78
1214,Dillon Bell - 163734,Quartney Davis - 39931,49.45
1215,Jake Bailey - 72158,Gary Jennings - 48331,83.38
1216,Jake Bailey - 72158,Simi Fehoko - 84424,78.34
1217,Jake Bailey - 72158,Trevon Grimes - 61565,77.67
1218,Jake Bailey - 72158,Brandon Smith - 61327,73.33
1219,Jake Bailey - 72158,Jonathan Adams - 61148,70.53
1220,Blair Conwright - 99538,Cornelius Johnson - 97996,71.79
1221,Blair Conwright - 99538,Velus Jones - 40573,62.21
1222,Blair Conwright - 99538,Jester Weah - 48162,57.83
1223,Blair Conwright - 99538,KJ Osborn - 23503,57.27
1224,Blair Conwright - 99538,JaLynn Polk - 123153,54.35
1225,Kris Mitchell - 97659,Ronnie Bell - 84288,76.55
1226,Kris Mitchell - 97659,John Metchie - 97400,73.6
1227,Kris Mitchell - 97659,Javon Baker - 123904,69.95
1228,Kris Mitchell - 97659,Trishton Jackson - 41247,69.22
1229,Kris Mitchell - 97659,Dax Milne - 84147,68.27
1230,Mekhi Mews - 155982,Tre Nixon - 40445,62.82
1231,Mekhi Mews - 155982,Jalen McMillan - 131905,46.53
1232,Mekhi Mews - 155982,Stephen Guidry - 84308,42.25
1233,Mekhi Mews - 155982,Rannell Hall - 9942,36.2
1234,Mekhi Mews - 155982,Riley Ridley - 47933,35.57
1235,Lewis Bond - 143817,Skyy Moore - 97116,76.38
1236,Lewis Bond - 143817,Devin Duvernay - 40006,72.91
1237,Lewis Bond - 143817,Freddie Swain - 26448,70.47
1238,Lewis Bond - 143817,Jamari Thrash - 97399,66.74
1239,Lewis Bond - 143817,Malik Washington - 97108,65.68
1240,Semaj Morgan - 174043,Anthony Schwartz - 84135,86.24
1241,Semaj Morgan - 174043,Jamari Thrash - 97399,79.04
1242,Semaj Morgan - 174043,JhaQuan Jackson - 101135,72.9
1243,Semaj Morgan - 174043,Roman Wilson - 129604,71.01
1244,Semaj Morgan - 174043,Freddie Swain - 26448,68.77
1245,Noah Rogers - 170266,Terrace Marshall - 84271,87.95
1246,Noah Rogers - 170266,JaLynn Polk - 123153,87.69
1247,Noah Rogers - 170266,Jonathan Adams - 61148,74.67
1248,Noah Rogers - 170266,Tamorrion Terry - 61258,67.01
1249,Noah Rogers - 170266,Gary Jennings - 48331,66.1
1250,Tru Edwards - 146058,John Metchie - 97400,67.74
1251,Tru Edwards - 146058,Kyle Philips - 84463,64.89
1252,Tru Edwards - 146058,Jamari Thrash - 97399,64.76
1253,Tru Edwards - 146058,Ronnie Bell - 84288,58.08
1254,Tru Edwards - 146058,Freddie Swain - 26448,57.39
1255,JaKhi Douglas - 122397,JaLynn Polk - 123153,80.21
1256,JaKhi Douglas - 122397,Javon Baker - 123904,79.04
1257,JaKhi Douglas - 122397,Grant Dubose - 111276,77.43
1258,JaKhi Douglas - 122397,Antoine Green - 77985,76.51
1259,JaKhi Douglas - 122397,Tim Jones - 61669,76.38
1260,JaShaun Poke - 100218,Jalen McMillan - 131905,86.38
1261,JaShaun Poke - 100218,Freddie Swain - 26448,83.88
1262,JaShaun Poke - 100218,Dillon Mitchell - 42338,72.24
1263,JaShaun Poke - 100218,Anthony Schwartz - 84135,71.47
1264,JaShaun Poke - 100218,Jamari Thrash - 97399,62.85
1265,Talyn Shettron - 128693,Dillon Mitchell - 42338,76.02
1266,Talyn Shettron - 128693,Freddie Swain - 26448,70.88
1267,Talyn Shettron - 128693,Jalen McMillan - 131905,67.24
1268,Talyn Shettron - 128693,Antoine Green - 77985,65.88
1269,Talyn Shettron - 128693,Trey Palmer - 99248,59.89
1270,Malik Rutherford - 143929,Roman Wilson - 129604,83.01
1271,Malik Rutherford - 143929,Anthony Schwartz - 84135,75.84
1272,Malik Rutherford - 143929,Jalen McMillan - 131905,60.88
1273,Malik Rutherford - 143929,Skyy Moore - 97116,60.52
1274,Malik Rutherford - 143929,Devin Duvernay - 40006,59.4
1275,Dalvin Smith - 98019,Dillon Mitchell - 42338,64.69
1276,Dalvin Smith - 98019,Stephen Guidry - 84308,62.4
1277,Dalvin Smith - 98019,Devaughn Vele - 100637,62.05
1278,Dalvin Smith - 98019,Antoine Green - 77985,61.71
1279,Dalvin Smith - 98019,Riley Ridley - 47933,56.68
1280,JJ Jenkins - 109592,JaLynn Polk - 123153,81.98
1281,JJ Jenkins - 109592,Terrace Marshall - 84271,79.11
1282,JJ Jenkins - 109592,Grant Dubose - 111276,77.52
1283,JJ Jenkins - 109592,Jonathan Adams - 61148,73.39
1284,JJ Jenkins - 109592,Tamorrion Terry - 61258,72.17
1285,Miles Cross - 145887,Brenden Rice - 131692,82.37
1286,Miles Cross - 145887,Erik Ezukanma - 78148,82.21
1287,Miles Cross - 145887,Javon Baker - 123904,80.11
1288,Miles Cross - 145887,Grant Dubose - 111276,78.97
1289,Miles Cross - 145887,Austin Watkins - 84457,72.22
1290,Jaden Bradley - 144016,TJ Vasher - 42135,51.0
1291,Jaden Bradley - 144016,Seth Williams - 84137,46.87
1292,Jaden Bradley - 144016,Racey McMath - 61401,39.12
1293,Jaden Bradley - 144016,Lawrence Cager - 34914,38.67
1294,Jaden Bradley - 144016,Austin Mack - 28070,34.2
1295,Dymere Miller - 142935,Antoine Green - 77985,86.71
1296,Dymere Miller - 142935,Binjimen Victor - 42198,78.08
1297,Dymere Miller - 142935,Freddie Swain - 26448,77.17
1298,Dymere Miller - 142935,Dillon Mitchell - 42338,75.6
1299,Dymere Miller - 142935,Tim Jones - 61669,75.24
1300,Andrew McElroy - 149817,Racey McMath - 61401,77.75
1301,Andrew McElroy - 149817,Trevon Grimes - 61565,67.71
1302,Andrew McElroy - 149817,Jonathan Adams - 61148,67.65
1303,Andrew McElroy - 149817,Brenden Rice - 131692,64.13
1304,Andrew McElroy - 149817,Cody White - 61448,62.27
1305,Bryson Green - 144651,Brandon Smith - 61327,68.78
1306,Bryson Green - 144651,Jonathan Adams - 61148,64.96
1307,Bryson Green - 144651,Bennett Skowronek - 27948,64.74
1308,Bryson Green - 144651,Michael Wilson - 84423,59.93
1309,Bryson Green - 144651,Racey McMath - 61401,58.93
1310,Cam Coleman - 184398,Antoine Green - 77985,85.1
1311,Cam Coleman - 184398,Binjimen Victor - 42198,82.45
1312,Cam Coleman - 184398,Dillon Mitchell - 42338,82.1
1313,Cam Coleman - 184398,Riley Ridley - 47933,76.62
1314,Cam Coleman - 184398,Freddie Swain - 26448,75.93
1315,Terry Bussey - 191251,Javon McKinley - 41248,73.47
1316,Terry Bussey - 191251,Quintez Cephus - 29614,72.0
1317,Terry Bussey - 191251,Erik Ezukanma - 78148,64.22
1318,Terry Bussey - 191251,Tamorrion Terry - 61258,57.61
1319,Terry Bussey - 191251,Austin Watkins - 84457,56.18
1320,Raylen Sharpe - 144255,JaLynn Polk - 123153,93.35
1321,Raylen Sharpe - 144255,Tim Jones - 61669,89.18
1322,Raylen Sharpe - 144255,Jonathan Adams - 61148,78.67
1323,Raylen Sharpe - 144255,Terrace Marshall - 84271,66.27
1324,Raylen Sharpe - 144255,Antoine Green - 77985,65.63
1325,Ismael Cisse - 176609,Roman Wilson - 129604,74.34
1326,Ismael Cisse - 176609,Marquez Stevenson - 41838,72.98
1327,Ismael Cisse - 176609,Anthony Schwartz - 84135,63.09
1328,Ismael Cisse - 176609,Anthony Gould - 97078,58.37
1329,Ismael Cisse - 176609,Jamari Thrash - 97399,57.78
1330,Mike BrownStephens - 97191,TJ Vasher - 42135,76.06
1331,Mike BrownStephens - 97191,Racey McMath - 61401,70.69
1332,Mike BrownStephens - 97191,Seth Williams - 84137,60.57
1333,Mike BrownStephens - 97191,Devaughn Vele - 100637,57.64
1334,Mike BrownStephens - 97191,Erik Ezukanma - 78148,54.86
1335,TJ Pride - 189866,Antoine Green - 77985,98.29
1336,TJ Pride - 189866,Dillon Mitchell - 42338,95.45
1337,TJ Pride - 189866,Isaiah Coulter - 55307,82.46
1338,TJ Pride - 189866,Freddie Swain - 26448,77.63
1339,TJ Pride - 189866,Tim Jones - 61669,71.09
1340,Matthew Coleman - 157831,Racey McMath - 61401,85.16
1341,Matthew Coleman - 157831,Antoine Green - 77985,83.22
1342,Matthew Coleman - 157831,Jonathan Adams - 61148,79.29
1343,Matthew Coleman - 157831,Dillon Mitchell - 42338,74.18
1344,Matthew Coleman - 157831,JaLynn Polk - 123153,72.3
1345,Daniel Jackson - 129654,Dax Milne - 84147,87.19
1346,Daniel Jackson - 129654,Kayshon Boutte - 124087,85.7
1347,Daniel Jackson - 129654,Damonte Coxie - 61419,79.12
1348,Daniel Jackson - 129654,Tyler Vaughns - 40283,64.71
1349,Daniel Jackson - 129654,Ainias Smith - 99207,60.18
1350,Carl Chester - 162627,Jonathan Adams - 61148,76.63
1351,Carl Chester - 162627,Terrace Marshall - 84271,71.98
1352,Carl Chester - 162627,JaLynn Polk - 123153,69.6
1353,Carl Chester - 162627,Gary Jennings - 48331,68.36
1354,Carl Chester - 162627,Michael Wilson - 84423,62.42
1355,Jabari Smith - 169926,JMon Moore - 48316,80.01
1356,Jabari Smith - 169926,Jester Weah - 48162,71.88
1357,Jabari Smith - 169926,Korey Robertson - 47774,71.06
1358,Jabari Smith - 169926,Racey McMath - 61401,70.45
1359,Jabari Smith - 169926,Olabisi Johnson - 47882,66.02
1360,Josh Dallas - 158343,Austin Watkins - 84457,81.1
1361,Josh Dallas - 158343,Terrace Marshall - 84271,78.29
1362,Josh Dallas - 158343,Gary Jennings - 48331,73.64
1363,Josh Dallas - 158343,Tim Jones - 61669,73.12
1364,Josh Dallas - 158343,JaLynn Polk - 123153,71.6
1365,Dorian Singer - 146243,Javon Baker - 123904,91.74
1366,Dorian Singer - 146243,Brenden Rice - 131692,87.68
1367,Dorian Singer - 146243,Austin Watkins - 84457,78.25
1368,Dorian Singer - 146243,Grant Dubose - 111276,75.3
1369,Dorian Singer - 146243,Antoine Green - 77985,74.49
1370,Devin McCuin - 176494,Javon Baker - 123904,86.83
1371,Devin McCuin - 176494,Trishton Jackson - 41247,82.36
1372,Devin McCuin - 176494,Brenden Rice - 131692,73.34
1373,Devin McCuin - 176494,Antoine Green - 77985,65.01
1374,Devin McCuin - 176494,Isaiah Coulter - 55307,63.49
1375,Collin Dixon - 175954,Jalen McMillan - 131905,74.81
1376,Collin Dixon - 175954,Dillon Mitchell - 42338,73.1
1377,Collin Dixon - 175954,Tim Jones - 61669,67.01
1378,Collin Dixon - 175954,JaLynn Polk - 123153,66.98
1379,Collin Dixon - 175954,Freddie Swain - 26448,62.89
1380,Traylon Ray - 176206,Riley Ridley - 47933,90.15
1381,Traylon Ray - 176206,Michael Woods - 84117,77.92
1382,Traylon Ray - 176206,Jalen Brooks - 111284,71.03
1383,Traylon Ray - 176206,Binjimen Victor - 42198,67.68
1384,Traylon Ray - 176206,Chris Lacy - 29726,65.02
1385,Latrell Caples - 128119,Antoine Green - 77985,94.32
1386,Latrell Caples - 128119,Dillon Mitchell - 42338,83.29
1387,Latrell Caples - 128119,Freddie Swain - 26448,80.4
1388,Latrell Caples - 128119,Binjimen Victor - 42198,77.01
1389,Latrell Caples - 128119,Isaiah Coulter - 55307,75.92
1390,Beau Sparks - 173021,Erik Ezukanma - 78148,82.13
1391,Beau Sparks - 173021,Antoine Green - 77985,79.55
1392,Beau Sparks - 173021,Racey McMath - 61401,79.5
1393,Beau Sparks - 173021,JaLynn Polk - 123153,78.14
1394,Beau Sparks - 173021,Tim Jones - 61669,77.23
1395,Horatio Fields - 144188,Seth Williams - 84137,70.31
1396,Horatio Fields - 144188,Racey McMath - 61401,65.93
1397,Horatio Fields - 144188,Brandon Smith - 61327,59.25
1398,Horatio Fields - 144188,Erik Ezukanma - 78148,59.07
1399,Horatio Fields - 144188,Jonathan Adams - 61148,58.38
1400,Caleb Gossett - 149528,JaLynn Polk - 123153,84.08
1401,Caleb Gossett - 149528,Terrace Marshall - 84271,81.16
1402,Caleb Gossett - 149528,Grant Dubose - 111276,61.2
1403,Caleb Gossett - 149528,Tim Jones - 61669,60.31
1404,Caleb Gossett - 149528,KJ Osborn - 23503,52.68
1405,Markus Allen - 145160,Racey McMath - 61401,88.33
1406,Markus Allen - 145160,Jonathan Adams - 61148,71.34
1407,Markus Allen - 145160,Brandon Smith - 61327,65.87
1408,Markus Allen - 145160,Cornelius Johnson - 97996,58.86
1409,Markus Allen - 145160,Devaughn Vele - 100637,58.57
1410,Devin Voisin - 97427,Marcell Ateman - 23670,84.13
1411,Devin Voisin - 97427,Korey Robertson - 47774,80.06
1412,Devin Voisin - 97427,Jaleel Scott - 48097,79.41
1413,Devin Voisin - 97427,JMon Moore - 48316,79.25
1414,Devin Voisin - 97427,Racey McMath - 61401,68.6
1415,Mikey Matthews - 174168,Jamari Thrash - 97399,90.43
1416,Mikey Matthews - 174168,JhaQuan Jackson - 101135,85.08
1417,Mikey Matthews - 174168,Ronnie Bell - 84288,79.64
1418,Mikey Matthews - 174168,John Metchie - 97400,74.72
1419,Mikey Matthews - 174168,Trishton Jackson - 41247,71.79
1420,Bryce Kirtz - 97424,Devaughn Vele - 100637,73.66
1421,Bryce Kirtz - 97424,Racey McMath - 61401,69.28
1422,Bryce Kirtz - 97424,Antoine Green - 77985,68.08
1423,Bryce Kirtz - 97424,Dillon Mitchell - 42338,67.15
1424,Bryce Kirtz - 97424,Jonathan Adams - 61148,58.29
1425,Tylan Hines - 156043,Steven Mitchell - 47508,67.84
1426,Tylan Hines - 156043,Tre Nixon - 40445,66.34
1427,Tylan Hines - 156043,Braxton Berrios - 47961,65.98
1428,Tylan Hines - 156043,DeAndrew White - 9697,61.24
1429,Tylan Hines - 156043,Rico Bussey - 45380,57.3
1430,Kwazi Gilmer - 184979,Cornelius Johnson - 97996,73.53
1431,Kwazi Gilmer - 184979,JaLynn Polk - 123153,59.68
1432,Kwazi Gilmer - 184979,Jester Weah - 48162,59.22
1433,Kwazi Gilmer - 184979,Velus Jones - 40573,58.17
1434,Kwazi Gilmer - 184979,KJ Osborn - 23503,54.41
1435,Josh Meredith - 146507,Tre Nixon - 40445,68.48
1436,Josh Meredith - 146507,DeAndrew White - 9697,63.22
1437,Josh Meredith - 146507,Steven Mitchell - 47508,59.81
1438,Josh Meredith - 146507,Braxton Berrios - 47961,56.07
1439,Josh Meredith - 146507,Rico Bussey - 45380,52.22
1440,Malique Dieudonne - 145947,Davon Grayson - 38079,74.05
1441,Malique Dieudonne - 145947,Stephen Guidry - 84308,61.89
1442,Malique Dieudonne - 145947,Tyrie Cleveland - 42134,42.39
1443,Malique Dieudonne - 145947,Devaughn Vele - 100637,38.07
1444,Malique Dieudonne - 145947,Quartney Davis - 39931,36.88
1445,Dalton Stroman - 147022,Seth Williams - 84137,71.82
1446,Dalton Stroman - 147022,Erik Ezukanma - 78148,60.39
1447,Dalton Stroman - 147022,Racey McMath - 61401,58.78
1448,Dalton Stroman - 147022,TJ Vasher - 42135,53.64
1449,Dalton Stroman - 147022,Josh Palmer - 62979,53.23
1450,Wesley Grimes - 157534,Racey McMath - 61401,71.24
1451,Wesley Grimes - 157534,TJ Vasher - 42135,66.93
1452,Wesley Grimes - 157534,Cornell Powell - 40689,63.38
1453,Wesley Grimes - 157534,Quartney Davis - 39931,61.0
1454,Wesley Grimes - 157534,Chris Lacy - 29726,60.59
1455,Casey Cain - 144727,Davon Grayson - 38079,75.72
1456,Casey Cain - 144727,Stephen Guidry - 84308,52.75
1457,Casey Cain - 144727,Tyrie Cleveland - 42134,33.12
1458,Casey Cain - 144727,Devaughn Vele - 100637,30.0
1459,Casey Cain - 144727,TJ Vasher - 42135,28.99
1460,Christian Moss - 144095,Javon McKinley - 41248,66.48
1461,Christian Moss - 144095,Erik Ezukanma - 78148,62.09
1462,Christian Moss - 144095,Jonathan Adams - 61148,54.77
1463,Christian Moss - 144095,Tamorrion Terry - 61258,53.78
1464,Christian Moss - 144095,Gary Jennings - 48331,52.31
1465,Jimmy Horn - 144483,Ihmir SmithMarsette - 61324,59.41
1466,Jimmy Horn - 144483,Jeff Thomas - 61425,58.8
1467,Jimmy Horn - 144483,Rico Bussey - 45380,40.18
1468,Jimmy Horn - 144483,Jalen Nailor - 84292,36.42
1469,Jimmy Horn - 144483,Braxton Berrios - 47961,30.29
1470,Kisean Johnson - 141735,KaRaun White - 47784,86.74
1471,Kisean Johnson - 141735,JMon Moore - 48316,83.14
1472,Kisean Johnson - 141735,Chris Lacy - 29726,78.05
1473,Kisean Johnson - 141735,Michael Woods - 84117,77.36
1474,Kisean Johnson - 141735,Marcell Ateman - 23670,67.64
1475,Dannis Jackson - 97594,Stephen Guidry - 84308,68.97
1476,Dannis Jackson - 97594,Quartney Davis - 39931,64.84
1477,Dannis Jackson - 97594,Davon Grayson - 38079,63.52
1478,Dannis Jackson - 97594,Dillon Mitchell - 42338,62.41
1479,Dannis Jackson - 97594,Cornell Powell - 40689,60.1
1480,Gabriel Benyard - 147969,JMon Moore - 48316,66.9
1481,Gabriel Benyard - 147969,DaRon Brown - 9666,66.31
1482,Gabriel Benyard - 147969,ArDarius Stewart - 11834,65.03
1483,Gabriel Benyard - 147969,Chad Hansen - 11896,61.73
1484,Gabriel Benyard - 147969,KaRaun White - 47784,60.8
1485,Dane Olson - 128163,Jonathan Adams - 61148,76.33
1486,Dane Olson - 128163,Racey McMath - 61401,73.41
1487,Dane Olson - 128163,Brandon Smith - 61327,63.41
1488,Dane Olson - 128163,Cornelius Johnson - 97996,61.9
1489,Dane Olson - 128163,Michael Wilson - 84423,61.28
1490,Romello Brinson - 143936,Dillon Mitchell - 42338,56.76
1491,Romello Brinson - 143936,Stephen Guidry - 84308,56.11
1492,Romello Brinson - 143936,Devaughn Vele - 100637,52.82
1493,Romello Brinson - 143936,Tyrie Cleveland - 42134,51.65
1494,Romello Brinson - 143936,Cornell Powell - 40689,51.38
1495,John Adams - 155846,TJ Vasher - 42135,63.83
1496,John Adams - 155846,Cornell Powell - 40689,63.81
1497,John Adams - 155846,Racey McMath - 61401,63.48
1498,John Adams - 155846,Quartney Davis - 39931,63.46
1499,John Adams - 155846,Stephen Guidry - 84308,57.55
1500,Jacob Godfrey - 175734,Michael Woods - 84117,93.52
1501,Jacob Godfrey - 175734,Riley Ridley - 47933,84.84
1502,Jacob Godfrey - 175734,Chris Lacy - 29726,82.85
1503,Jacob Godfrey - 175734,Cornell Powell - 40689,81.32
1504,Jacob Godfrey - 175734,Quartney Davis - 39931,78.03
1505,Deion Burks - 145107,Stephen Guidry - 84308,66.75
1506,Deion Burks - 145107,Dillon Mitchell - 42338,65.19
1507,Deion Burks - 145107,Quartney Davis - 39931,64.45
1508,Deion Burks - 145107,Antoine Green - 77985,62.88
1509,Deion Burks - 145107,Davon Grayson - 38079,62.01
1510,Larry Simmons - 163666,JaLynn Polk - 123153,91.1
1511,Larry Simmons - 163666,Jonathan Adams - 61148,80.71
1512,Larry Simmons - 163666,Terrace Marshall - 84271,79.35
1513,Larry Simmons - 163666,Grant Dubose - 111276,64.61
1514,Larry Simmons - 163666,Tim Jones - 61669,63.61
1515,Kobe Paysour - 143974,Antoine Green - 77985,89.3
1516,Kobe Paysour - 143974,Dillon Mitchell - 42338,83.76
1517,Kobe Paysour - 143974,Binjimen Victor - 42198,82.64
1518,Kobe Paysour - 143974,Riley Ridley - 47933,76.42
1519,Kobe Paysour - 143974,Trishton Jackson - 41247,71.35
1520,Solomon Davis - 109517,Tyrie Cleveland - 42134,66.26
1521,Solomon Davis - 109517,Cornelius Johnson - 97996,46.99
1522,Solomon Davis - 109517,Jester Weah - 48162,46.96
1523,Solomon Davis - 109517,Devaughn Vele - 100637,43.28
1524,Solomon Davis - 109517,Stephen Guidry - 84308,39.14
1525,Chris Bell - 156321,JaLynn Polk - 123153,86.36
1526,Chris Bell - 156321,Terrace Marshall - 84271,79.01
1527,Chris Bell - 156321,Jonathan Adams - 61148,77.12
1528,Chris Bell - 156321,Gary Jennings - 48331,61.39
1529,Chris Bell - 156321,Tim Jones - 61669,60.5
1530,Rahkeem Smith - 161339,Devin Duvernay - 40006,71.36
1531,Rahkeem Smith - 161339,Jamari Thrash - 97399,70.79
1532,Rahkeem Smith - 161339,Freddie Swain - 26448,68.93
1533,Rahkeem Smith - 161339,Jalen McMillan - 131905,57.9
1534,Rahkeem Smith - 161339,John Metchie - 97400,57.18
1535,Hal Presley - 144507,Tyrie Cleveland - 42134,74.24
1536,Hal Presley - 144507,Cornelius Johnson - 97996,66.29
1537,Hal Presley - 144507,Brandon Smith - 61327,51.57
1538,Hal Presley - 144507,Racey McMath - 61401,50.46
1539,Hal Presley - 144507,Jester Weah - 48162,48.64
1540,AJ Henning - 129580,Dillon Mitchell - 42338,80.05
1541,AJ Henning - 129580,Antoine Green - 77985,69.36
1542,AJ Henning - 129580,Devaughn Vele - 100637,65.87
1543,AJ Henning - 129580,Jalen McMillan - 131905,59.36
1544,AJ Henning - 129580,Isaiah Coulter - 55307,58.52
1545,Jahdae Walker - 175944,Jonathan Adams - 61148,89.0
1546,Jahdae Walker - 175944,JaLynn Polk - 123153,74.4
1547,Jahdae Walker - 175944,Racey McMath - 61401,72.24
1548,Jahdae Walker - 175944,Terrace Marshall - 84271,66.54
1549,Jahdae Walker - 175944,Erik Ezukanma - 78148,65.31
1550,Zeriah Beason - 131729,Seth Williams - 84137,65.16
1551,Zeriah Beason - 131729,Racey McMath - 61401,64.83
1552,Zeriah Beason - 131729,Jonathan Adams - 61148,60.65
1553,Zeriah Beason - 131729,Brandon Smith - 61327,59.62
1554,Zeriah Beason - 131729,Erik Ezukanma - 78148,57.69
1555,Kaedin Robinson - 144468,Brenden Rice - 131692,90.99
1556,Kaedin Robinson - 144468,Omar Bayless - 25522,79.3
1557,Kaedin Robinson - 144468,Erik Ezukanma - 78148,78.22
1558,Kaedin Robinson - 144468,Javon Baker - 123904,75.81
1559,Kaedin Robinson - 144468,Austin Watkins - 84457,68.62
1560,Nate McCollum - 122487,Antoine Green - 77985,83.4
1561,Nate McCollum - 122487,Dillon Mitchell - 42338,80.12
1562,Nate McCollum - 122487,Jalen McMillan - 131905,74.93
1563,Nate McCollum - 122487,Freddie Swain - 26448,74.65
1564,Nate McCollum - 122487,Tim Jones - 61669,70.04
1565,Carlos Hernandez - 174167,Jalen McMillan - 131905,89.56
1566,Carlos Hernandez - 174167,Dillon Mitchell - 42338,74.79
1567,Carlos Hernandez - 174167,Antoine Green - 77985,68.32
1568,Carlos Hernandez - 174167,Tim Jones - 61669,59.92
1569,Carlos Hernandez - 174167,Freddie Swain - 26448,58.71
1570,Jordan Ross - 191068,JMon Moore - 48316,86.19
1571,Jordan Ross - 191068,KaRaun White - 47784,77.55
1572,Jordan Ross - 191068,Marcell Ateman - 23670,74.84
1573,Jordan Ross - 191068,Michael Woods - 84117,66.56
1574,Jordan Ross - 191068,Korey Robertson - 47774,65.69
1575,Isaiah Horton - 162735,Javon Baker - 123904,84.73
1576,Isaiah Horton - 162735,Antoine Green - 77985,80.17
1577,Isaiah Horton - 162735,Isaiah Coulter - 55307,75.7
1578,Isaiah Horton - 162735,Tim Jones - 61669,74.04
1579,Isaiah Horton - 162735,Dillon Mitchell - 42338,69.19
1580,Solomon Lewis - 145250,Tre Nixon - 40445,78.24
1581,Solomon Lewis - 145250,DeAndrew White - 9697,66.15
1582,Solomon Lewis - 145250,Dres Anderson - 9690,61.59
1583,Solomon Lewis - 145250,Quadree Henderson - 48008,46.72
1584,Solomon Lewis - 145250,Braxton Berrios - 47961,43.48
1585,Reece Vander Zee - 189694,Stephen Guidry - 84308,67.26
1586,Reece Vander Zee - 189694,Dillon Mitchell - 42338,65.23
1587,Reece Vander Zee - 189694,Quartney Davis - 39931,63.35
1588,Reece Vander Zee - 189694,Cornell Powell - 40689,62.86
1589,Reece Vander Zee - 189694,Antoine Green - 77985,62.84
1590,Jay Wilkerson - 131961,Racey McMath - 61401,93.98
1591,Jay Wilkerson - 131961,Jonathan Adams - 61148,80.17
1592,Jay Wilkerson - 131961,Erik Ezukanma - 78148,70.21
1593,Jay Wilkerson - 131961,Brenden Rice - 131692,66.07
1594,Jay Wilkerson - 131961,Brandon Smith - 61327,65.53
1595,Isiah Paige - 145348,Michael Woods - 84117,76.47
1596,Isiah Paige - 145348,Jalen Brooks - 111284,75.07
1597,Isiah Paige - 145348,Riley Ridley - 47933,68.33
1598,Isiah Paige - 145348,Chris Lacy - 29726,63.14
1599,Isiah Paige - 145348,Stephen Guidry - 84308,60.21
1600,Kenny Johnson - 175419,Antoine Green - 77985,88.59
1601,Kenny Johnson - 175419,Dillon Mitchell - 42338,86.12
1602,Kenny Johnson - 175419,Racey McMath - 61401,73.92
1603,Kenny Johnson - 175419,Isaiah Coulter - 55307,72.49
1604,Kenny Johnson - 175419,Cornell Powell - 40689,66.58
1605,Money Parks - 131870,Stephen Guidry - 84308,49.74
1606,Money Parks - 131870,Tre Nixon - 40445,45.17
1607,Money Parks - 131870,Jalen McMillan - 131905,37.79
1608,Money Parks - 131870,Tyrie Cleveland - 42134,35.66
1609,Money Parks - 131870,Chris Lacy - 29726,33.8
1610,Deuce Alexander - 176077,Michael Woods - 84117,86.76
1611,Deuce Alexander - 176077,KaRaun White - 47784,81.79
1612,Deuce Alexander - 176077,Chris Lacy - 29726,80.26
1613,Deuce Alexander - 176077,Cornell Powell - 40689,71.46
1614,Deuce Alexander - 176077,JMon Moore - 48316,65.94
1615,Kris Hutson - 131713,Michael Woods - 84117,81.6
1616,Kris Hutson - 131713,Chris Lacy - 29726,76.27
1617,Kris Hutson - 131713,Riley Ridley - 47933,73.16
1618,Kris Hutson - 131713,KaRaun White - 47784,69.83
1619,Kris Hutson - 131713,Jalen Brooks - 111284,66.75
1620,Omari Evans - 164168,Jalen Brooks - 111284,82.6
1621,Omari Evans - 164168,Michael Woods - 84117,81.84
1622,Omari Evans - 164168,Riley Ridley - 47933,72.62
1623,Omari Evans - 164168,Cornell Powell - 40689,67.42
1624,Omari Evans - 164168,Chris Lacy - 29726,64.6
1625,Nick Cenacle - 169053,Dillon Mitchell - 42338,70.03
1626,Nick Cenacle - 169053,Devaughn Vele - 100637,66.5
1627,Nick Cenacle - 169053,Cornelius Johnson - 97996,64.84
1628,Nick Cenacle - 169053,JaLynn Polk - 123153,58.27
1629,Nick Cenacle - 169053,Antoine Green - 77985,57.07
1630,Nick Marsh - 183541,Trishton Jackson - 41247,73.54
1631,Nick Marsh - 183541,Javon Baker - 123904,72.2
1632,Nick Marsh - 183541,Dax Milne - 84147,70.97
1633,Nick Marsh - 183541,Damonte Coxie - 61419,69.81
1634,Nick Marsh - 183541,Ronnie Bell - 84288,66.72
1635,Ryan Wingo - 184520,Dillon Mitchell - 42338,69.03
1636,Ryan Wingo - 184520,Jalen McMillan - 131905,63.59
1637,Ryan Wingo - 184520,Antoine Green - 77985,62.42
1638,Ryan Wingo - 184520,Devaughn Vele - 100637,56.6
1639,Ryan Wingo - 184520,JaLynn Polk - 123153,55.91
1640,Quincy Skinner - 146965,Cornell Powell - 40689,73.15
1641,Quincy Skinner - 146965,Racey McMath - 61401,69.85
1642,Quincy Skinner - 146965,Quartney Davis - 39931,69.0
1643,Quincy Skinner - 146965,TJ Vasher - 42135,63.99
1644,Quincy Skinner - 146965,Jonathan Adams - 61148,59.76
1645,Rico Flores - 171083,Brenden Rice - 131692,85.92
1646,Rico Flores - 171083,Omar Bayless - 25522,73.63
1647,Rico Flores - 171083,Austin Watkins - 84457,71.67
1648,Rico Flores - 171083,Erik Ezukanma - 78148,70.75
1649,Rico Flores - 171083,Javon Baker - 123904,70.3
1650,Sahmir Hagans - 143854,Dillon Mitchell - 42338,78.91
1651,Sahmir Hagans - 143854,Antoine Green - 77985,72.82
1652,Sahmir Hagans - 143854,Jalen McMillan - 131905,65.85
1653,Sahmir Hagans - 143854,Cornell Powell - 40689,62.32
1654,Sahmir Hagans - 143854,Isaiah Coulter - 55307,62.26
1655,Kenneth Womack - 142085,Isaiah Coulter - 55307,67.76
1656,Kenneth Womack - 142085,Dillon Mitchell - 42338,67.61
1657,Kenneth Womack - 142085,Tim Jones - 61669,65.45
1658,Kenneth Womack - 142085,Skyy Moore - 97116,65.1
1659,Kenneth Womack - 142085,Malik Washington - 97108,64.87
1660,Cade McDonald - 101725,Cornelius Johnson - 97996,95.46
1661,Cade McDonald - 101725,Jonathan Adams - 61148,74.83
1662,Cade McDonald - 101725,Jester Weah - 48162,70.94
1663,Cade McDonald - 101725,Brandon Smith - 61327,70.9
1664,Cade McDonald - 101725,Gary Jennings - 48331,65.31
1665,Aaron Anderson - 157010,JMon Moore - 48316,83.42
1666,Aaron Anderson - 157010,KaRaun White - 47784,69.09
1667,Aaron Anderson - 157010,Cornell Powell - 40689,68.45
1668,Aaron Anderson - 157010,Michael Woods - 84117,65.95
1669,Aaron Anderson - 157010,Antoine Green - 77985,65.44
1670,Marlyn Johnson - 98289,Tre Nixon - 40445,59.04
1671,Marlyn Johnson - 98289,Jalen McMillan - 131905,53.46
1672,Marlyn Johnson - 98289,Stephen Guidry - 84308,52.76
1673,Marlyn Johnson - 98289,Rico Bussey - 45380,50.15
1674,Marlyn Johnson - 98289,Jalen Brooks - 111284,47.35
1675,Reese Smith - 123432,Jonathan Adams - 61148,87.17
1676,Reese Smith - 123432,Gary Jennings - 48331,80.66
1677,Reese Smith - 123432,Michael Wilson - 84423,74.18
1678,Reese Smith - 123432,Brandon Smith - 61327,69.1
1679,Reese Smith - 123432,Racey McMath - 61401,68.3
1680,Omarion Dollison - 123280,Riley Ridley - 47933,91.33
1681,Omarion Dollison - 123280,Michael Woods - 84117,87.64
1682,Omarion Dollison - 123280,Chris Lacy - 29726,78.82
1683,Omarion Dollison - 123280,Jalen Brooks - 111284,75.25
1684,Omarion Dollison - 123280,Quartney Davis - 39931,74.68
1685,Tyson Mobley - 122350,Dillon Mitchell - 42338,63.11
1686,Tyson Mobley - 122350,Cornell Powell - 40689,60.04
1687,Tyson Mobley - 122350,Stephen Guidry - 84308,59.39
1688,Tyson Mobley - 122350,Antoine Green - 77985,58.55
1689,Tyson Mobley - 122350,Jalen McMillan - 131905,56.52
1690,Tray Taylor - 186494,Tre Nixon - 40445,80.63
1691,Tray Taylor - 186494,DeAndrew White - 9697,61.2
1692,Tray Taylor - 186494,Dres Anderson - 9690,56.18
1693,Tray Taylor - 186494,Braxton Berrios - 47961,54.41
1694,Tray Taylor - 186494,Mario Alford - 9671,49.74
1695,Winston Wright - 99537,Tim Jones - 61669,83.96
1696,Winston Wright - 99537,Antoine Green - 77985,73.67
1697,Winston Wright - 99537,Olabisi Johnson - 47882,71.32
1698,Winston Wright - 99537,Dillon Mitchell - 42338,71.15
1699,Winston Wright - 99537,JaLynn Polk - 123153,68.25
1700,Jaden Smith - 150262,JMon Moore - 48316,90.41
1701,Jaden Smith - 150262,KaRaun White - 47784,69.49
1702,Jaden Smith - 150262,Michael Woods - 84117,67.29
1703,Jaden Smith - 150262,Marcell Ateman - 23670,63.58
1704,Jaden Smith - 150262,Korey Robertson - 47774,63.26
1705,Tre Spivey - 173119,Tre Nixon - 40445,71.49
1706,Tre Spivey - 173119,Dres Anderson - 9690,56.1
1707,Tre Spivey - 173119,Quadree Henderson - 48008,54.75
1708,Tre Spivey - 173119,DeAndrew White - 9697,52.87
1709,Tre Spivey - 173119,Steven Mitchell - 47508,51.58
1710,Isaiah Sategna - 163642,Stephen Guidry - 84308,58.0
1711,Isaiah Sategna - 163642,Tre Nixon - 40445,53.38
1712,Isaiah Sategna - 163642,Jalen McMillan - 131905,52.81
1713,Isaiah Sategna - 163642,Rico Bussey - 45380,51.27
1714,Isaiah Sategna - 163642,Dillon Mitchell - 42338,50.89
1715,Luke Floriea - 130491,Dillon Mitchell - 42338,68.24
1716,Luke Floriea - 130491,Cornelius Johnson - 97996,67.46
1717,Luke Floriea - 130491,Racey McMath - 61401,67.09
1718,Luke Floriea - 130491,Jonathan Adams - 61148,66.24
1719,Luke Floriea - 130491,Jester Weah - 48162,63.75
1720,Simeon Evans - 147304,JaLynn Polk - 123153,86.82
1721,Simeon Evans - 147304,Jonathan Adams - 61148,84.41
1722,Simeon Evans - 147304,Tim Jones - 61669,80.88
1723,Simeon Evans - 147304,Antoine Green - 77985,74.91
1724,Simeon Evans - 147304,Erik Ezukanma - 78148,72.53
1725,Jacob Jordan - 184597,Austin Watkins - 84457,87.53
1726,Jacob Jordan - 184597,Brenden Rice - 131692,76.78
1727,Jacob Jordan - 184597,Javon Baker - 123904,76.62
1728,Jacob Jordan - 184597,Erik Ezukanma - 78148,59.47
1729,Jacob Jordan - 184597,Omar Bayless - 25522,58.93
1730,Eli Pancol - 97995,Dillon Mitchell - 42338,70.48
1731,Eli Pancol - 97995,Antoine Green - 77985,67.83
1732,Eli Pancol - 97995,Quartney Davis - 39931,64.24
1733,Eli Pancol - 97995,Cornell Powell - 40689,62.54
1734,Eli Pancol - 97995,Stephen Guidry - 84308,61.74
1735,Kaden Prather - 144780,Chris Lacy - 29726,62.48
1736,Kaden Prather - 144780,Antoine Green - 77985,61.69
1737,Kaden Prather - 144780,Trishton Jackson - 41247,59.6
1738,Kaden Prather - 144780,Jordan Lasley - 48202,59.12
1739,Kaden Prather - 144780,TJ Vasher - 42135,58.14
1740,Elijah Metcalf - 145307,JMon Moore - 48316,86.12
1741,Elijah Metcalf - 145307,Marcell Ateman - 23670,69.93
1742,Elijah Metcalf - 145307,Jaleel Scott - 48097,67.63
1743,Elijah Metcalf - 145307,KaRaun White - 47784,63.73
1744,Elijah Metcalf - 145307,Korey Robertson - 47774,59.88
1745,Adam Randall - 156252,Tyrie Cleveland - 42134,66.2
1746,Adam Randall - 156252,Stephen Guidry - 84308,40.36
1747,Adam Randall - 156252,Cornelius Johnson - 97996,36.56
1748,Adam Randall - 156252,Davon Grayson - 38079,32.06
1749,Adam Randall - 156252,Brennan Eagles - 78103,30.68
1750,Keelan Marion - 147370,Riley Ridley - 47933,84.32
1751,Keelan Marion - 147370,Michael Woods - 84117,84.19
1752,Keelan Marion - 147370,Jalen Brooks - 111284,80.13
1753,Keelan Marion - 147370,Cornell Powell - 40689,79.56
1754,Keelan Marion - 147370,Quartney Davis - 39931,79.19
1755,Davon Wells - 142483,KaRaun White - 47784,84.51
1756,Davon Wells - 142483,Mekale McKay - 10913,72.32
1757,Davon Wells - 142483,Michael Woods - 84117,70.6
1758,Davon Wells - 142483,Chris Lacy - 29726,68.68
1759,Davon Wells - 142483,JMon Moore - 48316,65.5
1760,Dekel Crowdus - 146733,Tre Nixon - 40445,75.44
1761,Dekel Crowdus - 146733,Dres Anderson - 9690,63.84
1762,Dekel Crowdus - 146733,DeAndrew White - 9697,56.67
1763,Dekel Crowdus - 146733,Steven Mitchell - 47508,56.54
1764,Dekel Crowdus - 146733,Mario Alford - 9671,54.45
1765,Nyck Harbor - 175923,Tyrie Cleveland - 42134,70.07
1766,Nyck Harbor - 175923,Cornelius Johnson - 97996,54.94
1767,Nyck Harbor - 175923,Stephen Guidry - 84308,42.52
1768,Nyck Harbor - 175923,Jester Weah - 48162,41.96
1769,Nyck Harbor - 175923,Brandon Smith - 61327,33.28
1770,Chase Penry - 86538,Stephen Guidry - 84308,58.9
1771,Chase Penry - 86538,Tyrie Cleveland - 42134,40.3
1772,Chase Penry - 86538,Cornell Powell - 40689,39.71
1773,Chase Penry - 86538,Chris Lacy - 29726,35.87
1774,Chase Penry - 86538,Tre Nixon - 40445,35.78
1775,Bru McCoy - 71345,Jonathan Adams - 61148,72.38
1776,Bru McCoy - 71345,Omar Bayless - 25522,67.31
1777,Bru McCoy - 71345,Racey McMath - 61401,63.66
1778,Bru McCoy - 71345,Cornell Powell - 40689,60.26
1779,Bru McCoy - 71345,Antoine Green - 77985,58.99
1780,Christan Horn - 122243,Jonathan Adams - 61148,80.82
1781,Christan Horn - 122243,Racey McMath - 61401,76.76
1782,Christan Horn - 122243,Brenden Rice - 131692,68.94
1783,Christan Horn - 122243,Erik Ezukanma - 78148,60.83
1784,Christan Horn - 122243,Omar Bayless - 25522,59.53
1785,Jameson Tucker - 147090,Tyrie Cleveland - 42134,53.21
1786,Jameson Tucker - 147090,Stephen Guidry - 84308,51.61
1787,Jameson Tucker - 147090,Davon Grayson - 38079,47.98
1788,Jameson Tucker - 147090,Cornelius Johnson - 97996,40.74
1789,Jameson Tucker - 147090,Cornell Powell - 40689,36.78
1790,Bryson Graves - 175806,Cornelius Johnson - 97996,83.25
1791,Bryson Graves - 175806,Jester Weah - 48162,58.87
1792,Bryson Graves - 175806,Jonathan Adams - 61148,48.74
1793,Bryson Graves - 175806,Tyrie Cleveland - 42134,48.02
1794,Bryson Graves - 175806,Brandon Smith - 61327,47.45
1795,KeyShawn Smith - 143950,Dillon Mitchell - 42338,83.4
1796,KeyShawn Smith - 143950,Antoine Green - 77985,79.7
1797,KeyShawn Smith - 143950,Isaiah Coulter - 55307,74.91
1798,KeyShawn Smith - 143950,Quartney Davis - 39931,61.54
1799,KeyShawn Smith - 143950,Cornell Powell - 40689,60.93
1800,Jaron Glover - 158382,Tyrie Cleveland - 42134,52.54
1801,Jaron Glover - 158382,Davon Grayson - 38079,49.09
1802,Jaron Glover - 158382,Stephen Guidry - 84308,48.97
1803,Jaron Glover - 158382,Brennan Eagles - 78103,36.01
1804,Jaron Glover - 158382,Cornelius Johnson - 97996,35.85
1805,Charles Montgomery - 145265,Michael Woods - 84117,86.92
1806,Charles Montgomery - 145265,Riley Ridley - 47933,75.83
1807,Charles Montgomery - 145265,KaRaun White - 47784,75.48
1808,Charles Montgomery - 145265,Jalen Brooks - 111284,73.04
1809,Charles Montgomery - 145265,Cornell Powell - 40689,72.39
1810,Jaron Tibbs - 174972,TJ Vasher - 42135,45.4
1811,Jaron Tibbs - 174972,Darrell Stewart - 27299,43.75
1812,Jaron Tibbs - 174972,Austin Mack - 28070,37.65
1813,Jaron Tibbs - 174972,Brandon Smith - 61327,35.34
1814,Jaron Tibbs - 174972,Racey McMath - 61401,35.34
1815,Jimmy Holiday - 124281,Jalen Brooks - 111284,82.2
1816,Jimmy Holiday - 124281,Michael Woods - 84117,73.8
1817,Jimmy Holiday - 124281,Cornell Powell - 40689,66.51
1818,Jimmy Holiday - 124281,Riley Ridley - 47933,64.21
1819,Jimmy Holiday - 124281,Quartney Davis - 39931,62.07
1820,Roc Taylor - 144283,Jonathan Adams - 61148,68.1
1821,Roc Taylor - 144283,Brenden Rice - 131692,64.63
1822,Roc Taylor - 144283,Austin Watkins - 84457,63.81
1823,Roc Taylor - 144283,Omar Bayless - 25522,61.64
1824,Roc Taylor - 144283,Racey McMath - 61401,58.76
1825,Brandon Inniss - 170255,KaRaun White - 47784,88.04
1826,Brandon Inniss - 170255,Michael Woods - 84117,84.61
1827,Brandon Inniss - 170255,Chris Lacy - 29726,79.17
1828,Brandon Inniss - 170255,Riley Ridley - 47933,70.99
1829,Brandon Inniss - 170255,Cornell Powell - 40689,70.47
1830,Kyrese Rowan - 100635,Jalen Brooks - 111284,83.27
1831,Kyrese Rowan - 100635,Riley Ridley - 47933,78.45
1832,Kyrese Rowan - 100635,Michael Woods - 84117,73.74
1833,Kyrese Rowan - 100635,Quartney Davis - 39931,68.42
1834,Kyrese Rowan - 100635,Cornell Powell - 40689,67.18
1835,Jonathan Brady - 156940,Trishton Jackson - 41247,80.89
1836,Jonathan Brady - 156940,Javon Baker - 123904,75.14
1837,Jonathan Brady - 156940,Isaiah Coulter - 55307,66.61
1838,Jonathan Brady - 156940,Antoine Green - 77985,63.61
1839,Jonathan Brady - 156940,Austin Mack - 28070,62.64
1840,Prince Strachan - 173451,Racey McMath - 61401,66.88
1841,Prince Strachan - 173451,Jonathan Adams - 61148,62.87
1842,Prince Strachan - 173451,Brandon Smith - 61327,59.37
1843,Prince Strachan - 173451,TJ Vasher - 42135,54.19
1844,Prince Strachan - 173451,Cornell Powell - 40689,49.77
1845,Skyler Bell - 145163,Stephen Guidry - 84308,58.38
1846,Skyler Bell - 145163,Tre Nixon - 40445,46.35
1847,Skyler Bell - 145163,Cornell Powell - 40689,38.95
1848,Skyler Bell - 145163,Jalen McMillan - 131905,37.22
1849,Skyler Bell - 145163,Davon Grayson - 38079,35.74
1850,QuaVez Humphreys - 170501,Jonathan Adams - 61148,86.08
1851,QuaVez Humphreys - 170501,Brenden Rice - 131692,80.76
1852,QuaVez Humphreys - 170501,Racey McMath - 61401,78.74
1853,QuaVez Humphreys - 170501,Antoine Green - 77985,75.53
1854,QuaVez Humphreys - 170501,Isaiah Coulter - 55307,74.04
1855,Hank Beatty - 158198,Racey McMath - 61401,60.51
1856,Hank Beatty - 158198,Brandon Smith - 61327,60.21
1857,Hank Beatty - 158198,Jonathan Adams - 61148,59.16
1858,Hank Beatty - 158198,Bennett Skowronek - 27948,50.74
1859,Hank Beatty - 158198,Erik Ezukanma - 78148,47.26
1860,Sean Brown - 111094,Austin Watkins - 84457,78.05
1861,Sean Brown - 111094,Tim Jones - 61669,72.87
1862,Sean Brown - 111094,JaLynn Polk - 123153,69.37
1863,Sean Brown - 111094,Terrace Marshall - 84271,66.86
1864,Sean Brown - 111094,Jonathan Adams - 61148,63.57
1865,Diante Vines - 129483,Quartney Davis - 39931,71.61
1866,Diante Vines - 129483,Cornell Powell - 40689,71.32
1867,Diante Vines - 129483,Stephen Guidry - 84308,71.05
1868,Diante Vines - 129483,Dillon Mitchell - 42338,59.47
1869,Diante Vines - 129483,Antoine Green - 77985,58.75
1870,Miles Coleman - 190604,Antoine Green - 77985,82.41
1871,Miles Coleman - 190604,Dillon Mitchell - 42338,74.61
1872,Miles Coleman - 190604,Isaiah Coulter - 55307,71.1
1873,Miles Coleman - 190604,Cornell Powell - 40689,67.26
1874,Miles Coleman - 190604,Trishton Jackson - 41247,66.74
1875,Terry Lockett - 129625,Quartney Davis - 39931,71.96
1876,Terry Lockett - 129625,Stephen Guidry - 84308,71.11
1877,Terry Lockett - 129625,Cornell Powell - 40689,69.67
1878,Terry Lockett - 129625,Davon Grayson - 38079,60.24
1879,Terry Lockett - 129625,Dillon Mitchell - 42338,57.96
1880,Keagan Johnson - 144848,Tyrie Cleveland - 42134,66.83
1881,Keagan Johnson - 144848,Cornelius Johnson - 97996,55.42
1882,Keagan Johnson - 144848,Brandon Smith - 61327,41.42
1883,Keagan Johnson - 144848,Stephen Guidry - 84308,40.57
1884,Keagan Johnson - 144848,Brennan Eagles - 78103,39.81
1885,Justin Robinson - 124036,Cornelius Johnson - 97996,58.26
1886,Justin Robinson - 124036,Racey McMath - 61401,56.43
1887,Justin Robinson - 124036,Jonathan Adams - 61148,54.53
1888,Justin Robinson - 124036,Brandon Smith - 61327,54.24
1889,Justin Robinson - 124036,Tyrie Cleveland - 42134,51.78
1890,Cameron Wright - 144289,Davon Grayson - 38079,60.83
1891,Cameron Wright - 144289,Stephen Guidry - 84308,47.7
1892,Cameron Wright - 144289,Quartney Davis - 39931,43.41
1893,Cameron Wright - 144289,TJ Vasher - 42135,38.24
1894,Cameron Wright - 144289,Cornell Powell - 40689,37.22
1895,Jacob Bernard - 97218,JhaQuan Jackson - 101135,77.31
1896,Jacob Bernard - 97218,Jamari Thrash - 97399,76.48
1897,Jacob Bernard - 97218,Trishton Jackson - 41247,62.12
1898,Jacob Bernard - 97218,Antoine Green - 77985,61.45
1899,Jacob Bernard - 97218,Dillon Mitchell - 42338,58.05
1900,Marlion Jackson - 162957,Michael Woods - 84117,81.1
1901,Marlion Jackson - 162957,Cornell Powell - 40689,80.48
1902,Marlion Jackson - 162957,Jalen Brooks - 111284,75.53
1903,Marlion Jackson - 162957,KaRaun White - 47784,75.25
1904,Marlion Jackson - 162957,Riley Ridley - 47933,69.15
1905,Donte Lee - 184692,Jalen McMillan - 131905,72.55
1906,Donte Lee - 184692,Cornell Powell - 40689,70.75
1907,Donte Lee - 184692,Antoine Green - 77985,70.42
1908,Donte Lee - 184692,Dillon Mitchell - 42338,70.3
1909,Donte Lee - 184692,Isaiah Coulter - 55307,59.28
1910,Oran Singleton - 145589,Tim Jones - 61669,78.68
1911,Oran Singleton - 145589,Isaiah Coulter - 55307,70.47
1912,Oran Singleton - 145589,JaLynn Polk - 123153,70.45
1913,Oran Singleton - 145589,Antoine Green - 77985,68.19
1914,Oran Singleton - 145589,Javon Baker - 123904,67.34
1915,Brock Rechsteiner - 150309,Dillon Mitchell - 42338,73.91
1916,Brock Rechsteiner - 150309,Tim Jones - 61669,73.55
1917,Brock Rechsteiner - 150309,Antoine Green - 77985,68.67
1918,Brock Rechsteiner - 150309,Jalen McMillan - 131905,65.83
1919,Brock Rechsteiner - 150309,Isaiah Coulter - 55307,62.85
1920,Anthony Sambucci - 130663,Cornell Powell - 40689,81.32
1921,Anthony Sambucci - 130663,Quartney Davis - 39931,73.48
1922,Anthony Sambucci - 130663,Jalen Brooks - 111284,72.93
1923,Anthony Sambucci - 130663,Antoine Green - 77985,72.44
1924,Anthony Sambucci - 130663,Riley Ridley - 47933,68.47
1925,Ayden Greene - 174784,Rico Bussey - 45380,69.75
1926,Ayden Greene - 174784,Jalen Brooks - 111284,63.5
1927,Ayden Greene - 174784,Riley Ridley - 47933,55.68
1928,Ayden Greene - 174784,Quartney Davis - 39931,55.08
1929,Ayden Greene - 174784,Tre Nixon - 40445,54.53
1930,Yamir Knight - 172250,JhaQuan Jackson - 101135,72.84
1931,Yamir Knight - 172250,Jamari Thrash - 97399,68.3
1932,Yamir Knight - 172250,Chris Finke - 33014,63.46
1933,Yamir Knight - 172250,Jalen Nailor - 84292,61.72
1934,Yamir Knight - 172250,Kermit Whitfield - 12177,61.38
1935,Dalton Carnes - 173042,Cornell Powell - 40689,84.92
1936,Dalton Carnes - 173042,Quartney Davis - 39931,83.39
1937,Dalton Carnes - 173042,Jalen Brooks - 111284,83.11
1938,Dalton Carnes - 173042,Michael Woods - 84117,76.32
1939,Dalton Carnes - 173042,Riley Ridley - 47933,73.83
1940,Dane Pardridge - 158042,Tyrie Cleveland - 42134,56.48
1941,Dane Pardridge - 158042,Cornelius Johnson - 97996,55.07
1942,Dane Pardridge - 158042,Cornell Powell - 40689,43.45
1943,Dane Pardridge - 158042,Stephen Guidry - 84308,42.86
1944,Dane Pardridge - 158042,Jester Weah - 48162,42.27
1945,Tailique Williams - 123867,JMon Moore - 48316,85.81
1946,Tailique Williams - 123867,KaRaun White - 47784,69.13
1947,Tailique Williams - 123867,Michael Woods - 84117,63.05
1948,Tailique Williams - 123867,Jaleel Scott - 48097,58.6
1949,Tailique Williams - 123867,Cornell Powell - 40689,58.09
1950,Trey Goodman - 149142,Tyrie Cleveland - 42134,62.72
1951,Trey Goodman - 149142,Cornelius Johnson - 97996,51.92
1952,Trey Goodman - 149142,Stephen Guidry - 84308,43.64
1953,Trey Goodman - 149142,Jester Weah - 48162,37.6
1954,Trey Goodman - 149142,Cornell Powell - 40689,35.71
1955,Marcus Bellon - 104082,Jalen McMillan - 131905,68.28
1956,Marcus Bellon - 104082,Jalen Nailor - 84292,67.66
1957,Marcus Bellon - 104082,Rico Bussey - 45380,65.88
1958,Marcus Bellon - 104082,Dillon Mitchell - 42338,60.75
1959,Marcus Bellon - 104082,Antoine Green - 77985,56.68
1960,Noah Smith - 104112,Jalen Nailor - 84292,77.17
1961,Noah Smith - 104112,JhaQuan Jackson - 101135,71.65
1962,Noah Smith - 104112,Jamari Thrash - 97399,71.57
1963,Noah Smith - 104112,Chris Finke - 33014,70.53
1964,Noah Smith - 104112,Rico Bussey - 45380,60.13
1965,Treyshun Hurry - 159085,Jalen McMillan - 131905,77.35
1966,Treyshun Hurry - 159085,Dillon Mitchell - 42338,69.59
1967,Treyshun Hurry - 159085,Antoine Green - 77985,65.54
1968,Treyshun Hurry - 159085,Tim Jones - 61669,60.46
1969,Treyshun Hurry - 159085,Cornell Powell - 40689,57.25
1970,Cole Turner - 156239,Tyrie Cleveland - 42134,63.07
1971,Cole Turner - 156239,Cornelius Johnson - 97996,56.76
1972,Cole Turner - 156239,Brandon Smith - 61327,44.1
1973,Cole Turner - 156239,Racey McMath - 61401,39.24
1974,Cole Turner - 156239,Jonathan Adams - 61148,38.69
1975,Spencer Curtis - 63709,Stephen Guidry - 84308,55.49
1976,Spencer Curtis - 63709,Jalen Brooks - 111284,53.3
1977,Spencer Curtis - 63709,Quartney Davis - 39931,52.39
1978,Spencer Curtis - 63709,Cornell Powell - 40689,51.72
1979,Spencer Curtis - 63709,Rico Bussey - 45380,50.56
1980,Jay Etheridge - 184073,Davon Grayson - 38079,56.13
1981,Jay Etheridge - 184073,Stephen Guidry - 84308,46.67
1982,Jay Etheridge - 184073,Quartney Davis - 39931,46.31
1983,Jay Etheridge - 184073,Cornell Powell - 40689,42.7
1984,Jay Etheridge - 184073,TJ Vasher - 42135,34.36
1985,Senika McKie - 158142,Cornell Powell - 40689,54.29
1986,Senika McKie - 158142,Quartney Davis - 39931,51.59
1987,Senika McKie - 158142,Stephen Guidry - 84308,48.96
1988,Senika McKie - 158142,Davon Grayson - 38079,48.85
1989,Senika McKie - 158142,Jonathan Adams - 61148,47.17
1990,Trell Harris - 163133,Tyrie Cleveland - 42134,56.12
1991,Trell Harris - 163133,Cornelius Johnson - 97996,54.8
1992,Trell Harris - 163133,Jester Weah - 48162,44.47
1993,Trell Harris - 163133,Stephen Guidry - 84308,42.64
1994,Trell Harris - 163133,Cornell Powell - 40689,42.63
1995,Damon Ward - 100880,Dillon Mitchell - 42338,64.02
1996,Damon Ward - 100880,Cornell Powell - 40689,61.28
1997,Damon Ward - 100880,Antoine Green - 77985,59.52
1998,Damon Ward - 100880,Quartney Davis - 39931,54.94
1999,Damon Ward - 100880,Isaiah Coulter - 55307,54.02
2000,Armani Winfield - 158574,Jalen Brooks - 111284,80.32
2001,Armani Winfield - 158574,Cornell Powell - 40689,66.67
2002,Armani Winfield - 158574,Michael Woods - 84117,63.48
2003,Armani Winfield - 158574,Quartney Davis - 39931,60.45
2004,Armani Winfield - 158574,Stephen Guidry - 84308,57.79
2005,JJ Jones - 143965,Jalen Brooks - 111284,69.2
2006,JJ Jones - 143965,Riley Ridley - 47933,60.24
2007,JJ Jones - 143965,Quartney Davis - 39931,59.3
2008,JJ Jones - 143965,Stephen Guidry - 84308,58.86
2009,JJ Jones - 143965,Cornell Powell - 40689,58.41
2010,Chris Parker - 145725,Davon Grayson - 38079,73.77
2011,Chris Parker - 145725,Stephen Guidry - 84308,58.89
2012,Chris Parker - 145725,Quartney Davis - 39931,45.35
2013,Chris Parker - 145725,Cornell Powell - 40689,39.6
2014,Chris Parker - 145725,TJ Vasher - 42135,31.46
2015,Marcus Sanders - 158361,Davon Grayson - 38079,76.95
2016,Marcus Sanders - 158361,Stephen Guidry - 84308,56.21
2017,Marcus Sanders - 158361,Quartney Davis - 39931,32.66
2018,Marcus Sanders - 158361,Tyrie Cleveland - 42134,26.76
2019,Marcus Sanders - 158361,Cornell Powell - 40689,24.81
2020,Harvey Broussard - 176337,Cornell Powell - 40689,78.84
2021,Harvey Broussard - 176337,Quartney Davis - 39931,73.31
2022,Harvey Broussard - 176337,Stephen Guidry - 84308,58.78
2023,Harvey Broussard - 176337,Jalen Brooks - 111284,51.79
2024,Harvey Broussard - 176337,Racey McMath - 61401,51.16
2025,Jacob Gill - 145036,Jalen Brooks - 111284,68.03
2026,Jacob Gill - 145036,Cornell Powell - 40689,67.14
2027,Jacob Gill - 145036,Michael Woods - 84117,66.5
2028,Jacob Gill - 145036,KaRaun White - 47784,65.09
2029,Jacob Gill - 145036,Chris Lacy - 29726,61.8
2030,Nathan Kent - 162558,Tyrie Cleveland - 42134,57.71
2031,Nathan Kent - 162558,Cornelius Johnson - 97996,50.53
2032,Nathan Kent - 162558,Stephen Guidry - 84308,45.17
2033,Nathan Kent - 162558,Cornell Powell - 40689,37.88
2034,Nathan Kent - 162558,Brandon Smith - 61327,36.82
2035,Troy Stellato - 144139,Tre Nixon - 40445,69.94
2036,Troy Stellato - 144139,Dres Anderson - 9690,62.37
2037,Troy Stellato - 144139,Quadree Henderson - 48008,51.82
2038,Troy Stellato - 144139,Deon Long - 10102,49.96
2039,Troy Stellato - 144139,Mario Alford - 9671,39.85
2040,Landon Sides - 173213,Cornell Powell - 40689,82.14
2041,Landon Sides - 173213,KaRaun White - 47784,79.62
2042,Landon Sides - 173213,Michael Woods - 84117,71.52
2043,Landon Sides - 173213,Jalen Brooks - 111284,67.15
2044,Landon Sides - 173213,Quartney Davis - 39931,65.3
2045,Sebastian Macaluso - 70536,Tre Nixon - 40445,71.91
2046,Sebastian Macaluso - 70536,Dres Anderson - 9690,57.2
2047,Sebastian Macaluso - 70536,Deon Long - 10102,53.1
2048,Sebastian Macaluso - 70536,Rico Bussey - 45380,48.98
2049,Sebastian Macaluso - 70536,DeAndrew White - 9697,45.57
2050,Kobie Campbell - 129841,Cornell Powell - 40689,70.77
2051,Kobie Campbell - 129841,Quartney Davis - 39931,68.84
2052,Kobie Campbell - 129841,Stephen Guidry - 84308,56.45
2053,Kobie Campbell - 129841,Davon Grayson - 38079,48.56
2054,Kobie Campbell - 129841,Darrell Stewart - 27299,44.14
2055,Darrius Clemons - 158532,Davon Grayson - 38079,54.95
2056,Darrius Clemons - 158532,Stephen Guidry - 84308,53.5
2057,Darrius Clemons - 158532,Quartney Davis - 39931,52.28
2058,Darrius Clemons - 158532,Cornell Powell - 40689,51.9
2059,Darrius Clemons - 158532,TJ Vasher - 42135,33.23
2060,Tastean Reddicks - 173734,Jalen Brooks - 111284,82.44
2061,Tastean Reddicks - 173734,Cornell Powell - 40689,67.88
2062,Tastean Reddicks - 173734,Quartney Davis - 39931,67.64
2063,Tastean Reddicks - 173734,Riley Ridley - 47933,59.54
2064,Tastean Reddicks - 173734,Michael Woods - 84117,59.21
2065,AbdurRahmaan Yaseen - 129838,Jalen McMillan - 131905,60.43
2066,AbdurRahmaan Yaseen - 129838,Cornell Powell - 40689,57.48
2067,AbdurRahmaan Yaseen - 129838,Jalen Brooks - 111284,53.31
2068,AbdurRahmaan Yaseen - 129838,Antoine Green - 77985,50.86
2069,AbdurRahmaan Yaseen - 129838,Dillon Mitchell - 42338,50.42
2070,Jhari Patterson - 151053,Rico Bussey - 45380,63.32
2071,Jhari Patterson - 151053,Quartney Davis - 39931,57.95
2072,Jhari Patterson - 151053,Jalen Brooks - 111284,55.92
2073,Jhari Patterson - 151053,Cornell Powell - 40689,52.89
2074,Jhari Patterson - 151053,Ihmir SmithMarsette - 61324,46.54
2075,Landon Parker - 88746,Cornell Powell - 40689,68.94
2076,Landon Parker - 88746,Quartney Davis - 39931,67.34
2077,Landon Parker - 88746,Stephen Guidry - 84308,64.84
2078,Landon Parker - 88746,Davon Grayson - 38079,51.59
2079,Landon Parker - 88746,Jalen Brooks - 111284,48.88
2080,Peyton Higgins - 147247,Cornell Powell - 40689,85.13
2081,Peyton Higgins - 147247,Antoine Green - 77985,63.51
2082,Peyton Higgins - 147247,Quartney Davis - 39931,62.23
2083,Peyton Higgins - 147247,Isaiah Coulter - 55307,58.36
2084,Peyton Higgins - 147247,JMon Moore - 48316,57.51
2085,Elijah Canion - 123978,Tyrie Cleveland - 42134,43.34
2086,Elijah Canion - 123978,Stephen Guidry - 84308,42.08
2087,Elijah Canion - 123978,Cornell Powell - 40689,41.87
2088,Elijah Canion - 123978,Cornelius Johnson - 97996,40.0
2089,Elijah Canion - 123978,Quartney Davis - 39931,29.31
2090,Antonio Jones - 167083,Dres Anderson - 9690,50.1
2091,Antonio Jones - 167083,Quadree Henderson - 48008,46.08
2092,Antonio Jones - 167083,Tre Nixon - 40445,45.77
2093,Antonio Jones - 167083,Deon Long - 10102,44.14
2094,Antonio Jones - 167083,Christion Jones - 9816,27.21
